policy,seed,rounds,S,k,top_gap_lambda,transition_dominance,context_noise_level,transition_variant,trust_scale_mult,gate_scale_mult,gate_mode,beta_gate_concentration,trust_floor,trust_cap,support_mask_enabled,avg_reward,cum_reward,oracle_cum_reward,reward_pct_oracle,cum_regret,top1_agreement,top2_agreement,transition_l1_error,off_support_leakage,runtime_seconds,policy_label,experiment_id
exp4,20261395,100,8,2,0.0,0.45,0.0,dense,1.0,1.0,deterministic,20.0,0.1,0.95,False,8640.834737622827,864083.4737622826,852866.9736082355,101.31515236269418,-11216.500154047157,0.74,0.91,0.1812330326860417,0.0461055015691829,0.4921096250000003,exp4_dense,context_noise_refinement
exp4,20261396,100,8,2,0.0,0.45,0.0,dense,1.0,1.0,deterministic,20.0,0.1,0.95,False,9484.333075016966,948433.3075016966,1125629.5782190743,84.25802998196525,177196.27071737766,0.56,0.86,0.1779035219625252,0.039881235233846,0.5014163329999999,exp4_dense,context_noise_refinement
exp4,20261397,100,8,2,0.0,0.45,0.0,dense,1.0,1.0,deterministic,20.0,0.1,0.95,False,11699.351276272,1169935.1276272,1544028.2784342917,75.77161273325657,374093.1508070917,0.57,0.82,0.1892016212367956,0.0478349766270756,0.4887702090000019,exp4_dense,context_noise_refinement
exp4,20261398,100,8,2,0.0,0.45,0.0,dense,1.0,1.0,deterministic,20.0,0.1,0.95,False,4313.322808803928,431332.28088039276,631329.1306407806,68.3213018291431,199996.8497603878,0.35,0.59,0.19081411427022113,0.05886410779040253,0.4578707089999998,exp4_dense,context_noise_refinement
exp4,20261399,100,8,2,0.0,0.45,0.0,dense,1.0,1.0,deterministic,20.0,0.1,0.95,False,8621.836732640175,862183.6732640176,841204.7899891206,102.4939091556015,-20978.883274897,0.73,0.89,0.18314762338694543,0.06269793723092552,0.45808991600000004,exp4_dense,context_noise_refinement
exp4,20261400,100,8,2,0.0,0.45,0.0,dense,1.0,1.0,deterministic,20.0,0.1,0.95,False,6449.910149085077,644991.0149085077,699301.3994432276,92.23362278726155,54310.384534719866,0.67,0.84,0.177186716099113,0.052324814134263965,0.46736566600000007,exp4_dense,context_noise_refinement
exp4,20261401,100,8,2,0.0,0.45,0.0,dense,1.0,1.0,deterministic,20.0,0.1,0.95,False,10294.515089435305,1029451.5089435304,1294400.127628036,79.5311655932838,264948.6186845057,0.6,0.85,0.18567734119004653,0.04013852769545151,0.4543507499999997,exp4_dense,context_noise_refinement
exp4,20261402,100,8,2,0.0,0.45,0.0,dense,1.0,1.0,deterministic,20.0,0.1,0.95,False,8113.6397306516255,811363.9730651625,875377.65006013,92.68730735922144,64013.67699496751,0.63,0.77,0.18462805881260702,0.06262692437270788,0.463261417,exp4_dense,context_noise_refinement
exp4,20261403,100,8,2,0.0,0.45,0.0,dense,1.0,1.0,deterministic,20.0,0.1,0.95,False,11840.934926163296,1184093.4926163296,1270763.6704078156,93.17967771586737,86670.17779148603,0.68,0.82,0.1996314863763898,0.05017565077085972,0.46047054200000037,exp4_dense,context_noise_refinement
exp4,20261404,100,8,2,0.0,0.45,0.0,dense,1.0,1.0,deterministic,20.0,0.1,0.95,False,6239.455412103844,623945.5412103843,776262.5932452896,80.37815381543511,152317.0520349053,0.51,0.71,0.19728218980245274,0.062449612455295817,0.4575885419999999,exp4_dense,context_noise_refinement
global_ucb_tw,20262374,100,8,2,0.0,0.45,0.0,dense,1.0,1.0,deterministic,20.0,0.1,0.95,False,7226.362204988158,722636.2204988158,792590.9977054279,91.17391221839094,69954.77720661217,0.65,0.85,0.1731922467380409,0.0454507911386393,0.4916122090000003,global_ucb_tw_dense,context_noise_refinement
global_ucb_tw,20262375,100,8,2,0.0,0.45,0.0,dense,1.0,1.0,deterministic,20.0,0.1,0.95,False,8447.686615869408,844768.6615869409,1199169.9727898578,70.44611529269653,354401.3112029169,0.54,0.77,0.1709157320020065,0.039852327057312,0.4892936670000001,global_ucb_tw_dense,context_noise_refinement
global_ucb_tw,20262376,100,8,2,0.0,0.45,0.0,dense,1.0,1.0,deterministic,20.0,0.1,0.95,False,15580.136736160854,1558013.6736160854,1871862.7293438856,83.23332951675314,313849.0557278001,0.78,0.82,0.2009412819552952,0.0454760976288184,0.4857074170000004,global_ucb_tw_dense,context_noise_refinement
global_ucb_tw,20262377,100,8,2,0.0,0.45,0.0,dense,1.0,1.0,deterministic,20.0,0.1,0.95,False,3988.7594788681054,398875.9478868105,698275.1917598393,57.123030088114255,299399.2438730288,0.28,0.7,0.18114910905786846,0.039968437887127804,0.4646068750000003,global_ucb_tw_dense,context_noise_refinement
global_ucb_tw,20262378,100,8,2,0.0,0.45,0.0,dense,1.0,1.0,deterministic,20.0,0.1,0.95,False,1682.203316773085,168220.33167730848,768259.5037626534,21.896290361971047,600039.172085345,0.12,0.52,0.1772397894203979,0.03604700495887511,0.46566300000000016,global_ucb_tw_dense,context_noise_refinement
global_ucb_tw,20262379,100,8,2,0.0,0.45,0.0,dense,1.0,1.0,deterministic,20.0,0.1,0.95,False,5319.593342723561,531959.3342723561,691239.8303132621,76.95727458750144,159280.49604090594,0.41,0.78,0.1823235662679682,0.03872144896611812,0.466132333,global_ucb_tw_dense,context_noise_refinement
global_ucb_tw,20262380,100,8,2,0.0,0.45,0.0,dense,1.0,1.0,deterministic,20.0,0.1,0.95,False,9629.676009323466,962967.6009323467,1255748.1015370963,76.68477457808837,292780.50060474966,0.51,0.73,0.20484337422531762,0.0363825912303256,0.47331433299999937,global_ucb_tw_dense,context_noise_refinement
global_ucb_tw,20262381,100,8,2,0.0,0.45,0.0,dense,1.0,1.0,deterministic,20.0,0.1,0.95,False,7722.731853571413,772273.1853571413,880900.551802695,87.66860047672168,108627.36644555372,0.49,0.65,0.1780155000495517,0.0378471095493799,0.4740855410000009,global_ucb_tw_dense,context_noise_refinement
global_ucb_tw,20262382,100,8,2,0.0,0.45,0.0,dense,1.0,1.0,deterministic,20.0,0.1,0.95,False,9994.968018598222,999496.8018598221,1128836.620283241,88.54220211327255,129339.8184234188,0.6,0.79,0.17981394772032808,0.04635163841391951,0.48156320800000074,global_ucb_tw_dense,context_noise_refinement
global_ucb_tw,20262383,100,8,2,0.0,0.45,0.0,dense,1.0,1.0,deterministic,20.0,0.1,0.95,False,4464.7533667637545,446475.3366763754,758628.0161745428,58.85299872363951,312152.6794981674,0.45,0.74,0.17684841252638991,0.03875984509226832,0.481391833,global_ucb_tw_dense,context_noise_refinement
local_ucb_tw,20262272,100,8,2,0.0,0.45,0.0,dense,1.0,1.0,deterministic,20.0,0.1,0.95,False,7220.054138112777,722005.4138112777,879272.4944671784,82.11395424677747,157267.08065590065,0.62,0.86,0.1801451840287417,0.0404297224142445,0.4894546670000004,local_ucb_tw_dense,context_noise_refinement
local_ucb_tw,20262273,100,8,2,0.0,0.45,0.0,dense,1.0,1.0,deterministic,20.0,0.1,0.95,False,8102.073449030773,810207.3449030773,1128763.5458798383,71.77830537320766,318556.20097676094,0.57,0.82,0.1653173803899757,0.0382722428495061,0.4942224160000013,local_ucb_tw_dense,context_noise_refinement
local_ucb_tw,20262274,100,8,2,0.0,0.45,0.0,dense,1.0,1.0,deterministic,20.0,0.1,0.95,False,14143.869802750662,1414386.980275066,1669143.0776465975,84.73731217034289,254756.09737153145,0.64,0.86,0.1906630829279603,0.0451397006660129,0.4855826660000026,local_ucb_tw_dense,context_noise_refinement
local_ucb_tw,20262275,100,8,2,0.0,0.45,0.0,dense,1.0,1.0,deterministic,20.0,0.1,0.95,False,5184.658162705792,518465.8162705792,703466.0045074912,73.70161641763572,185000.18823691207,0.39,0.75,0.2003932369560054,0.034216569532087925,0.5014770829999993,local_ucb_tw_dense,context_noise_refinement
local_ucb_tw,20262276,100,8,2,0.0,0.45,0.0,dense,1.0,1.0,deterministic,20.0,0.1,0.95,False,8519.051513295037,851905.1513295037,953798.6654854772,89.31708358974163,101893.51415597345,0.74,0.82,0.1725460953836669,0.04440836950727924,0.5001376249999989,local_ucb_tw_dense,context_noise_refinement
local_ucb_tw,20262277,100,8,2,0.0,0.45,0.0,dense,1.0,1.0,deterministic,20.0,0.1,0.95,False,5521.53668916235,552153.668916235,642542.5433069598,85.93262417683312,90388.87439072481,0.48,0.78,0.1751520001717883,0.03834960515538507,0.4785055420000006,local_ucb_tw_dense,context_noise_refinement
local_ucb_tw,20262278,100,8,2,0.0,0.45,0.0,dense,1.0,1.0,deterministic,20.0,0.1,0.95,False,10412.021048748926,1041202.1048748926,1213675.1876418786,85.78918935451799,172473.082766986,0.54,0.77,0.17717239861866904,0.034905167486864806,0.46821283299999905,local_ucb_tw_dense,context_noise_refinement
local_ucb_tw,20262279,100,8,2,0.0,0.45,0.0,dense,1.0,1.0,deterministic,20.0,0.1,0.95,False,7448.0117762963555,744801.1776296356,863921.7321864993,86.2116497225528,119120.55455686373,0.56,0.65,0.1914726546395773,0.04012253486603824,0.4622192080000005,local_ucb_tw_dense,context_noise_refinement
local_ucb_tw,20262280,100,8,2,0.0,0.45,0.0,dense,1.0,1.0,deterministic,20.0,0.1,0.95,False,11506.375360090808,1150637.5360090807,1260500.1656220763,91.28420347657973,109862.62961299554,0.76,0.92,0.17407658308823148,0.04046320984008685,0.45412754200000016,local_ucb_tw_dense,context_noise_refinement
local_ucb_tw,20262281,100,8,2,0.0,0.45,0.0,dense,1.0,1.0,deterministic,20.0,0.1,0.95,False,6383.488214985126,638348.8214985126,726684.3829931547,87.84402643541135,88335.56149464205,0.55,0.78,0.1854154649648845,0.03710029429226976,0.4520536669999995,local_ucb_tw_dense,context_noise_refinement
oracle,20261640,100,8,2,0.0,0.45,0.0,dense,1.0,1.0,deterministic,20.0,0.1,0.95,False,8687.07870275047,868707.870275047,868707.870275047,100.0,0.0,1.0,1.0,0.1665958268145577,0.0432833948077117,0.0207162090000001,oracle,context_noise_refinement
oracle,20261641,100,8,2,0.0,0.45,0.0,dense,1.0,1.0,deterministic,20.0,0.1,0.95,False,12542.22399023494,1254222.399023494,1254222.399023494,100.0,0.0,1.0,1.0,0.1874095896953178,0.0436956106171338,0.0200628749999989,oracle,context_noise_refinement
oracle,20261642,100,8,2,0.0,0.45,0.0,dense,1.0,1.0,deterministic,20.0,0.1,0.95,False,18236.992667907933,1823699.2667907933,1823699.2667907933,100.0,0.0,1.0,1.0,0.1904004521586376,0.0499386630014769,0.0196585830000017,oracle,context_noise_refinement
oracle,20261643,100,8,2,0.0,0.45,0.0,dense,1.0,1.0,deterministic,20.0,0.1,0.95,False,7338.595909131484,733859.5909131485,733859.5909131485,100.0,0.0,1.0,1.0,0.17785710444037298,0.04240266197619869,0.01881820800000078,oracle,context_noise_refinement
oracle,20261644,100,8,2,0.0,0.45,0.0,dense,1.0,1.0,deterministic,20.0,0.1,0.95,False,8980.730418725325,898073.0418725325,898073.0418725325,100.0,0.0,1.0,1.0,0.18565098032556776,0.04776279447342264,0.01865483400000123,oracle,context_noise_refinement
oracle,20261645,100,8,2,0.0,0.45,0.0,dense,1.0,1.0,deterministic,20.0,0.1,0.95,False,7252.910238833122,725291.0238833122,725291.0238833122,100.0,0.0,1.0,1.0,0.18629297041760887,0.03909952648207624,0.019063125000000625,oracle,context_noise_refinement
oracle,20261646,100,8,2,0.0,0.45,0.0,dense,1.0,1.0,deterministic,20.0,0.1,0.95,False,13059.154376995644,1305915.4376995645,1305915.4376995645,100.0,0.0,1.0,1.0,0.17194530930181176,0.03991592320851118,0.019712458000000765,oracle,context_noise_refinement
oracle,20261647,100,8,2,0.0,0.45,0.0,dense,1.0,1.0,deterministic,20.0,0.1,0.95,False,8970.98828261745,897098.828261745,897098.828261745,99.99999999999999,0.0,1.0,1.0,0.17460591487085078,0.045779764693382886,0.01934133299999985,oracle,context_noise_refinement
oracle,20261648,100,8,2,0.0,0.45,0.0,dense,1.0,1.0,deterministic,20.0,0.1,0.95,False,12144.251848952223,1214425.1848952223,1214425.1848952223,100.0,0.0,1.0,1.0,0.18074622760279074,0.04403232701090059,0.019320916999999938,oracle,context_noise_refinement
oracle,20261649,100,8,2,0.0,0.45,0.0,dense,1.0,1.0,deterministic,20.0,0.1,0.95,False,7811.232434140904,781123.2434140904,781123.2434140904,100.00000000000001,0.0,1.0,1.0,0.17611202148807756,0.03866022577238258,0.018948292000001032,oracle,context_noise_refinement
state_thompson,20262538,100,8,2,0.0,0.45,0.0,dense,1.0,1.0,deterministic,20.0,0.1,0.95,False,7021.295063870441,702129.5063870441,790746.1721407472,88.79328552248369,88616.6657537031,0.58,0.82,0.1763725232161364,0.045523784288736,0.0224620419999999,state_thompson,context_noise_refinement
state_thompson,20262539,100,8,2,0.0,0.45,0.0,dense,1.0,1.0,deterministic,20.0,0.1,0.95,False,10209.08165777861,1020908.165777861,1127242.36694839,90.56687325739972,106334.20117052888,0.58,0.79,0.1691263313888304,0.0464908465278407,0.0218348749999997,state_thompson,context_noise_refinement
state_thompson,20262540,100,8,2,0.0,0.45,0.0,dense,1.0,1.0,deterministic,20.0,0.1,0.95,False,14928.892360649435,1492889.2360649435,1688338.1144581642,88.42359378613294,195448.87839322072,0.67,0.69,0.181599320519847,0.0493017601885821,0.0218772499999992,state_thompson,context_noise_refinement
state_thompson,20262541,100,8,2,0.0,0.45,0.0,dense,1.0,1.0,deterministic,20.0,0.1,0.95,False,4852.943080246477,485294.30802464765,637315.0831085372,76.14668487957316,152020.7750838896,0.4,0.69,0.18258289807295508,0.04305412146613146,0.02173925000000132,state_thompson,context_noise_refinement
state_thompson,20262542,100,8,2,0.0,0.45,0.0,dense,1.0,1.0,deterministic,20.0,0.1,0.95,False,5346.178006718961,534617.8006718961,700488.6305983136,76.32069634238874,165870.82992641756,0.52,0.74,0.18707066456341498,0.045661161334038365,0.021168333999998623,state_thompson,context_noise_refinement
state_thompson,20262543,100,8,2,0.0,0.45,0.0,dense,1.0,1.0,deterministic,20.0,0.1,0.95,False,3872.859280891987,387285.9280891987,568244.1502588221,68.15484645337727,180958.22216962342,0.25,0.48,0.20037051744445544,0.047406185944682704,0.020768792000000147,state_thompson,context_noise_refinement
state_thompson,20262544,100,8,2,0.0,0.45,0.0,dense,1.0,1.0,deterministic,20.0,0.1,0.95,False,9766.223807355947,976622.3807355947,1196559.9047502351,81.61917985539141,219937.52401464048,0.47,0.81,0.18366054692943312,0.04071247426683512,0.02068887500000116,state_thompson,context_noise_refinement
state_thompson,20262545,100,8,2,0.0,0.45,0.0,dense,1.0,1.0,deterministic,20.0,0.1,0.95,False,4313.709388906108,431370.9388906108,652218.9607676645,66.13897553405766,220848.02187705366,0.31,0.57,0.16971859988256363,0.04182992886254726,0.0211869999999994,state_thompson,context_noise_refinement
state_thompson,20262546,100,8,2,0.0,0.45,0.0,dense,1.0,1.0,deterministic,20.0,0.1,0.95,False,6427.117323977719,642711.7323977719,1118507.3570742665,57.46155609373405,475795.6246764946,0.39,0.63,0.1747490127337907,0.04361252796460339,0.021923415999999918,state_thompson,context_noise_refinement
state_thompson,20262547,100,8,2,0.0,0.45,0.0,dense,1.0,1.0,deterministic,20.0,0.1,0.95,False,3868.4948128846077,386849.4812884608,685266.0731199168,56.452449123475695,298416.59183145605,0.26,0.43,0.1698976709551697,0.03925799356032406,0.02182929199999961,state_thompson,context_noise_refinement
tm_tw,20261565,100,8,2,0.0,0.45,0.0,dense,1.0,1.0,deterministic,20.0,0.1,0.95,False,6841.625439656392,684162.5439656392,856621.4761111735,79.86754512291117,172458.93214553432,0.59,0.8,0.1779421390568811,0.0387029941434975,0.4946090000000005,tm_tw_dense,context_noise_refinement
tm_tw,20261566,100,8,2,0.0,0.45,0.0,dense,1.0,1.0,deterministic,20.0,0.1,0.95,False,10882.19859807605,1088219.859807605,1215956.3371909584,89.49497827541703,127736.47738335351,0.7,0.84,0.1876959414096677,0.0396073260453518,0.4856306249999988,tm_tw_dense,context_noise_refinement
tm_tw,20261567,100,8,2,0.0,0.45,0.0,dense,1.0,1.0,deterministic,20.0,0.1,0.95,False,13325.523055713393,1332552.305571339,1667946.5512830543,79.89178697280701,335394.2457117154,0.64,0.81,0.1829186964902313,0.0328346089167624,0.4705662920000009,tm_tw_dense,context_noise_refinement
tm_tw,20261568,100,8,2,0.0,0.45,0.0,dense,1.0,1.0,deterministic,20.0,0.1,0.95,False,5596.39841581177,559639.841581177,701602.9615764074,79.76588928925578,141963.11999523046,0.47,0.78,0.1856677726343609,0.034810353310359345,0.46498174999999975,tm_tw_dense,context_noise_refinement
tm_tw,20261569,100,8,2,0.0,0.45,0.0,dense,1.0,1.0,deterministic,20.0,0.1,0.95,False,8500.821802502991,850082.1802502992,911679.8473738895,93.24349799976126,61597.66712359036,0.77,0.87,0.19031843335792437,0.045237450400202786,0.4585897499999998,tm_tw_dense,context_noise_refinement
tm_tw,20261570,100,8,2,0.0,0.45,0.0,dense,1.0,1.0,deterministic,20.0,0.1,0.95,False,5601.9396260992435,560193.9626099244,693895.7294588633,80.7317207510116,133701.7668489389,0.52,0.72,0.18877642287478671,0.043938600410316726,0.4699837080000009,tm_tw_dense,context_noise_refinement
tm_tw,20261571,100,8,2,0.0,0.45,0.0,dense,1.0,1.0,deterministic,20.0,0.1,0.95,False,10276.640651872265,1027664.0651872265,1213630.4434301627,84.67685288799058,185966.37824293622,0.52,0.73,0.18871690101031718,0.04567953086143177,0.46229354200000117,tm_tw_dense,context_noise_refinement
tm_tw,20261572,100,8,2,0.0,0.45,0.0,dense,1.0,1.0,deterministic,20.0,0.1,0.95,False,6603.449218660488,660344.9218660488,787506.0433972734,83.85267991307647,127161.12153122458,0.45,0.63,0.19297531161366513,0.0411007044984269,0.47443020800000113,tm_tw_dense,context_noise_refinement
tm_tw,20261573,100,8,2,0.0,0.45,0.0,dense,1.0,1.0,deterministic,20.0,0.1,0.95,False,10417.601865190212,1041760.1865190213,1180029.4903235193,88.28255522948076,138269.30380449805,0.69,0.81,0.17957803210523363,0.046213351560363165,0.4749408329999998,tm_tw_dense,context_noise_refinement
tm_tw,20261574,100,8,2,0.0,0.45,0.0,dense,1.0,1.0,deterministic,20.0,0.1,0.95,False,3919.697692583361,391969.7692583361,654971.7078008285,59.84529783346473,263001.9385424924,0.27,0.65,0.16558343252796728,0.037826936134363415,0.46162120799999684,tm_tw_dense,context_noise_refinement
tm_tw,20262389,100,8,2,0.0,0.45,0.0,gated_offline,1.0,1.0,deterministic,20.0,0.1,0.95,False,7109.700137805964,710970.0137805964,879488.8419652242,80.83900327739562,168518.8281846278,0.63,0.82,0.1242766750792295,0.0268727597163684,0.5293404169999993,tm_tw_gated_offline,context_noise_refinement
tm_tw,20262390,100,8,2,0.0,0.45,0.0,gated_offline,1.0,1.0,deterministic,20.0,0.1,0.95,False,7679.886378256345,767988.6378256344,1054253.5601714037,72.84667245522724,286264.92234576924,0.4,0.67,0.1116704138410986,0.0260434545492921,0.4768912920000012,tm_tw_gated_offline,context_noise_refinement
tm_tw,20262391,100,8,2,0.0,0.45,0.0,gated_offline,1.0,1.0,deterministic,20.0,0.1,0.95,False,3955.3258849758554,395532.58849758544,1441816.8617253266,27.43292848054765,1046284.2732277412,0.16,0.42,0.0974440122222047,0.027380546455334,0.4877370000000027,tm_tw_gated_offline,context_noise_refinement
tm_tw,20262392,100,8,2,0.0,0.45,0.0,gated_offline,1.0,1.0,deterministic,20.0,0.1,0.95,False,4020.141463381696,402014.14633816964,752339.7889469466,53.43518344295875,350325.642608777,0.34,0.75,0.11219101543574361,0.027270172974076804,0.47553087500000046,tm_tw_gated_offline,context_noise_refinement
tm_tw,20262393,100,8,2,0.0,0.45,0.0,gated_offline,1.0,1.0,deterministic,20.0,0.1,0.95,False,8653.816323427973,865381.6323427972,973209.2529967363,88.92040737159938,107827.62065393908,0.71,0.82,0.0942648867484397,0.026645716627455972,0.4655632919999988,tm_tw_gated_offline,context_noise_refinement
tm_tw,20262394,100,8,2,0.0,0.45,0.0,gated_offline,1.0,1.0,deterministic,20.0,0.1,0.95,False,4926.077845554306,492607.7845554306,654369.8181474484,75.27972270329128,161762.03359201777,0.46,0.72,0.10490974615182894,0.025039531103766166,0.4715881660000001,tm_tw_gated_offline,context_noise_refinement
tm_tw,20262395,100,8,2,0.0,0.45,0.0,gated_offline,1.0,1.0,deterministic,20.0,0.1,0.95,False,10023.648834589121,1002364.8834589121,1283166.657518076,78.11650011212917,280801.7740591639,0.55,0.77,0.12234620536201816,0.02448822815493538,0.4663331669999984,tm_tw_gated_offline,context_noise_refinement
tm_tw,20262396,100,8,2,0.0,0.45,0.0,gated_offline,1.0,1.0,deterministic,20.0,0.1,0.95,False,4205.882686254085,420588.2686254084,856178.1184284153,49.123921713560314,435589.84980300686,0.48,0.83,0.10410717521464243,0.025129188830656554,0.4664646250000004,tm_tw_gated_offline,context_noise_refinement
tm_tw,20262397,100,8,2,0.0,0.45,0.0,gated_offline,1.0,1.0,deterministic,20.0,0.1,0.95,False,11327.899294712051,1132789.9294712052,1248541.820342766,90.72903374275577,115751.89087156067,0.71,0.89,0.10095683674917975,0.02726044934247568,0.47061620799999915,tm_tw_gated_offline,context_noise_refinement
tm_tw,20262398,100,8,2,0.0,0.45,0.0,gated_offline,1.0,1.0,deterministic,20.0,0.1,0.95,False,3243.7126661147295,324371.26661147294,641168.8183992123,50.59061783779837,316797.5517877394,0.21,0.55,0.1226329503682278,0.026645947734554764,0.4735292919999985,tm_tw_gated_offline,context_noise_refinement
tm_tw,20263345,100,8,2,0.0,0.45,0.0,gated_offline_low_rank,1.0,1.0,deterministic,20.0,0.1,0.95,False,7734.549953239333,773454.9953239333,802925.2053519028,96.3296444262136,29470.21002796944,0.67,0.91,0.1093175287964185,0.0321983534354827,0.5568198340000006,tm_tw_gated_offline_low_rank,context_noise_refinement
tm_tw,20263346,100,8,2,0.0,0.45,0.0,gated_offline_low_rank,1.0,1.0,deterministic,20.0,0.1,0.95,False,10595.16374246278,1059516.374246278,1174087.3112215046,90.24170213916813,114570.9369752265,0.62,0.77,0.1196142530930601,0.0301915199513849,0.532674667000002,tm_tw_gated_offline_low_rank,context_noise_refinement
tm_tw,20263347,100,8,2,0.0,0.45,0.0,gated_offline_low_rank,1.0,1.0,deterministic,20.0,0.1,0.95,False,16803.975843640415,1680397.5843640417,1784332.7360091412,94.17512498943654,103935.15164509974,0.78,0.93,0.106052223470589,0.0291582715943396,0.5511051669999993,tm_tw_gated_offline_low_rank,context_noise_refinement
tm_tw,20263348,100,8,2,0.0,0.45,0.0,gated_offline_low_rank,1.0,1.0,deterministic,20.0,0.1,0.95,False,5547.808808683828,554780.8808683828,767283.2261453754,72.3045756722003,212502.34527699265,0.47,0.82,0.10005353334715307,0.03136600961247857,0.5204830409999985,tm_tw_gated_offline_low_rank,context_noise_refinement
tm_tw,20263349,100,8,2,0.0,0.45,0.0,gated_offline_low_rank,1.0,1.0,deterministic,20.0,0.1,0.95,False,1749.7773121068929,174977.7312106893,809642.1405677844,21.611737142039225,634664.4093570951,0.3,0.52,0.11176687690610616,0.027775860319836917,0.5147450419999977,tm_tw_gated_offline_low_rank,context_noise_refinement
tm_tw,20263350,100,8,2,0.0,0.45,0.0,gated_offline_low_rank,1.0,1.0,deterministic,20.0,0.1,0.95,False,6092.2991309069575,609229.9130906957,738957.0722034551,82.44456085575672,129727.1591127594,0.54,0.76,0.11423587823713414,0.030995749719430837,0.5093172079999988,tm_tw_gated_offline_low_rank,context_noise_refinement
tm_tw,20263351,100,8,2,0.0,0.45,0.0,gated_offline_low_rank,1.0,1.0,deterministic,20.0,0.1,0.95,False,6186.756148857536,618675.6148857536,1118281.6630047555,55.323773549448134,499606.0481190019,0.4,0.7,0.10924558643354086,0.028838416883609597,0.5014135840000016,tm_tw_gated_offline_low_rank,context_noise_refinement
tm_tw,20263352,100,8,2,0.0,0.45,0.0,gated_offline_low_rank,1.0,1.0,deterministic,20.0,0.1,0.95,False,8195.180682865814,819518.0682865814,893521.4838080714,91.71777994569341,74003.41552148992,0.6,0.79,0.11192637633696512,0.03167661615478194,0.49313049999999947,tm_tw_gated_offline_low_rank,context_noise_refinement
tm_tw,20263353,100,8,2,0.0,0.45,0.0,gated_offline_low_rank,1.0,1.0,deterministic,20.0,0.1,0.95,False,8765.973961153079,876597.3961153079,1204366.7375112958,72.78492246694802,327769.3413959879,0.56,0.74,0.11331477104967165,0.02632443468089685,0.49494758400000194,tm_tw_gated_offline_low_rank,context_noise_refinement
tm_tw,20263354,100,8,2,0.0,0.45,0.0,gated_offline_low_rank,1.0,1.0,deterministic,20.0,0.1,0.95,False,2887.1586331050416,288715.8633105042,641652.5401835565,44.995670589554855,352936.6768730523,0.22,0.51,0.1107821537761645,0.030607878303189544,0.49073645900000074,tm_tw_gated_offline_low_rank,context_noise_refinement
tm_tw_refined,20262393,100,8,2,0.0,0.45,0.0,dense,1.0,1.0,deterministic,20.0,0.1,0.95,False,8465.565136504167,846556.5136504166,843723.697035963,100.33575169506383,-2832.816614453681,0.71,0.87,0.1797235931894756,0.0449527225048599,0.5037965,tm_tw_refined_dense,context_noise_refinement
tm_tw_refined,20262394,100,8,2,0.0,0.45,0.0,dense,1.0,1.0,deterministic,20.0,0.1,0.95,False,10915.712245583483,1091571.2245583483,1204935.24477585,90.59169190136932,113364.02021750156,0.61,0.82,0.1900706602261589,0.0434356487030286,0.4881768750000006,tm_tw_refined_dense,context_noise_refinement
tm_tw_refined,20262395,100,8,2,0.0,0.45,0.0,dense,1.0,1.0,deterministic,20.0,0.1,0.95,False,15114.969707088056,1511496.9707088058,1700533.8692359442,88.8836734188615,189036.8985271384,0.7,0.91,0.1752732786339156,0.0459744263315047,0.4745825420000003,tm_tw_refined_dense,context_noise_refinement
tm_tw_refined,20262396,100,8,2,0.0,0.45,0.0,dense,1.0,1.0,deterministic,20.0,0.1,0.95,False,6126.904817700066,612690.4817700066,658299.93978963,93.07162962308661,45609.45801962342,0.56,0.86,0.17725583653127217,0.04123358050924032,0.44637875000000093,tm_tw_refined_dense,context_noise_refinement
tm_tw_refined,20262397,100,8,2,0.0,0.45,0.0,dense,1.0,1.0,deterministic,20.0,0.1,0.95,False,8638.438903553813,863843.8903553813,885507.8727917724,97.5534963491527,21663.98243639106,0.85,0.94,0.19112952025569493,0.05000751396917697,0.4483421249999999,tm_tw_refined_dense,context_noise_refinement
tm_tw_refined,20262398,100,8,2,0.0,0.45,0.0,dense,1.0,1.0,deterministic,20.0,0.1,0.95,False,6185.542590780511,618554.2590780511,702648.8380090347,88.03177712934574,84094.57893098367,0.6,0.83,0.1779931451575048,0.045997494669423496,0.44761700000000104,tm_tw_refined_dense,context_noise_refinement
tm_tw_refined,20262399,100,8,2,0.0,0.45,0.0,dense,1.0,1.0,deterministic,20.0,0.1,0.95,False,8891.045935316408,889104.5935316407,1185665.9569299626,74.98778119882886,296561.3633983219,0.56,0.84,0.17771803680535983,0.04227474470449696,0.4467995420000008,tm_tw_refined_dense,context_noise_refinement
tm_tw_refined,20262400,100,8,2,0.0,0.45,0.0,dense,1.0,1.0,deterministic,20.0,0.1,0.95,False,7289.327671926773,728932.7671926774,878190.3615659919,83.00395894721984,149257.59437331453,0.44,0.61,0.18351767680589848,0.04195394973375746,0.44691270799999927,tm_tw_refined_dense,context_noise_refinement
tm_tw_refined,20262401,100,8,2,0.0,0.45,0.0,dense,1.0,1.0,deterministic,20.0,0.1,0.95,False,9280.294929959322,928029.4929959322,1208651.7869023348,76.78220501989145,280622.29390640254,0.53,0.71,0.17927402415092064,0.04584646326124049,0.44887466699999834,tm_tw_refined_dense,context_noise_refinement
tm_tw_refined,20262402,100,8,2,0.0,0.45,0.0,dense,1.0,1.0,deterministic,20.0,0.1,0.95,False,7546.592250099667,754659.2250099666,759894.7948334474,99.31101385888184,5235.569823480793,0.76,0.91,0.18736630417287975,0.042795285659516694,0.44922783399999844,tm_tw_refined_dense,context_noise_refinement
tm_tw_refined,20263217,100,8,2,0.0,0.45,0.0,gated_offline,1.0,1.0,deterministic,20.0,0.1,0.95,False,7576.08964714442,757608.964714442,830586.0154746772,91.21378768717544,72977.05076023517,0.65,0.82,0.1163453766625657,0.0263590093618023,0.516445375,tm_tw_refined_gated_offline,context_noise_refinement
tm_tw_refined,20263218,100,8,2,0.0,0.45,0.0,gated_offline,1.0,1.0,deterministic,20.0,0.1,0.95,False,11350.857368511424,1135085.7368511425,1165055.61960178,97.42760068734906,29969.882750637364,0.72,0.91,0.0989558857297426,0.0260483174673856,0.4833887920000013,tm_tw_refined_gated_offline,context_noise_refinement
tm_tw_refined,20263219,100,8,2,0.0,0.45,0.0,gated_offline,1.0,1.0,deterministic,20.0,0.1,0.95,False,16817.930865411297,1681793.0865411295,1794199.2757224736,93.73502204006402,112406.18918134389,0.85,0.9,0.1141792313809964,0.0292109633043771,0.4757279999999966,tm_tw_refined_gated_offline,context_noise_refinement
tm_tw_refined,20263220,100,8,2,0.0,0.45,0.0,gated_offline,1.0,1.0,deterministic,20.0,0.1,0.95,False,6357.956386973845,635795.6386973845,661371.939038066,96.13284162344702,25576.300340681453,0.59,0.8,0.10302124224186478,0.02651473631480092,0.451813542,tm_tw_refined_gated_offline,context_noise_refinement
tm_tw_refined,20263221,100,8,2,0.0,0.45,0.0,gated_offline,1.0,1.0,deterministic,20.0,0.1,0.95,False,8095.314662331599,809531.4662331599,815475.6838805516,99.27107358749124,5944.217647391721,0.75,0.91,0.1006004218106538,0.027904982736026703,0.45314408300000153,tm_tw_refined_gated_offline,context_noise_refinement
tm_tw_refined,20263222,100,8,2,0.0,0.45,0.0,gated_offline,1.0,1.0,deterministic,20.0,0.1,0.95,False,6170.968510349436,617096.8510349436,696174.7771778794,88.64108141586253,79077.92614293576,0.74,0.89,0.10840028504313379,0.02590885752518026,0.45277766699999944,tm_tw_refined_gated_offline,context_noise_refinement
tm_tw_refined,20263223,100,8,2,0.0,0.45,0.0,gated_offline,1.0,1.0,deterministic,20.0,0.1,0.95,False,13620.601349008419,1362060.1349008419,1333167.6160134345,102.16720827451573,-28892.51888740738,0.75,0.88,0.11225406234153264,0.0265254035239289,0.452723584000001,tm_tw_refined_gated_offline,context_noise_refinement
tm_tw_refined,20263224,100,8,2,0.0,0.45,0.0,gated_offline,1.0,1.0,deterministic,20.0,0.1,0.95,False,5609.699420910937,560969.9420910937,782536.0776436838,71.68614433474377,221566.13555259,0.47,0.72,0.11173228619595575,0.024249885948305596,0.45291183299999815,tm_tw_refined_gated_offline,context_noise_refinement
tm_tw_refined,20263225,100,8,2,0.0,0.45,0.0,gated_offline,1.0,1.0,deterministic,20.0,0.1,0.95,False,11331.080704684735,1133108.0704684735,1236448.7202193558,91.64214026340301,103340.6497508823,0.75,0.87,0.10707761139039951,0.026729838383296105,0.45296104200000187,tm_tw_refined_gated_offline,context_noise_refinement
tm_tw_refined,20263226,100,8,2,0.0,0.45,0.0,gated_offline,1.0,1.0,deterministic,20.0,0.1,0.95,False,6762.251174915352,676225.1174915351,737627.2721659583,91.67572065304435,61402.15467442316,0.57,0.85,0.1171596669103475,0.024426310326657066,0.4558391250000007,tm_tw_refined_gated_offline,context_noise_refinement
tm_tw_refined,20263217,100,8,2,0.0,0.45,0.0,gated_offline,1.0,1.0,beta,20.0,0.1,0.95,False,8235.763864829016,823576.3864829016,806122.4469132081,102.1651722559678,-17453.939569693524,0.74,0.92,0.0957010524741795,0.0266749200210942,0.5014531670000011,tm_tw_refined_gated_offline_best_beta,context_noise_refinement
tm_tw_refined,20263218,100,8,2,0.0,0.45,0.0,gated_offline,1.0,1.0,beta,20.0,0.1,0.95,False,11705.269829281187,1170526.982928119,1191129.474079457,98.27033990849225,20602.49115133868,0.69,0.88,0.1123937602563998,0.0247834951178487,0.487532625,tm_tw_refined_gated_offline_best_beta,context_noise_refinement
tm_tw_refined,20263219,100,8,2,0.0,0.45,0.0,gated_offline,1.0,1.0,beta,20.0,0.1,0.95,False,16462.344046665843,1646234.4046665842,1720849.253593441,95.66406826332708,74614.84892685711,0.84,0.93,0.1187262569316737,0.0283169288875409,0.4869103330000008,tm_tw_refined_gated_offline_best_beta,context_noise_refinement
tm_tw_refined,20263220,100,8,2,0.0,0.45,0.0,gated_offline,1.0,1.0,beta,20.0,0.1,0.95,False,6317.173486708664,631717.3486708665,618047.2623774444,102.21181892155582,-13670.086293422035,0.62,0.88,0.10364627914240987,0.024998246693417506,0.4584514999999989,tm_tw_refined_gated_offline_best_beta,context_noise_refinement
tm_tw_refined,20263221,100,8,2,0.0,0.45,0.0,gated_offline,1.0,1.0,beta,20.0,0.1,0.95,False,9393.681353790313,939368.1353790312,916432.3580128201,102.50272452360201,-22935.777366211056,0.85,0.96,0.10751410267719391,0.029994096817230264,0.45277374999999864,tm_tw_refined_gated_offline_best_beta,context_noise_refinement
tm_tw_refined,20263222,100,8,2,0.0,0.45,0.0,gated_offline,1.0,1.0,beta,20.0,0.1,0.95,False,6994.133599407384,699413.3599407384,703902.1718640218,99.36229605437975,4488.811923283385,0.79,0.94,0.11240002178686573,0.026445675217599232,0.45178579099999894,tm_tw_refined_gated_offline_best_beta,context_noise_refinement
tm_tw_refined,20263223,100,8,2,0.0,0.45,0.0,gated_offline,1.0,1.0,beta,20.0,0.1,0.95,False,12451.238713286379,1245123.871328638,1368557.1326951524,90.98077395399397,123433.26136651449,0.76,0.93,0.11091188564998766,0.02552274708583965,0.4561085000000027,tm_tw_refined_gated_offline_best_beta,context_noise_refinement
tm_tw_refined,20263224,100,8,2,0.0,0.45,0.0,gated_offline,1.0,1.0,beta,20.0,0.1,0.95,False,6415.298330038221,641529.8330038221,817307.8438842711,78.4930473632725,175778.01088044897,0.42,0.67,0.10252885545944057,0.026259494053353472,0.45407466700000043,tm_tw_refined_gated_offline_best_beta,context_noise_refinement
tm_tw_refined,20263225,100,8,2,0.0,0.45,0.0,gated_offline,1.0,1.0,beta,20.0,0.1,0.95,False,11873.284736669315,1187328.4736669315,1267672.9351981832,93.66205120418613,80344.46153125167,0.78,0.94,0.10305330042547992,0.02600085375624702,0.4585220000000021,tm_tw_refined_gated_offline_best_beta,context_noise_refinement
tm_tw_refined,20263226,100,8,2,0.0,0.45,0.0,gated_offline,1.0,1.0,beta,20.0,0.1,0.95,False,7423.481152819038,742348.1152819038,767174.7715873698,96.76388520257294,24826.65630546608,0.69,0.87,0.1119013807047293,0.025388295930726713,0.4586240410000002,tm_tw_refined_gated_offline_best_beta,context_noise_refinement
tm_tw_refined,20264173,100,8,2,0.0,0.45,0.0,gated_offline_low_rank,1.0,1.0,deterministic,20.0,0.1,0.95,False,7339.544414925695,733954.4414925695,830819.8190407356,88.34098858402211,96865.37754816609,0.64,0.84,0.1001972139118273,0.0296823995340055,0.5397911660000005,tm_tw_refined_gated_offline_low_rank,context_noise_refinement
tm_tw_refined,20264174,100,8,2,0.0,0.45,0.0,gated_offline_low_rank,1.0,1.0,deterministic,20.0,0.1,0.95,False,12016.413368740154,1201641.3368740154,1227565.752896301,97.88814440602306,25924.416022285583,0.8,0.97,0.1085002979219947,0.0261991336214363,0.5347742080000017,tm_tw_refined_gated_offline_low_rank,context_noise_refinement
tm_tw_refined,20264175,100,8,2,0.0,0.45,0.0,gated_offline_low_rank,1.0,1.0,deterministic,20.0,0.1,0.95,False,14936.980218223527,1493698.021822353,1624252.2789245169,91.9621933860786,130554.25710216396,0.81,0.86,0.1111279517777511,0.0290087529863093,0.5184812920000006,tm_tw_refined_gated_offline_low_rank,context_noise_refinement
tm_tw_refined,20264176,100,8,2,0.0,0.45,0.0,gated_offline_low_rank,1.0,1.0,deterministic,20.0,0.1,0.95,False,4383.930998009428,438393.09980094276,571626.9554686138,76.692167086759,133233.855667671,0.35,0.62,0.10402807275698606,0.02998889959821985,0.5005124580000029,tm_tw_refined_gated_offline_low_rank,context_noise_refinement
tm_tw_refined,20264177,100,8,2,0.0,0.45,0.0,gated_offline_low_rank,1.0,1.0,deterministic,20.0,0.1,0.95,False,9542.741479178314,954274.1479178314,950675.0935262607,100.37857880321877,-3599.0543915707385,0.79,0.93,0.10090120588590051,0.029440321533638,0.5031614170000012,tm_tw_refined_gated_offline_low_rank,context_noise_refinement
tm_tw_refined,20264178,100,8,2,0.0,0.45,0.0,gated_offline_low_rank,1.0,1.0,deterministic,20.0,0.1,0.95,False,5773.637450076614,577363.7450076614,669799.746877065,86.1994570316896,92436.00186940364,0.49,0.77,0.10443433163008302,0.026470468265141496,0.49966670799999946,tm_tw_refined_gated_offline_low_rank,context_noise_refinement
tm_tw_refined,20264179,100,8,2,0.0,0.45,0.0,gated_offline_low_rank,1.0,1.0,deterministic,20.0,0.1,0.95,False,12572.715297033454,1257271.5297033454,1311155.772789153,95.89032484132817,53884.243085807655,0.8,0.95,0.1104693282531458,0.027214772073507768,0.4888577500000011,tm_tw_refined_gated_offline_low_rank,context_noise_refinement
tm_tw_refined,20264180,100,8,2,0.0,0.45,0.0,gated_offline_low_rank,1.0,1.0,deterministic,20.0,0.1,0.95,False,7682.508654254955,768250.8654254955,901024.393971199,85.26415828094133,132773.5285457035,0.53,0.67,0.10744255053013685,0.028965213416279747,0.49148945800000376,tm_tw_refined_gated_offline_low_rank,context_noise_refinement
tm_tw_refined,20264181,100,8,2,0.0,0.45,0.0,gated_offline_low_rank,1.0,1.0,deterministic,20.0,0.1,0.95,False,9953.699823819223,995369.9823819222,1137632.6061416862,87.49485352373542,142262.623759764,0.65,0.78,0.10492614104217722,0.026335235971876075,0.49384516700000347,tm_tw_refined_gated_offline_low_rank,context_noise_refinement
tm_tw_refined,20264182,100,8,2,0.0,0.45,0.0,gated_offline_low_rank,1.0,1.0,deterministic,20.0,0.1,0.95,False,6089.585910628239,608958.5910628239,633495.3484590211,96.12676597296525,24536.75739619718,0.56,0.76,0.11109569691253814,0.02579373751028157,0.49446924999999453,tm_tw_refined_gated_offline_low_rank,context_noise_refinement
tm_tw_refined,20264173,100,8,2,0.0,0.45,0.0,gated_offline_low_rank,2.0,1.0,beta,20.0,0.1,0.95,False,7958.968281584476,795896.8281584476,815265.0203242138,97.62430722735242,19368.192165766144,0.61,0.82,0.1010502732507056,0.0252736483793979,0.5347292920000015,tm_tw_refined_gated_offline_low_rank_best_beta,context_noise_refinement
tm_tw_refined,20264174,100,8,2,0.0,0.45,0.0,gated_offline_low_rank,2.0,1.0,beta,20.0,0.1,0.95,False,10865.104715257909,1086510.4715257906,1128007.473399617,96.32121215041585,41497.001873826375,0.65,0.9,0.1135329809525233,0.0261403060311613,0.5405686249999988,tm_tw_refined_gated_offline_low_rank_best_beta,context_noise_refinement
tm_tw_refined,20264175,100,8,2,0.0,0.45,0.0,gated_offline_low_rank,2.0,1.0,beta,20.0,0.1,0.95,False,14973.838471322317,1497383.8471322316,1640890.2521392177,91.2543569065696,143506.40500698588,0.74,0.89,0.1040910419585031,0.0280531371496012,0.5385024999999999,tm_tw_refined_gated_offline_low_rank_best_beta,context_noise_refinement
tm_tw_refined,20264176,100,8,2,0.0,0.45,0.0,gated_offline_low_rank,2.0,1.0,beta,20.0,0.1,0.95,False,6008.660856302948,600866.0856302948,617395.1626926565,97.32277185485658,16529.077062361757,0.58,0.79,0.1056056407712495,0.027720594700677066,0.5012579160000001,tm_tw_refined_gated_offline_low_rank_best_beta,context_noise_refinement
tm_tw_refined,20264177,100,8,2,0.0,0.45,0.0,gated_offline_low_rank,2.0,1.0,beta,20.0,0.1,0.95,False,8696.579443429464,869657.9443429464,828176.7828764208,105.0087327155506,-41481.161466525635,0.84,0.97,0.10783007999350962,0.028932197250446566,0.5014559170000013,tm_tw_refined_gated_offline_low_rank_best_beta,context_noise_refinement
tm_tw_refined,20264178,100,8,2,0.0,0.45,0.0,gated_offline_low_rank,2.0,1.0,beta,20.0,0.1,0.95,False,6902.559450389687,690255.9450389687,687610.2307294301,100.38476948004859,-2645.714309538598,0.71,0.88,0.11381308534980807,0.027677897642332135,0.49847395799999816,tm_tw_refined_gated_offline_low_rank_best_beta,context_noise_refinement
tm_tw_refined,20264179,100,8,2,0.0,0.45,0.0,gated_offline_low_rank,2.0,1.0,beta,20.0,0.1,0.95,False,12418.333392907201,1241833.3392907202,1268440.8339051066,97.90234641591671,26607.494614386465,0.76,0.91,0.11277090116775183,0.026748778270633065,0.49833191700000157,tm_tw_refined_gated_offline_low_rank_best_beta,context_noise_refinement
tm_tw_refined,20264180,100,8,2,0.0,0.45,0.0,gated_offline_low_rank,2.0,1.0,beta,20.0,0.1,0.95,False,6167.299503310387,616729.9503310387,779613.4491387486,79.10714611354513,162883.4988077099,0.54,0.71,0.10135094032265146,0.025919509215161864,0.4958472499999971,tm_tw_refined_gated_offline_low_rank_best_beta,context_noise_refinement
tm_tw_refined,20264181,100,8,2,0.0,0.45,0.0,gated_offline_low_rank,2.0,1.0,beta,20.0,0.1,0.95,False,9791.682137523483,979168.2137523483,1210414.2998112862,80.89529460326179,231246.08605893783,0.64,0.84,0.11151321072660064,0.02620912170854678,0.49468174999999803,tm_tw_refined_gated_offline_low_rank_best_beta,context_noise_refinement
tm_tw_refined,20264182,100,8,2,0.0,0.45,0.0,gated_offline_low_rank,2.0,1.0,beta,20.0,0.1,0.95,False,7240.113208985418,724011.3208985418,729107.707788366,99.30101042200154,5096.386889824178,0.69,0.82,0.11160154674613786,0.025906054289252214,0.4949225840000011,tm_tw_refined_gated_offline_low_rank_best_beta,context_noise_refinement
tm_tw_refined,20265065,100,8,2,0.0,0.45,0.0,support_gated_offline_low_rank,0.5,0.5,beta,20.0,0.1,0.95,True,8999.040946904452,899904.0946904451,878854.8799755385,102.395072860663,-21049.214714906644,0.74,0.94,0.0865882939527347,2.423125541849033e-07,0.5405642080000002,tm_tw_refined_support_gated_offline_low_rank_best_beta,context_noise_refinement
tm_tw_refined,20265066,100,8,2,0.0,0.45,0.0,support_gated_offline_low_rank,0.5,0.5,beta,20.0,0.1,0.95,True,11313.651206931376,1131365.1206931376,1170986.16193072,96.61643813345708,39621.04123758245,0.82,0.93,0.0831833544948325,2.2440215256016499e-07,0.5519496249999998,tm_tw_refined_support_gated_offline_low_rank_best_beta,context_noise_refinement
tm_tw_refined,20265067,100,8,2,0.0,0.45,0.0,support_gated_offline_low_rank,0.5,0.5,beta,20.0,0.1,0.95,True,14771.521549790545,1477152.1549790544,1663766.16766763,88.78363941309236,186614.01268857575,0.71,0.84,0.0721250921160438,2.493324278981061e-07,0.540673709,tm_tw_refined_support_gated_offline_low_rank_best_beta,context_noise_refinement
tm_tw_refined,20265068,100,8,2,0.0,0.45,0.0,support_gated_offline_low_rank,0.5,0.5,beta,20.0,0.1,0.95,True,6661.5135908319735,666151.3590831973,692554.6361808401,96.18755319533399,26403.27709764277,0.71,0.89,0.08011549531009243,2.3555977434262742e-07,0.4958446249999966,tm_tw_refined_support_gated_offline_low_rank_best_beta,context_noise_refinement
tm_tw_refined,20265069,100,8,2,0.0,0.45,0.0,support_gated_offline_low_rank,0.5,0.5,beta,20.0,0.1,0.95,True,8768.990705304317,876899.0705304317,861638.777725838,101.77107776473001,-15260.292804593686,0.75,0.9,0.06691564738154068,2.798395158807741e-07,0.4954080410000046,tm_tw_refined_support_gated_offline_low_rank_best_beta,context_noise_refinement
tm_tw_refined,20265070,100,8,2,0.0,0.45,0.0,support_gated_offline_low_rank,0.5,0.5,beta,20.0,0.1,0.95,True,6270.608285402826,627060.8285402827,667102.2304358912,93.9977112849038,40041.40189560852,0.62,0.87,0.06340766076350561,2.3790498787834592e-07,0.49873916699999654,tm_tw_refined_support_gated_offline_low_rank_best_beta,context_noise_refinement
tm_tw_refined,20265071,100,8,2,0.0,0.45,0.0,support_gated_offline_low_rank,0.5,0.5,beta,20.0,0.1,0.95,True,13561.594245920796,1356159.4245920796,1400277.4122695588,96.84933947438508,44117.98767747916,0.76,0.95,0.07703922028320054,2.489629948624432e-07,0.4997152079999978,tm_tw_refined_support_gated_offline_low_rank_best_beta,context_noise_refinement
tm_tw_refined,20265072,100,8,2,0.0,0.45,0.0,support_gated_offline_low_rank,0.5,0.5,beta,20.0,0.1,0.95,True,7533.895961561582,753389.5961561583,876778.095709177,85.92705495759259,123388.49955301872,0.53,0.69,0.07136385968890191,2.5223138654828827e-07,0.49689408400000445,tm_tw_refined_support_gated_offline_low_rank_best_beta,context_noise_refinement
tm_tw_refined,20265073,100,8,2,0.0,0.45,0.0,support_gated_offline_low_rank,0.5,0.5,beta,20.0,0.1,0.95,True,11459.85434755288,1145985.434755288,1256402.600911747,91.21164138976381,110417.1661564589,0.75,0.88,0.07569336261810213,2.2276975636512545e-07,0.49572383300000666,tm_tw_refined_support_gated_offline_low_rank_best_beta,context_noise_refinement
tm_tw_refined,20265074,100,8,2,0.0,0.45,0.0,support_gated_offline_low_rank,0.5,0.5,beta,20.0,0.1,0.95,True,7395.4718836488055,739547.1883648805,750635.2140618942,98.5228476509897,11088.025697013712,0.71,0.86,0.08437272225675033,2.37229504998646e-07,0.4981250419999981,tm_tw_refined_support_gated_offline_low_rank_best_beta,context_noise_refinement
tm_tw_refined,20263497,100,8,2,0.0,0.45,0.0,support_offline,1.0,1.0,deterministic,20.0,0.1,0.95,True,7478.431355230236,747843.1355230235,817926.9958080702,91.43152620658924,70083.86028504663,0.56,0.82,0.0863689770886712,2.358799599551995e-07,0.4952152910000009,tm_tw_refined_support_offline,context_noise_refinement
tm_tw_refined,20263498,100,8,2,0.0,0.45,0.0,support_offline,1.0,1.0,deterministic,20.0,0.1,0.95,True,10313.81745350504,1031381.745350504,1112502.862967207,92.70823291183795,81121.11761670327,0.64,0.87,0.0860202022494368,2.2329756822104242e-07,0.4881797080000005,tm_tw_refined_support_offline,context_noise_refinement
tm_tw_refined,20263499,100,8,2,0.0,0.45,0.0,support_offline,1.0,1.0,deterministic,20.0,0.1,0.95,True,14646.728902576931,1464672.8902576931,1626782.5980607856,90.03494947657198,162109.70780309243,0.67,0.84,0.0764543627409623,2.4856065160531296e-07,0.4673970419999982,tm_tw_refined_support_offline,context_noise_refinement
tm_tw_refined,20263500,100,8,2,0.0,0.45,0.0,support_offline,1.0,1.0,deterministic,20.0,0.1,0.95,True,6569.3014850321715,656930.1485032171,690800.9901150661,95.09687419437441,33870.84161184891,0.67,0.91,0.07611625291903983,2.426781757853603e-07,0.45387620800000406,tm_tw_refined_support_offline,context_noise_refinement
tm_tw_refined,20263501,100,8,2,0.0,0.45,0.0,support_offline,1.0,1.0,deterministic,20.0,0.1,0.95,True,9084.921270074374,908492.1270074374,916526.7906781683,99.12335746729391,8034.6636707308935,0.89,0.97,0.07035210753266889,2.518581387132641e-07,0.4533647920000021,tm_tw_refined_support_offline,context_noise_refinement
tm_tw_refined,20263502,100,8,2,0.0,0.45,0.0,support_offline,1.0,1.0,deterministic,20.0,0.1,0.95,True,6299.014518432225,629901.4518432225,651723.8929258921,96.65158185551574,21822.441082669655,0.71,0.87,0.08814469119898893,2.454112904181055e-07,0.45132916699999726,tm_tw_refined_support_offline,context_noise_refinement
tm_tw_refined,20263503,100,8,2,0.0,0.45,0.0,support_offline,1.0,1.0,deterministic,20.0,0.1,0.95,True,11672.452083994027,1167245.2083994027,1252850.1512278502,93.16718422035143,85604.94282844756,0.66,0.9,0.08369575002078478,2.165474618645396e-07,0.45197870899999515,tm_tw_refined_support_offline,context_noise_refinement
tm_tw_refined,20263504,100,8,2,0.0,0.45,0.0,support_offline,1.0,1.0,deterministic,20.0,0.1,0.95,True,6945.085975458063,694508.5975458063,815006.6714287233,85.21508128618366,120498.07388291694,0.58,0.83,0.0860461523406907,2.157528577554288e-07,0.4542335420000043,tm_tw_refined_support_offline,context_noise_refinement
tm_tw_refined,20263505,100,8,2,0.0,0.45,0.0,support_offline,1.0,1.0,deterministic,20.0,0.1,0.95,True,10647.008341652376,1064700.8341652376,1142726.8365550423,93.17194626976396,78026.0023898047,0.72,0.87,0.07602083484917806,2.2363976131950728e-07,0.45440016699999575,tm_tw_refined_support_offline,context_noise_refinement
tm_tw_refined,20263506,100,8,2,0.0,0.45,0.0,support_offline,1.0,1.0,deterministic,20.0,0.1,0.95,True,7247.532816353247,724753.2816353247,745037.0930005035,97.27747630879834,20283.811365178786,0.74,0.85,0.09497598801847387,2.3273570137603715e-07,0.45462954100000275,tm_tw_refined_support_offline,context_noise_refinement
tm_tw,20262669,100,8,2,0.0,0.45,0.0,support_offline,1.0,1.0,deterministic,20.0,0.1,0.95,True,8826.9799219445,882697.99219445,935152.2370895148,94.39083361888557,52454.24489506485,0.84,0.94,0.0760083098638356,2.3782644940749605e-07,0.4997154580000007,tm_tw_support_offline,context_noise_refinement
tm_tw,20262670,100,8,2,0.0,0.45,0.0,support_offline,1.0,1.0,deterministic,20.0,0.1,0.95,True,11017.618932828564,1101761.8932828566,1213876.8155700895,90.7638962331957,112114.92228723316,0.69,0.87,0.0842254860106444,2.380573873256882e-07,0.4878980419999976,tm_tw_support_offline,context_noise_refinement
tm_tw,20262671,100,8,2,0.0,0.45,0.0,support_offline,1.0,1.0,deterministic,20.0,0.1,0.95,True,10852.917994905438,1085291.7994905438,1682351.5109667971,64.51040655985496,597059.7114762533,0.52,0.62,0.0898835841412259,2.086671525307671e-07,0.4668283329999987,tm_tw_support_offline,context_noise_refinement
tm_tw,20262672,100,8,2,0.0,0.45,0.0,support_offline,1.0,1.0,deterministic,20.0,0.1,0.95,True,5115.119835429188,511511.98354291887,679812.0546228073,75.24314699402183,168300.07107988844,0.53,0.74,0.08009484607436979,2.3968243155688215e-07,0.45197308400000225,tm_tw_support_offline,context_noise_refinement
tm_tw,20262673,100,8,2,0.0,0.45,0.0,support_offline,1.0,1.0,deterministic,20.0,0.1,0.95,True,7665.211561794222,766521.1561794222,920293.753810398,83.29092238273991,153772.59763097588,0.7,0.8,0.0824733688775113,2.352569697373885e-07,0.4540556249999952,tm_tw_support_offline,context_noise_refinement
tm_tw,20262674,100,8,2,0.0,0.45,0.0,support_offline,1.0,1.0,deterministic,20.0,0.1,0.95,True,5982.6585044128515,598265.8504412852,742915.4079038681,80.52947133365952,144649.55746258295,0.66,0.85,0.08680451856317489,2.2786607708027006e-07,0.45258670899999487,tm_tw_support_offline,context_noise_refinement
tm_tw,20262675,100,8,2,0.0,0.45,0.0,support_offline,1.0,1.0,deterministic,20.0,0.1,0.95,True,3011.4901524329057,301149.0152432906,1205701.836715493,24.97707194870535,904552.8214722023,0.12,0.44,0.08444493500552229,2.2920186526367797e-07,0.4541745000000006,tm_tw_support_offline,context_noise_refinement
tm_tw,20262676,100,8,2,0.0,0.45,0.0,support_offline,1.0,1.0,deterministic,20.0,0.1,0.95,True,5199.147565527642,519914.7565527642,716621.1127656334,72.550856692775,196706.35621286917,0.53,0.78,0.08498469572205587,2.1095509021124727e-07,0.4522387909999992,tm_tw_support_offline,context_noise_refinement
tm_tw,20262677,100,8,2,0.0,0.45,0.0,support_offline,1.0,1.0,deterministic,20.0,0.1,0.95,True,7800.464986837348,780046.4986837348,1166382.8342991807,66.87739871895702,386336.33561544586,0.45,0.76,0.07901281568578516,2.3076345721375073e-07,0.451854333,tm_tw_support_offline,context_noise_refinement
tm_tw,20262678,100,8,2,0.0,0.45,0.0,support_offline,1.0,1.0,deterministic,20.0,0.1,0.95,True,3948.785625900401,394878.5625900401,678934.6694789376,58.161496288457,284056.10688889754,0.32,0.63,0.09134297093885006,2.384224096021155e-07,0.45172879100000074,tm_tw_support_offline,context_noise_refinement
tw,20261245,100,8,2,0.0,0.45,0.0,dense,1.0,1.0,deterministic,20.0,0.1,0.95,False,7548.7977482084625,754879.7748208463,885656.867187165,85.23388716200382,130777.09236631868,0.68,0.87,0.1973423600848034,0.0529081194987982,0.480536625,tw_dense,context_noise_refinement
tw,20261246,100,8,2,0.0,0.45,0.0,dense,1.0,1.0,deterministic,20.0,0.1,0.95,False,10743.52664681252,1074352.664681252,1197479.1618815688,89.71785888893035,123126.49720031698,0.64,0.85,0.1650591958756772,0.0444407017713431,0.4833449590000001,tw_dense,context_noise_refinement
tw,20261247,100,8,2,0.0,0.45,0.0,dense,1.0,1.0,deterministic,20.0,0.1,0.95,False,14359.829330982217,1435982.9330982214,1769516.2903934403,81.15115644281184,333533.35729521886,0.65,0.77,0.1747454044181494,0.0422775374768136,0.4636394999999993,tw_dense,context_noise_refinement
tw,20261248,100,8,2,0.0,0.45,0.0,dense,1.0,1.0,deterministic,20.0,0.1,0.95,False,5719.343874911462,571934.3874911462,715043.0447871959,79.98600806771847,143108.65729604964,0.57,0.9,0.1862949332751186,0.04021795128000239,0.4391631250000003,tw_dense,context_noise_refinement
tw,20261249,100,8,2,0.0,0.45,0.0,dense,1.0,1.0,deterministic,20.0,0.1,0.95,False,7743.493291596792,774349.3291596792,886796.0205249804,87.31989220038075,112446.69136530114,0.7,0.77,0.1786559813563758,0.03243860807790036,0.44096908399999535,tw_dense,context_noise_refinement
tw,20261250,100,8,2,0.0,0.45,0.0,dense,1.0,1.0,deterministic,20.0,0.1,0.95,False,4843.143687001721,484314.36870017217,693033.425202645,69.88326263752101,208719.05650247284,0.38,0.62,0.19126769355643577,0.03276668707684084,0.44151433300000065,tw_dense,context_noise_refinement
tw,20261251,100,8,2,0.0,0.45,0.0,dense,1.0,1.0,deterministic,20.0,0.1,0.95,False,11349.828364867593,1134982.8364867594,1234657.6369093435,91.92692796424966,99674.80042258417,0.66,0.84,0.18085855330933692,0.03980644808119464,0.440589082999999,tw_dense,context_noise_refinement
tw,20261252,100,8,2,0.0,0.45,0.0,dense,1.0,1.0,deterministic,20.0,0.1,0.95,False,4265.704176209187,426570.4176209187,836291.9559550881,51.00735629266618,409721.5383341694,0.43,0.68,0.1780339277975571,0.03738237907630582,0.4390664169999994,tw_dense,context_noise_refinement
tw,20261253,100,8,2,0.0,0.45,0.0,dense,1.0,1.0,deterministic,20.0,0.1,0.95,False,9760.624214545714,976062.4214545715,1133246.8318573833,86.12972867127388,157184.4104028117,0.52,0.79,0.20337088906260609,0.04891776487859089,0.43980279200000183,tw_dense,context_noise_refinement
tw,20261254,100,8,2,0.0,0.45,0.0,dense,1.0,1.0,deterministic,20.0,0.1,0.95,False,5280.96636512454,528096.636512454,760246.9100533794,69.46383201680815,232150.27354092535,0.44,0.57,0.18905221807072486,0.033227568453486046,0.44134412500000053,tw_dense,context_noise_refinement
tw,20262069,100,8,2,0.0,0.45,0.0,gated_offline,1.0,1.0,deterministic,20.0,0.1,0.95,False,6000.1399788336685,600013.9978833669,863858.3624851671,69.45745089012429,263844.3646018002,0.49,0.73,0.1026112301216603,0.0275294778503593,0.488668208,tw_gated_offline,context_noise_refinement
tw,20262070,100,8,2,0.0,0.45,0.0,gated_offline,1.0,1.0,deterministic,20.0,0.1,0.95,False,11050.26430839653,1105026.4308396531,1152605.7969094876,95.8720174584051,47579.36606983445,0.65,0.9,0.1031724194335105,0.0283388391789168,0.4865442910000013,tw_gated_offline,context_noise_refinement
tw,20262071,100,8,2,0.0,0.45,0.0,gated_offline,1.0,1.0,deterministic,20.0,0.1,0.95,False,14488.376977038834,1448837.6977038833,1706128.3836163145,84.91961751629282,257290.6859124312,0.69,0.85,0.1230028286140138,0.0277814067793464,0.4631241670000001,tw_gated_offline,context_noise_refinement
tw,20262072,100,8,2,0.0,0.45,0.0,gated_offline,1.0,1.0,deterministic,20.0,0.1,0.95,False,4922.971509153016,492297.1509153016,710573.0193436764,69.28171173316063,218275.86842837482,0.48,0.71,0.115322793026235,0.026005161496120238,0.4444489580000024,tw_gated_offline,context_noise_refinement
tw,20262073,100,8,2,0.0,0.45,0.0,gated_offline,1.0,1.0,deterministic,20.0,0.1,0.95,False,5460.510560572647,546051.0560572647,870916.0373833576,62.69847294325403,324864.98132609297,0.45,0.6,0.11037676535565037,0.02474793289660627,0.4454735419999949,tw_gated_offline,context_noise_refinement
tw,20262074,100,8,2,0.0,0.45,0.0,gated_offline,1.0,1.0,deterministic,20.0,0.1,0.95,False,5413.14299374836,541314.299374836,720592.7633633994,75.12069602922834,179278.4639885634,0.55,0.67,0.10529615529692679,0.02794522470153651,0.4456267500000024,tw_gated_offline,context_noise_refinement
tw,20262075,100,8,2,0.0,0.45,0.0,gated_offline,1.0,1.0,deterministic,20.0,0.1,0.95,False,7443.834928449651,744383.4928449651,1282686.0266507287,58.03318016870065,538302.5338057636,0.43,0.65,0.11066273011156298,0.026726134907561733,0.44385745800000365,tw_gated_offline,context_noise_refinement
tw,20262076,100,8,2,0.0,0.45,0.0,gated_offline,1.0,1.0,deterministic,20.0,0.1,0.95,False,4398.865381004285,439886.53810042853,809653.210144656,54.33024072390654,369766.6720442275,0.53,0.71,0.1051250202182281,0.02675183295464555,0.44009904199999994,tw_gated_offline,context_noise_refinement
tw,20262077,100,8,2,0.0,0.45,0.0,gated_offline,1.0,1.0,deterministic,20.0,0.1,0.95,False,10550.336156038993,1055033.6156038994,1250594.759684388,84.36254889394849,195561.1440804887,0.68,0.75,0.0993698802983805,0.02776594601875623,0.43997516700000006,tw_gated_offline,context_noise_refinement
tw,20262078,100,8,2,0.0,0.45,0.0,gated_offline,1.0,1.0,deterministic,20.0,0.1,0.95,False,2599.034351902627,259903.43519026268,679196.9324357536,38.26628519333711,419293.49724549096,0.18,0.39,0.1029216472354334,0.025863658437203795,0.4415577500000012,tw_gated_offline,context_noise_refinement
tw,20263025,100,8,2,0.0,0.45,0.0,gated_offline_low_rank,1.0,1.0,deterministic,20.0,0.1,0.95,False,3714.442902890914,371444.2902890914,759521.339663544,48.90504991652182,388077.04937445256,0.18,0.45,0.1179069135991758,0.024123067517942,0.5378446669999999,tw_gated_offline_low_rank,context_noise_refinement
tw,20263026,100,8,2,0.0,0.45,0.0,gated_offline_low_rank,1.0,1.0,deterministic,20.0,0.1,0.95,False,6333.231671781416,633323.1671781415,1072927.1123334186,59.02760400944482,439603.945155277,0.38,0.67,0.1136904911866079,0.0263178602245149,0.5208087500000005,tw_gated_offline_low_rank,context_noise_refinement
tw,20263027,100,8,2,0.0,0.45,0.0,gated_offline_low_rank,1.0,1.0,deterministic,20.0,0.1,0.95,False,11931.16974069894,1193116.9740698938,1813835.178049618,65.77868752952676,620718.2039797243,0.61,0.7,0.1064729763076177,0.0261719037740737,0.5137142919999995,tw_gated_offline_low_rank,context_noise_refinement
tw,20263028,100,8,2,0.0,0.45,0.0,gated_offline_low_rank,1.0,1.0,deterministic,20.0,0.1,0.95,False,4590.117599211679,459011.75992116786,607047.1567847785,75.61385549556329,148035.3968636106,0.37,0.56,0.10759905466656111,0.03268779157004598,0.48009029199999986,tw_gated_offline_low_rank,context_noise_refinement
tw,20263029,100,8,2,0.0,0.45,0.0,gated_offline_low_rank,1.0,1.0,deterministic,20.0,0.1,0.95,False,1638.494649739672,163849.4649739672,784302.3328663055,20.891110239996884,620452.8678923383,0.31,0.44,0.10522778411864367,0.026881594915678906,0.4820885419999996,tw_gated_offline_low_rank,context_noise_refinement
tw,20263030,100,8,2,0.0,0.45,0.0,gated_offline_low_rank,1.0,1.0,deterministic,20.0,0.1,0.95,False,3496.632071492757,349663.2071492757,643564.3935810247,54.33227982107949,293901.186431749,0.28,0.51,0.10931608532751781,0.02800074596475829,0.47992579199999597,tw_gated_offline_low_rank,context_noise_refinement
tw,20263031,100,8,2,0.0,0.45,0.0,gated_offline_low_rank,1.0,1.0,deterministic,20.0,0.1,0.95,False,6828.825168897255,682882.5168897255,1230441.7850646065,55.49896997799612,547559.268174881,0.39,0.68,0.10604563024047695,0.024635464946522363,0.4807709999999972,tw_gated_offline_low_rank,context_noise_refinement
tw,20263032,100,8,2,0.0,0.45,0.0,gated_offline_low_rank,1.0,1.0,deterministic,20.0,0.1,0.95,False,5099.167680767179,509916.76807671797,798651.4444679547,63.84722291667727,288734.6763912367,0.43,0.58,0.10578068062065218,0.024472564980063848,0.4813600419999986,tw_gated_offline_low_rank,context_noise_refinement
tw,20263033,100,8,2,0.0,0.45,0.0,gated_offline_low_rank,1.0,1.0,deterministic,20.0,0.1,0.95,False,7713.479701053803,771347.9701053803,1205748.8084355239,63.972526011136196,434400.8383301436,0.39,0.61,0.11380929364282344,0.025590856283135798,0.48169275000000056,tw_gated_offline_low_rank,context_noise_refinement
tw,20263034,100,8,2,0.0,0.45,0.0,gated_offline_low_rank,1.0,1.0,deterministic,20.0,0.1,0.95,False,6131.562451144947,613156.2451144947,736849.9093294683,83.21318050679622,123693.66421497357,0.55,0.76,0.10880710489564958,0.029433475527876875,0.4820849580000015,tw_gated_offline_low_rank,context_noise_refinement
tw,20262349,100,8,2,0.0,0.45,0.0,support_offline,1.0,1.0,deterministic,20.0,0.1,0.95,True,2467.358096833147,246735.80968331476,725472.4492082907,34.01036248207329,478736.6395249759,0.05,0.36,0.0833900853925291,2.374876190305321e-07,0.491688958000001,tw_support_offline,context_noise_refinement
tw,20262350,100,8,2,0.0,0.45,0.0,support_offline,1.0,1.0,deterministic,20.0,0.1,0.95,True,5473.7818382814585,547378.1838281458,1130423.4755137244,48.42240060340114,583045.2916855785,0.33,0.66,0.0839927974339358,2.117995756500562e-07,0.479050916000002,tw_support_offline,context_noise_refinement
tw,20262351,100,8,2,0.0,0.45,0.0,support_offline,1.0,1.0,deterministic,20.0,0.1,0.95,True,16265.146064603345,1626514.6064603345,1698077.4586241848,95.78565442934315,71562.85216385056,0.79,0.91,0.0793759362670044,2.5203769069100134e-07,0.4608937920000002,tw_support_offline,context_noise_refinement
tw,20262352,100,8,2,0.0,0.45,0.0,support_offline,1.0,1.0,deterministic,20.0,0.1,0.95,True,5394.143451160854,539414.3451160854,714721.1162472746,75.47200339460271,175306.7711311892,0.54,0.85,0.06765448558348915,2.6672592196471063e-07,0.44312720799999994,tw_support_offline,context_noise_refinement
tw,20262353,100,8,2,0.0,0.45,0.0,support_offline,1.0,1.0,deterministic,20.0,0.1,0.95,True,9026.855781149168,902685.5781149168,920185.679679614,98.0981988797315,17500.101564697223,0.72,0.85,0.07998662425158172,2.4199184048773805e-07,0.4415625000000034,tw_support_offline,context_noise_refinement
tw,20262354,100,8,2,0.0,0.45,0.0,support_offline,1.0,1.0,deterministic,20.0,0.1,0.95,True,5652.652314218974,565265.2314218974,722012.8036329,78.29019493528271,156747.57221100258,0.57,0.74,0.07117874234175972,2.5015425563853285e-07,0.44339520899999485,tw_support_offline,context_noise_refinement
tw,20262355,100,8,2,0.0,0.45,0.0,support_offline,1.0,1.0,deterministic,20.0,0.1,0.95,True,11841.885021139162,1184188.5021139162,1386565.473310452,85.4044417597276,202376.97119653574,0.65,0.79,0.08792271321505378,2.2624696007156691e-07,0.44308312500000113,tw_support_offline,context_noise_refinement
tw,20262356,100,8,2,0.0,0.45,0.0,support_offline,1.0,1.0,deterministic,20.0,0.1,0.95,True,7491.439930743642,749143.9930743643,809121.6553776072,92.58731219160707,59977.66230324295,0.68,0.85,0.08060046267495312,2.3553392475422438e-07,0.4434780420000024,tw_support_offline,context_noise_refinement
tw,20262357,100,8,2,0.0,0.45,0.0,support_offline,1.0,1.0,deterministic,20.0,0.1,0.95,True,8531.923874712418,853192.3874712418,1154648.4875145997,73.8919590418165,301456.10004335793,0.55,0.77,0.08414124213944245,2.2417547519983128e-07,0.4417612080000026,tw_support_offline,context_noise_refinement
tw,20262358,100,8,2,0.0,0.45,0.0,support_offline,1.0,1.0,deterministic,20.0,0.1,0.95,True,4304.425466303165,430442.54663031653,722466.7615919826,59.57956400399933,292024.21496166603,0.43,0.74,0.08891901938130914,2.0258981896847586e-07,0.4421462500000004,tw_support_offline,context_noise_refinement
exp4,20261395,100,8,2,0.0,0.45,0.1,dense,1.0,1.0,deterministic,20.0,0.1,0.95,False,7910.711753340807,791071.1753340807,873263.3686933675,90.58792612791396,82192.19335928676,0.68,0.91,0.2017693628604868,0.0658044456334459,0.4736623749999999,exp4_dense,context_noise_refinement
exp4,20261396,100,8,2,0.0,0.45,0.1,dense,1.0,1.0,deterministic,20.0,0.1,0.95,False,3617.356047425397,361735.6047425397,1020921.4670501588,35.43226549910203,659185.8623076191,0.17,0.56,0.1951600774597869,0.0727827812554407,0.4983433330000011,exp4_dense,context_noise_refinement
exp4,20261397,100,8,2,0.0,0.45,0.1,dense,1.0,1.0,deterministic,20.0,0.1,0.95,False,16688.291987497545,1668829.1987497546,1742411.5105535788,95.7769842911307,73582.31180382427,0.79,0.89,0.1925766236968007,0.0756182818569616,0.4730343330000011,exp4_dense,context_noise_refinement
exp4,20261398,100,8,2,0.0,0.45,0.1,dense,1.0,1.0,deterministic,20.0,0.1,0.95,False,5866.055735479932,586605.5735479932,605434.1617182259,96.89006842349347,18828.588170232717,0.45,0.76,0.19160863961992952,0.063228367150106,0.4564441250000044,exp4_dense,context_noise_refinement
exp4,20261399,100,8,2,0.0,0.45,0.1,dense,1.0,1.0,deterministic,20.0,0.1,0.95,False,9250.059727304753,925005.9727304754,920152.6695702735,100.52744542516716,-4853.303160201875,0.8,0.91,0.19728265857730637,0.07518249194004181,0.46082016599999776,exp4_dense,context_noise_refinement
exp4,20261400,100,8,2,0.0,0.45,0.1,dense,1.0,1.0,deterministic,20.0,0.1,0.95,False,6069.787902056093,606978.7902056093,723897.760124446,83.84869019366256,116918.96991883672,0.53,0.75,0.19526938474296718,0.07253568450154446,0.4664894590000017,exp4_dense,context_noise_refinement
exp4,20261401,100,8,2,0.0,0.45,0.1,dense,1.0,1.0,deterministic,20.0,0.1,0.95,False,12451.977102032282,1245197.7102032283,1320837.2613971638,94.27336331245493,75639.55119393556,0.74,0.88,0.2011428385944158,0.06686950280519081,0.461941834000001,exp4_dense,context_noise_refinement
exp4,20261402,100,8,2,0.0,0.45,0.1,dense,1.0,1.0,deterministic,20.0,0.1,0.95,False,8329.708049875511,832970.8049875511,916976.9348419887,90.83879575783295,84006.12985443766,0.55,0.72,0.20181134773506026,0.0736690569294295,0.46042645900000423,exp4_dense,context_noise_refinement
exp4,20261403,100,8,2,0.0,0.45,0.1,dense,1.0,1.0,deterministic,20.0,0.1,0.95,False,9918.810208464693,991881.0208464692,1128489.771752172,87.8945512555604,136608.7509057027,0.69,0.8,0.18678530862394768,0.05940327521187871,0.4597819589999972,exp4_dense,context_noise_refinement
exp4,20261404,100,8,2,0.0,0.45,0.1,dense,1.0,1.0,deterministic,20.0,0.1,0.95,False,6241.803819256348,624180.3819256348,755922.2136451971,82.57203858525618,131741.8317195623,0.52,0.72,0.19646340078050786,0.062425829612636125,0.45966204199999083,exp4_dense,context_noise_refinement
global_ucb_tw,20262374,100,8,2,0.0,0.45,0.1,dense,1.0,1.0,deterministic,20.0,0.1,0.95,False,7026.845656423169,702684.565642317,790111.43426435,88.93486857288255,87426.86862203304,0.64,0.82,0.2053946199738734,0.0636406482458786,0.468895333999999,global_ucb_tw_dense,context_noise_refinement
global_ucb_tw,20262375,100,8,2,0.0,0.45,0.1,dense,1.0,1.0,deterministic,20.0,0.1,0.95,False,8416.78078869338,841678.0788693381,1066759.0381491897,78.90048724870769,225080.95927985152,0.5,0.7,0.188970828417712,0.0498401880845425,0.4651571659999973,global_ucb_tw_dense,context_noise_refinement
global_ucb_tw,20262376,100,8,2,0.0,0.45,0.1,dense,1.0,1.0,deterministic,20.0,0.1,0.95,False,12513.656782120206,1251365.6782120203,1729180.0223016664,72.36757665904331,477814.3440896459,0.57,0.7,0.1900489555314617,0.0561624008115285,0.4676854579999983,global_ucb_tw_dense,context_noise_refinement
global_ucb_tw,20262377,100,8,2,0.0,0.45,0.1,dense,1.0,1.0,deterministic,20.0,0.1,0.95,False,4758.522393873709,475852.23938737094,630384.6437366073,75.48601383541882,154532.40434923634,0.38,0.66,0.2019127631931474,0.06083297242134219,0.4520161250000001,global_ucb_tw_dense,context_noise_refinement
global_ucb_tw,20262378,100,8,2,0.0,0.45,0.1,dense,1.0,1.0,deterministic,20.0,0.1,0.95,False,2484.5585916513287,248455.8591651329,795857.7414178203,31.21862692728337,547401.8822526875,0.22,0.52,0.17994553706453306,0.054434773777521574,0.45317270799999676,global_ucb_tw_dense,context_noise_refinement
global_ucb_tw,20262379,100,8,2,0.0,0.45,0.1,dense,1.0,1.0,deterministic,20.0,0.1,0.95,False,4110.1889124330455,411018.89124330453,705209.0440439836,58.283270005492085,294190.15280067903,0.37,0.6,0.1812902384368983,0.056349735803844336,0.45114654099999996,global_ucb_tw_dense,context_noise_refinement
global_ucb_tw,20262380,100,8,2,0.0,0.45,0.1,dense,1.0,1.0,deterministic,20.0,0.1,0.95,False,4626.7429486331675,462674.29486331675,1198587.4601225434,38.60162985653238,735913.1652592267,0.3,0.62,0.1743448153891664,0.05665487601184544,0.45260708399999316,global_ucb_tw_dense,context_noise_refinement
global_ucb_tw,20262381,100,8,2,0.0,0.45,0.1,dense,1.0,1.0,deterministic,20.0,0.1,0.95,False,2612.7377288336183,261273.77288336185,655496.7997217996,39.85889374200598,394223.0268384377,0.27,0.6,0.1906103945144222,0.054386640196977275,0.45231612499999585,global_ucb_tw_dense,context_noise_refinement
global_ucb_tw,20262382,100,8,2,0.0,0.45,0.1,dense,1.0,1.0,deterministic,20.0,0.1,0.95,False,9468.696626095269,946869.6626095269,1158188.5731282646,81.75436060917386,211318.91051873774,0.58,0.69,0.19465058704974836,0.05893984941660576,0.4476852089999994,global_ucb_tw_dense,context_noise_refinement
global_ucb_tw,20262383,100,8,2,0.0,0.45,0.1,dense,1.0,1.0,deterministic,20.0,0.1,0.95,False,5780.54132688361,578054.132688361,732600.8725704935,78.90437403659227,154546.7398821325,0.46,0.63,0.1951846905991455,0.06581391720852378,0.4468758750000035,global_ucb_tw_dense,context_noise_refinement
local_ucb_tw,20262272,100,8,2,0.0,0.45,0.1,dense,1.0,1.0,deterministic,20.0,0.1,0.95,False,7375.799221276217,737579.9221276217,800480.9382561597,92.1420969416752,62901.01612853794,0.65,0.81,0.2009060722400928,0.053160076468474,0.4687888750000013,local_ucb_tw_dense,context_noise_refinement
local_ucb_tw,20262273,100,8,2,0.0,0.45,0.1,dense,1.0,1.0,deterministic,20.0,0.1,0.95,False,8253.363927510112,825336.3927510112,1122088.4169279814,73.55359705170038,296752.02417697024,0.48,0.69,0.1781073665160965,0.0551470421260015,0.472151917000005,local_ucb_tw_dense,context_noise_refinement
local_ucb_tw,20262274,100,8,2,0.0,0.45,0.1,dense,1.0,1.0,deterministic,20.0,0.1,0.95,False,15265.89440814702,1526589.440814702,1805897.400227497,84.53356434437475,279307.959412795,0.69,0.82,0.1980277850072802,0.0597930403544396,0.4635378329999966,local_ucb_tw_dense,context_noise_refinement
local_ucb_tw,20262275,100,8,2,0.0,0.45,0.1,dense,1.0,1.0,deterministic,20.0,0.1,0.95,False,5461.102602173622,546110.2602173622,686144.8135186832,79.59110809521437,140034.553301321,0.47,0.76,0.19303456825155293,0.054110149872969665,0.4500970840000065,local_ucb_tw_dense,context_noise_refinement
local_ucb_tw,20262276,100,8,2,0.0,0.45,0.1,dense,1.0,1.0,deterministic,20.0,0.1,0.95,False,6193.794293321633,619379.4293321633,780580.5411971813,79.34856131338057,161201.11186501803,0.54,0.81,0.17933874089902943,0.05220052126614145,0.45007183399999917,local_ucb_tw_dense,context_noise_refinement
local_ucb_tw,20262277,100,8,2,0.0,0.45,0.1,dense,1.0,1.0,deterministic,20.0,0.1,0.95,False,6065.482316017912,606548.2316017912,689481.2876871306,87.97167413149981,82933.0560853394,0.54,0.81,0.18563319606839873,0.06824795807538393,0.4523297079999935,local_ucb_tw_dense,context_noise_refinement
local_ucb_tw,20262278,100,8,2,0.0,0.45,0.1,dense,1.0,1.0,deterministic,20.0,0.1,0.95,False,10388.44619859496,1038844.619859496,1261662.03602313,82.33937379411256,222817.41616363393,0.62,0.83,0.18643897791685693,0.05975187816159734,0.45125620800000377,local_ucb_tw_dense,context_noise_refinement
local_ucb_tw,20262279,100,8,2,0.0,0.45,0.1,dense,1.0,1.0,deterministic,20.0,0.1,0.95,False,4267.283414429479,426728.341442948,731548.2103604944,58.33222409670903,304819.86891754647,0.35,0.63,0.19893254192343898,0.05739438770310744,0.44954358399999705,local_ucb_tw_dense,context_noise_refinement
local_ucb_tw,20262280,100,8,2,0.0,0.45,0.1,dense,1.0,1.0,deterministic,20.0,0.1,0.95,False,10244.246078970677,1024424.6078970677,1233983.5997585629,83.0176841975455,209558.9918614952,0.61,0.8,0.17724274568436066,0.058790892426788637,0.45979337500000383,local_ucb_tw_dense,context_noise_refinement
local_ucb_tw,20262281,100,8,2,0.0,0.45,0.1,dense,1.0,1.0,deterministic,20.0,0.1,0.95,False,3538.5376721813373,353853.7672181337,741801.6129860802,47.70194092645816,387947.8457679465,0.36,0.54,0.1890041402175694,0.05580284471410422,0.4622008340000008,local_ucb_tw_dense,context_noise_refinement
oracle,20261640,100,8,2,0.0,0.45,0.1,dense,1.0,1.0,deterministic,20.0,0.1,0.95,False,8731.68578978647,873168.578978647,878259.5736949847,99.42033142947488,5090.994716337649,0.95,0.99,0.1723597908301413,0.0585264899942546,0.0218727499999999,oracle,context_noise_refinement
oracle,20261641,100,8,2,0.0,0.45,0.1,dense,1.0,1.0,deterministic,20.0,0.1,0.95,False,12104.241355841155,1210424.1355841155,1246817.1685877258,97.08112513041245,36393.03300361009,0.97,1.0,0.1982619288992861,0.0608173509879914,0.0217810000000042,oracle,context_noise_refinement
oracle,20261642,100,8,2,0.0,0.45,0.1,dense,1.0,1.0,deterministic,20.0,0.1,0.95,False,16749.22984760339,1674922.9847603391,1721234.9809434854,97.30937398461651,46311.99618314626,0.94,0.97,0.1969047367207604,0.0650548270812451,0.0219936670000038,oracle,context_noise_refinement
oracle,20261643,100,8,2,0.0,0.45,0.1,dense,1.0,1.0,deterministic,20.0,0.1,0.95,False,7162.562968079537,716256.2968079537,758335.6422742533,94.45109221820256,42079.345466299565,0.93,0.96,0.17691608095411532,0.057652748182109796,0.021561375000004546,oracle,context_noise_refinement
oracle,20261644,100,8,2,0.0,0.45,0.1,dense,1.0,1.0,deterministic,20.0,0.1,0.95,False,9046.43803473745,904643.803473745,910727.9253411463,99.33194956494583,6084.121867401293,0.96,0.98,0.19543205814168632,0.06561918665025734,0.02145274999999458,oracle,context_noise_refinement
oracle,20261645,100,8,2,0.0,0.45,0.1,dense,1.0,1.0,deterministic,20.0,0.1,0.95,False,7254.834485958843,725483.4485958844,755517.2483347498,96.02473672109228,30033.799738865462,0.9,0.98,0.17863109611599406,0.05873434037308082,0.021454457999993792,oracle,context_noise_refinement
oracle,20261646,100,8,2,0.0,0.45,0.1,dense,1.0,1.0,deterministic,20.0,0.1,0.95,False,11935.509757391936,1193550.9757391936,1291522.715345243,92.41424572390427,97971.73960604938,0.86,0.95,0.1977817093026358,0.059587892489902386,0.021535374999999135,oracle,context_noise_refinement
oracle,20261647,100,8,2,0.0,0.45,0.1,dense,1.0,1.0,deterministic,20.0,0.1,0.95,False,7625.364613846701,762536.4613846701,791491.1956902043,96.34174903483485,28954.734305534163,0.91,0.97,0.20226353300554104,0.058765731047501726,0.021458707999997273,oracle,context_noise_refinement
oracle,20261648,100,8,2,0.0,0.45,0.1,dense,1.0,1.0,deterministic,20.0,0.1,0.95,False,11882.696883862971,1188269.688386297,1222971.0675814333,97.16253473896465,34701.37919513625,0.9,0.96,0.1840442876853088,0.0647422865101475,0.021538083000010033,oracle,context_noise_refinement
oracle,20261649,100,8,2,0.0,0.45,0.1,dense,1.0,1.0,deterministic,20.0,0.1,0.95,False,7389.861541613203,738986.1541613203,803589.3030782258,91.96067584903919,64603.14891690551,0.83,0.94,0.18358498126255052,0.060061017383258565,0.021523041000008902,oracle,context_noise_refinement
state_thompson,20262538,100,8,2,0.0,0.45,0.1,dense,1.0,1.0,deterministic,20.0,0.1,0.95,False,5083.330303915977,508333.0303915978,788171.4260360777,64.49523715267614,279838.3956444799,0.36,0.54,0.1960986530815668,0.0577989200393484,0.023934999999998,state_thompson,context_noise_refinement
state_thompson,20262539,100,8,2,0.0,0.45,0.1,dense,1.0,1.0,deterministic,20.0,0.1,0.95,False,5704.911020347012,570491.1020347012,1029535.1179926106,55.41249560743938,459044.0159579094,0.28,0.58,0.1774912032573406,0.0593291340660356,0.0239004170000001,state_thompson,context_noise_refinement
state_thompson,20262540,100,8,2,0.0,0.45,0.1,dense,1.0,1.0,deterministic,20.0,0.1,0.95,False,12874.512977060853,1287451.297706085,1600179.4993145815,80.45667990731977,312728.2016084965,0.59,0.78,0.1931400281581416,0.0610572548674616,0.0241639579999954,state_thompson,context_noise_refinement
state_thompson,20262541,100,8,2,0.0,0.45,0.1,dense,1.0,1.0,deterministic,20.0,0.1,0.95,False,5700.725387967969,570072.5387967969,679239.6744924003,83.92803898311969,109167.13569560333,0.54,0.76,0.18211677892839237,0.05710563887687458,0.02365166699999577,state_thompson,context_noise_refinement
state_thompson,20262542,100,8,2,0.0,0.45,0.1,dense,1.0,1.0,deterministic,20.0,0.1,0.95,False,4530.358418925814,453035.8418925814,729314.7205170142,62.11801697508895,276278.8786244328,0.34,0.52,0.18044765936476906,0.05828109789489207,0.023585041000004026,state_thompson,context_noise_refinement
state_thompson,20262543,100,8,2,0.0,0.45,0.1,dense,1.0,1.0,deterministic,20.0,0.1,0.95,False,5811.441947739002,581144.1947739002,659598.9488489759,88.1056884320416,78454.75407507573,0.54,0.78,0.18126841397455964,0.06183874403962354,0.023562416000004305,state_thompson,context_noise_refinement
state_thompson,20262544,100,8,2,0.0,0.45,0.1,dense,1.0,1.0,deterministic,20.0,0.1,0.95,False,8296.98338096607,829698.3380966071,1169354.1644722994,70.95355396207354,339655.82637569227,0.39,0.62,0.18719261677509533,0.06091201752635356,0.023590999999996143,state_thompson,context_noise_refinement
state_thompson,20262545,100,8,2,0.0,0.45,0.1,dense,1.0,1.0,deterministic,20.0,0.1,0.95,False,2851.7126949988988,285171.26949988987,659433.5511136312,43.24488328176529,374262.28161374136,0.18,0.45,0.18144133220824651,0.06084054137178376,0.02362129099999777,state_thompson,context_noise_refinement
state_thompson,20262546,100,8,2,0.0,0.45,0.1,dense,1.0,1.0,deterministic,20.0,0.1,0.95,False,5226.06293301492,522606.29330149206,1048111.3546555007,49.861714690922824,525505.0613540087,0.21,0.62,0.19546430977480164,0.06350005857731503,0.02355691600000398,state_thompson,context_noise_refinement
state_thompson,20262547,100,8,2,0.0,0.45,0.1,dense,1.0,1.0,deterministic,20.0,0.1,0.95,False,5185.178757788348,518517.87577883474,737468.2605108455,70.31053450621137,218950.38473201072,0.44,0.53,0.17566595530317877,0.053843420793281645,0.023607583999989856,state_thompson,context_noise_refinement
tm_tw,20261565,100,8,2,0.0,0.45,0.1,dense,1.0,1.0,deterministic,20.0,0.1,0.95,False,7271.590480100737,727159.0480100737,774659.9767934678,93.86815761671158,47500.92878339405,0.63,0.82,0.1986738612387771,0.0579102283471415,0.4718072499999977,tm_tw_dense,context_noise_refinement
tm_tw,20261566,100,8,2,0.0,0.45,0.1,dense,1.0,1.0,deterministic,20.0,0.1,0.95,False,10332.697327148186,1033269.7327148186,1192737.1089300455,86.63013207006878,159467.37621522695,0.58,0.78,0.2025393094457719,0.0565929790442533,0.4818235000000044,tm_tw_dense,context_noise_refinement
tm_tw,20261567,100,8,2,0.0,0.45,0.1,dense,1.0,1.0,deterministic,20.0,0.1,0.95,False,14821.92296995838,1482192.2969958382,1686776.782251771,87.87127689872386,204584.4852559329,0.73,0.8,0.2090318343007577,0.0562060939440816,0.4676869999999979,tm_tw_dense,context_noise_refinement
tm_tw,20261568,100,8,2,0.0,0.45,0.1,dense,1.0,1.0,deterministic,20.0,0.1,0.95,False,5365.946846258218,536594.6846258218,674445.1651100442,79.56090611729267,137850.4804842224,0.41,0.69,0.1938448351740664,0.05283970493121077,0.45412754200000904,tm_tw_dense,context_noise_refinement
tm_tw,20261569,100,8,2,0.0,0.45,0.1,dense,1.0,1.0,deterministic,20.0,0.1,0.95,False,7593.88958498871,759388.9584988711,886564.3033705661,85.65525993002468,127175.34487169504,0.7,0.79,0.18354336358761908,0.0590996414579536,0.4505962920000002,tm_tw_dense,context_noise_refinement
tm_tw,20261570,100,8,2,0.0,0.45,0.1,dense,1.0,1.0,deterministic,20.0,0.1,0.95,False,4693.708198265478,469370.8198265478,684143.7132355849,68.6070500606822,214772.8934090371,0.37,0.62,0.20253371458277586,0.055295479876082826,0.4506690409999976,tm_tw_dense,context_noise_refinement
tm_tw,20261571,100,8,2,0.0,0.45,0.1,dense,1.0,1.0,deterministic,20.0,0.1,0.95,False,7444.478169302596,744447.8169302596,1221666.595933093,60.93706903409765,477218.7790028334,0.44,0.64,0.1959765662169235,0.04989112855097298,0.45140729199999896,tm_tw_dense,context_noise_refinement
tm_tw,20261572,100,8,2,0.0,0.45,0.1,dense,1.0,1.0,deterministic,20.0,0.1,0.95,False,6743.156395198507,674315.6395198507,781425.8012378081,86.29298372944805,107110.16171795735,0.47,0.73,0.18610484663878082,0.06247101721974654,0.452617625000002,tm_tw_dense,context_noise_refinement
tm_tw,20261573,100,8,2,0.0,0.45,0.1,dense,1.0,1.0,deterministic,20.0,0.1,0.95,False,11024.616429303764,1102461.6429303763,1270111.1511629391,86.80040655661833,167649.5082325628,0.67,0.8,0.19859937349630113,0.05460619452322651,0.45242179199999555,tm_tw_dense,context_noise_refinement
tm_tw,20261574,100,8,2,0.0,0.45,0.1,dense,1.0,1.0,deterministic,20.0,0.1,0.95,False,6330.036541701472,633003.6541701471,788787.3530457983,80.25022862320081,155783.6988756511,0.53,0.66,0.1810298963898329,0.05672987006086938,0.4537091669999995,tm_tw_dense,context_noise_refinement
tm_tw,20262389,100,8,2,0.0,0.45,0.1,gated_offline,1.0,1.0,deterministic,20.0,0.1,0.95,False,7669.233954151185,766923.3954151184,896873.8462713057,85.51073248523772,129950.45085618726,0.73,0.86,0.1242860303719937,0.037192019600073,0.4703423340000014,tm_tw_gated_offline,context_noise_refinement
tm_tw,20262390,100,8,2,0.0,0.45,0.1,gated_offline,1.0,1.0,deterministic,20.0,0.1,0.95,False,10568.093177997887,1056809.317799789,1184970.3716759663,89.18445077281444,128161.05387617787,0.72,0.82,0.1376971926478068,0.0377300414408637,0.4716214999999977,tm_tw_gated_offline,context_noise_refinement
tm_tw,20262391,100,8,2,0.0,0.45,0.1,gated_offline,1.0,1.0,deterministic,20.0,0.1,0.95,False,17796.023026082745,1779602.3026082746,1850002.6226484943,96.19458268986486,70400.3200402197,0.84,0.9,0.1208589879087522,0.04030335506192,0.4675932500000002,tm_tw_gated_offline,context_noise_refinement
tm_tw,20262392,100,8,2,0.0,0.45,0.1,gated_offline,1.0,1.0,deterministic,20.0,0.1,0.95,False,4903.42461136042,490342.4611360421,687128.7532042098,71.36107444921836,196786.29206816776,0.55,0.8,0.12926061692859186,0.04343475997537261,0.4611345419999964,tm_tw_gated_offline,context_noise_refinement
tm_tw,20262393,100,8,2,0.0,0.45,0.1,gated_offline,1.0,1.0,deterministic,20.0,0.1,0.95,False,8299.938094222858,829993.8094222859,955341.8697700131,86.87924560682102,125348.06034772727,0.73,0.81,0.12267654482994612,0.037269694781735224,0.45558675000000903,tm_tw_gated_offline,context_noise_refinement
tm_tw,20262394,100,8,2,0.0,0.45,0.1,gated_offline,1.0,1.0,deterministic,20.0,0.1,0.95,False,5117.732000225998,511773.2000225997,704277.6507859787,72.66639789739989,192504.45076337893,0.54,0.73,0.12268790718409063,0.03989797742907495,0.45330049999999744,tm_tw_gated_offline,context_noise_refinement
tm_tw,20262395,100,8,2,0.0,0.45,0.1,gated_offline,1.0,1.0,deterministic,20.0,0.1,0.95,False,4484.799143981175,448479.91439811746,1113265.8273562754,40.285069691139604,664785.912958158,0.31,0.6,0.12883080876349912,0.0377467659337663,0.4527274590000019,tm_tw_gated_offline,context_noise_refinement
tm_tw,20262396,100,8,2,0.0,0.45,0.1,gated_offline,1.0,1.0,deterministic,20.0,0.1,0.95,False,2875.818714526762,287581.8714526762,612961.6794288855,46.9167781778177,325379.80797620927,0.36,0.65,0.12112340223158925,0.039783150601374204,0.45182220799999584,tm_tw_gated_offline,context_noise_refinement
tm_tw,20262397,100,8,2,0.0,0.45,0.1,gated_offline,1.0,1.0,deterministic,20.0,0.1,0.95,False,4205.686240806043,420568.6240806043,1125401.229405903,37.370549550814125,704832.6053252987,0.11,0.49,0.11880696538787576,0.040962873221930964,0.4516862499999945,tm_tw_gated_offline,context_noise_refinement
tm_tw,20262398,100,8,2,0.0,0.45,0.1,gated_offline,1.0,1.0,deterministic,20.0,0.1,0.95,False,3489.655146994331,348965.5146994331,677562.9117382374,51.50304254466763,328597.39703880425,0.29,0.54,0.11854711112586733,0.038527943462192175,0.45230974999999773,tm_tw_gated_offline,context_noise_refinement
tm_tw,20263345,100,8,2,0.0,0.45,0.1,gated_offline_low_rank,1.0,1.0,deterministic,20.0,0.1,0.95,False,7545.961536411749,754596.1536411749,879760.7887124217,85.77287864188263,125164.63507124675,0.69,0.86,0.1168648405751714,0.0396234519283936,0.5099479169999981,tm_tw_gated_offline_low_rank,context_noise_refinement
tm_tw,20263346,100,8,2,0.0,0.45,0.1,gated_offline_low_rank,1.0,1.0,deterministic,20.0,0.1,0.95,False,10524.113302027026,1052411.330202703,1209366.1858184177,87.02172613586856,156954.85561571503,0.6,0.78,0.1167414773378992,0.042449790971951,0.5150912090000048,tm_tw_gated_offline_low_rank,context_noise_refinement
tm_tw,20263347,100,8,2,0.0,0.45,0.1,gated_offline_low_rank,1.0,1.0,deterministic,20.0,0.1,0.95,False,16672.607618796555,1667260.7618796555,1778957.232477935,93.7212391304823,111696.4705982795,0.78,0.86,0.1229359352263827,0.0403622881800156,0.5097269580000017,tm_tw_gated_offline_low_rank,context_noise_refinement
tm_tw,20263348,100,8,2,0.0,0.45,0.1,gated_offline_low_rank,1.0,1.0,deterministic,20.0,0.1,0.95,False,4366.246588596499,436624.6588596499,608997.6827378911,71.69561908621752,172373.0238782412,0.35,0.54,0.11373192506806942,0.04438410109952242,0.49140645800000016,tm_tw_gated_offline_low_rank,context_noise_refinement
tm_tw,20263349,100,8,2,0.0,0.45,0.1,gated_offline_low_rank,1.0,1.0,deterministic,20.0,0.1,0.95,False,3036.537285986176,303653.7285986176,789676.417570977,38.45293107937149,486022.6889723594,0.32,0.53,0.1125437066820095,0.038833803566540315,0.4899707499999977,tm_tw_gated_offline_low_rank,context_noise_refinement
tm_tw,20263350,100,8,2,0.0,0.45,0.1,gated_offline_low_rank,1.0,1.0,deterministic,20.0,0.1,0.95,False,5047.162646979319,504716.2646979319,680189.1353919028,74.20234144244759,175472.87069397088,0.42,0.71,0.12453276491330259,0.03774234152572476,0.4905203750000027,tm_tw_gated_offline_low_rank,context_noise_refinement
tm_tw,20263351,100,8,2,0.0,0.45,0.1,gated_offline_low_rank,1.0,1.0,deterministic,20.0,0.1,0.95,False,3984.335015370966,398433.5015370966,1013925.1174061734,39.296146697339005,615491.6158690767,0.14,0.38,0.1252470882443916,0.042607905121745775,0.49524758300000826,tm_tw_gated_offline_low_rank,context_noise_refinement
tm_tw,20263352,100,8,2,0.0,0.45,0.1,gated_offline_low_rank,1.0,1.0,deterministic,20.0,0.1,0.95,False,7072.757400106772,707275.7400106773,796482.3103222869,88.79993075106549,89206.57031160966,0.56,0.7,0.12077517891342161,0.04022749005758511,0.49785241699999006,tm_tw_gated_offline_low_rank,context_noise_refinement
tm_tw,20263353,100,8,2,0.0,0.45,0.1,gated_offline_low_rank,1.0,1.0,deterministic,20.0,0.1,0.95,False,159.64640985501504,15964.640985501503,1100708.0558618105,1.450397396519627,1084743.414876309,0.0,0.01,0.12306631277556439,0.04377424401947803,0.49991425000000334,tm_tw_gated_offline_low_rank,context_noise_refinement
tm_tw,20263354,100,8,2,0.0,0.45,0.1,gated_offline_low_rank,1.0,1.0,deterministic,20.0,0.1,0.95,False,2860.2025314403063,286020.25314403063,648376.4982870258,44.11329742821957,362356.2451429952,0.22,0.46,0.11209231085460071,0.04222598845404115,0.49716345899999226,tm_tw_gated_offline_low_rank,context_noise_refinement
tm_tw_refined,20262393,100,8,2,0.0,0.45,0.1,dense,1.0,1.0,deterministic,20.0,0.1,0.95,False,7124.866408753713,712486.6408753713,762776.9491924719,93.4069444061804,50290.30831710063,0.61,0.8,0.2008874942614813,0.0626646008581787,0.4709945419999997,tm_tw_refined_dense,context_noise_refinement
tm_tw_refined,20262394,100,8,2,0.0,0.45,0.1,dense,1.0,1.0,deterministic,20.0,0.1,0.95,False,10937.679208262058,1093767.9208262058,1147229.6033940185,95.3399317442952,53461.6825678125,0.67,0.83,0.194007092604932,0.0658434491679813,0.4870863749999969,tm_tw_refined_dense,context_noise_refinement
tm_tw_refined,20262395,100,8,2,0.0,0.45,0.1,dense,1.0,1.0,deterministic,20.0,0.1,0.95,False,14886.106406297718,1488610.640629772,1663242.826424674,89.50049968528687,174632.18579490227,0.75,0.87,0.1881872422621129,0.063207359887043,0.4649173330000025,tm_tw_refined_dense,context_noise_refinement
tm_tw_refined,20262396,100,8,2,0.0,0.45,0.1,dense,1.0,1.0,deterministic,20.0,0.1,0.95,False,6131.317200764748,613131.7200764748,694042.9890085002,88.34203785451186,80911.26893202541,0.52,0.75,0.18931936166951915,0.061835223238554726,0.45993658300000106,tm_tw_refined_dense,context_noise_refinement
tm_tw_refined,20262397,100,8,2,0.0,0.45,0.1,dense,1.0,1.0,deterministic,20.0,0.1,0.95,False,8781.071069676667,878107.1069676668,863705.0206189266,101.66747743788957,-14402.086348740151,0.78,0.93,0.2000685229289836,0.0682806896274969,0.4540150830000016,tm_tw_refined_dense,context_noise_refinement
tm_tw_refined,20262398,100,8,2,0.0,0.45,0.1,dense,1.0,1.0,deterministic,20.0,0.1,0.95,False,6169.898467043797,616989.8467043797,690710.0514561167,89.32689562048152,73720.20475173707,0.62,0.83,0.18885538277904476,0.05342666400089742,0.4539952920000019,tm_tw_refined_dense,context_noise_refinement
tm_tw_refined,20262399,100,8,2,0.0,0.45,0.1,dense,1.0,1.0,deterministic,20.0,0.1,0.95,False,11760.588675639947,1176058.8675639946,1300161.6539382474,90.45481875285739,124102.78637425276,0.63,0.81,0.19951635224426642,0.05873706588497359,0.4535910830000063,tm_tw_refined_dense,context_noise_refinement
tm_tw_refined,20262400,100,8,2,0.0,0.45,0.1,dense,1.0,1.0,deterministic,20.0,0.1,0.95,False,6182.252513238055,618225.2513238055,797503.3784560981,77.52007929052783,179278.1271322926,0.43,0.72,0.18649937599071004,0.058679580328397485,0.4548703749999987,tm_tw_refined_dense,context_noise_refinement
tm_tw_refined,20262401,100,8,2,0.0,0.45,0.1,dense,1.0,1.0,deterministic,20.0,0.1,0.95,False,9433.676298182816,943367.6298182816,1185273.2847762955,79.59072746639436,241905.6549580139,0.54,0.75,0.18819350473395877,0.05905864619926113,0.45428654099998766,tm_tw_refined_dense,context_noise_refinement
tm_tw_refined,20262402,100,8,2,0.0,0.45,0.1,dense,1.0,1.0,deterministic,20.0,0.1,0.95,False,6932.760804241053,693276.0804241053,762011.3973257849,90.97975212143801,68735.31690167962,0.59,0.78,0.16846588324534037,0.05347861761513345,0.454489707999997,tm_tw_refined_dense,context_noise_refinement
tm_tw_refined,20263217,100,8,2,0.0,0.45,0.1,gated_offline,1.0,1.0,deterministic,20.0,0.1,0.95,False,8021.907741853571,802190.774185357,840377.3575076547,95.456019491583,38186.58332229767,0.72,0.93,0.1148076519733965,0.0401074162961747,0.4730948329999975,tm_tw_refined_gated_offline,context_noise_refinement
tm_tw_refined,20263218,100,8,2,0.0,0.45,0.1,gated_offline,1.0,1.0,deterministic,20.0,0.1,0.95,False,10021.315460526132,1002131.5460526132,1116886.513154318,89.72545860746291,114754.96710170456,0.69,0.85,0.1133719305382852,0.0362125735113665,0.4698212499999954,tm_tw_refined_gated_offline,context_noise_refinement
tm_tw_refined,20263219,100,8,2,0.0,0.45,0.1,gated_offline,1.0,1.0,deterministic,20.0,0.1,0.95,False,14452.291380859151,1445229.1380859152,1672873.4773316686,86.39201694984969,227644.33924575336,0.7,0.84,0.1158332346663531,0.0391620119537256,0.4697154170000033,tm_tw_refined_gated_offline,context_noise_refinement
tm_tw_refined,20263220,100,8,2,0.0,0.45,0.1,gated_offline,1.0,1.0,deterministic,20.0,0.1,0.95,False,5093.228864076736,509322.88640767353,608062.4947867768,83.76160193637212,98739.6083791033,0.42,0.63,0.11631754180345724,0.04177621552679734,0.45606287500000064,tm_tw_refined_gated_offline,context_noise_refinement
tm_tw_refined,20263221,100,8,2,0.0,0.45,0.1,gated_offline,1.0,1.0,deterministic,20.0,0.1,0.95,False,8730.443500612702,873044.3500612703,848015.4421347212,102.95146841471937,-25028.907926549087,0.75,0.89,0.126423655754317,0.04173984442720073,0.4556890839999994,tm_tw_refined_gated_offline,context_noise_refinement
tm_tw_refined,20263222,100,8,2,0.0,0.45,0.1,gated_offline,1.0,1.0,deterministic,20.0,0.1,0.95,False,6793.059476236673,679305.9476236673,719839.4879187443,94.3690863066889,40533.54029507702,0.65,0.91,0.10929676902511369,0.038033881017183385,0.4551670830000063,tm_tw_refined_gated_offline,context_noise_refinement
tm_tw_refined,20263223,100,8,2,0.0,0.45,0.1,gated_offline,1.0,1.0,deterministic,20.0,0.1,0.95,False,11529.862807079246,1152986.2807079246,1228665.4871506316,93.84053615616625,75679.20644270699,0.65,0.84,0.11044077081339801,0.03820467707705699,0.4539048749999921,tm_tw_refined_gated_offline,context_noise_refinement
tm_tw_refined,20263224,100,8,2,0.0,0.45,0.1,gated_offline,1.0,1.0,deterministic,20.0,0.1,0.95,False,6601.6162010117305,660161.6201011731,795760.9379883214,82.95979214185324,135599.31788714835,0.45,0.63,0.12732827204350325,0.04253290250822188,0.45660091700000294,tm_tw_refined_gated_offline,context_noise_refinement
tm_tw_refined,20263225,100,8,2,0.0,0.45,0.1,gated_offline,1.0,1.0,deterministic,20.0,0.1,0.95,False,11241.54038698841,1124154.0386988411,1277431.454005945,88.00112406607529,153277.4153071039,0.63,0.89,0.11730468002517927,0.0388033023186726,0.455095041000007,tm_tw_refined_gated_offline,context_noise_refinement
tm_tw_refined,20263226,100,8,2,0.0,0.45,0.1,gated_offline,1.0,1.0,deterministic,20.0,0.1,0.95,False,6503.388610852209,650338.8610852209,767744.0415579745,84.70777054361704,117405.1804727536,0.53,0.71,0.13650802810316867,0.04144907382697267,0.4553182500000048,tm_tw_refined_gated_offline,context_noise_refinement
tm_tw_refined,20263217,100,8,2,0.0,0.45,0.1,gated_offline,1.0,1.0,beta,20.0,0.1,0.95,False,7871.113605362591,787111.3605362591,802110.1826084494,98.1300795829054,14998.822072190233,0.59,0.93,0.1305826623176846,0.0400439887505061,0.5071845419999974,tm_tw_refined_gated_offline_best_beta,context_noise_refinement
tm_tw_refined,20263218,100,8,2,0.0,0.45,0.1,gated_offline,1.0,1.0,beta,20.0,0.1,0.95,False,10386.36344540281,1038636.3445402812,1097804.038616056,94.61035922673736,59167.69407577498,0.63,0.86,0.1200012414035932,0.0387708373903596,0.4975388330000001,tm_tw_refined_gated_offline_best_beta,context_noise_refinement
tm_tw_refined,20263219,100,8,2,0.0,0.45,0.1,gated_offline,1.0,1.0,beta,20.0,0.1,0.95,False,16454.295088851715,1645429.5088851715,1769959.347509808,92.9642543033635,124529.83862463664,0.78,0.91,0.1219518623213781,0.0402305345079428,0.4939174160000021,tm_tw_refined_gated_offline_best_beta,context_noise_refinement
tm_tw_refined,20263220,100,8,2,0.0,0.45,0.1,gated_offline,1.0,1.0,beta,20.0,0.1,0.95,False,6220.940062834348,622094.0062834348,678700.5120912502,91.65957520300137,56606.50580781535,0.57,0.87,0.11698477581437328,0.03863986370533644,0.457879915999996,tm_tw_refined_gated_offline_best_beta,context_noise_refinement
tm_tw_refined,20263221,100,8,2,0.0,0.45,0.1,gated_offline,1.0,1.0,beta,20.0,0.1,0.95,False,9475.289068131817,947528.9068131816,963228.9778081771,98.37005827724153,15700.070994995534,0.86,0.95,0.1252151494817649,0.041736019880789184,0.45767691700000057,tm_tw_refined_gated_offline_best_beta,context_noise_refinement
tm_tw_refined,20263222,100,8,2,0.0,0.45,0.1,gated_offline,1.0,1.0,beta,20.0,0.1,0.95,False,6666.892891953493,666689.2891953493,694003.0668151309,96.06431456490128,27313.777619781555,0.7,0.92,0.11877940563708193,0.03606194583548332,0.457430875,tm_tw_refined_gated_offline_best_beta,context_noise_refinement
tm_tw_refined,20263223,100,8,2,0.0,0.45,0.1,gated_offline,1.0,1.0,beta,20.0,0.1,0.95,False,12087.606147259366,1208760.6147259367,1299458.1177530275,93.02035965699908,90697.5030270908,0.61,0.92,0.11705450065993891,0.038799879061681836,0.4578826669999927,tm_tw_refined_gated_offline_best_beta,context_noise_refinement
tm_tw_refined,20263224,100,8,2,0.0,0.45,0.1,gated_offline,1.0,1.0,beta,20.0,0.1,0.95,False,6615.018616413089,661501.8616413089,854305.934096895,77.43149558484532,192804.07245558617,0.46,0.63,0.12353436032259296,0.04278228570760699,0.4565583329999896,tm_tw_refined_gated_offline_best_beta,context_noise_refinement
tm_tw_refined,20263225,100,8,2,0.0,0.45,0.1,gated_offline,1.0,1.0,beta,20.0,0.1,0.95,False,9774.002856349976,977400.2856349977,1245525.785223222,78.4729065612904,268125.49958822445,0.5,0.87,0.12060968295274885,0.0382157000322763,0.4566570839999997,tm_tw_refined_gated_offline_best_beta,context_noise_refinement
tm_tw_refined,20263226,100,8,2,0.0,0.45,0.1,gated_offline,1.0,1.0,beta,20.0,0.1,0.95,False,6161.4012990039855,616140.1299003985,715753.6494574995,86.0827088157214,99613.51955710095,0.56,0.74,0.1291752670204675,0.03573914064807257,0.4577350840000065,tm_tw_refined_gated_offline_best_beta,context_noise_refinement
tm_tw_refined,20264173,100,8,2,0.0,0.45,0.1,gated_offline_low_rank,1.0,1.0,deterministic,20.0,0.1,0.95,False,7913.419173811105,791341.9173811105,858196.8376000425,92.20983843218386,66854.92021893198,0.71,0.86,0.1241274255643848,0.0418412544142999,0.5118065419999951,tm_tw_refined_gated_offline_low_rank,context_noise_refinement
tm_tw_refined,20264174,100,8,2,0.0,0.45,0.1,gated_offline_low_rank,1.0,1.0,deterministic,20.0,0.1,0.95,False,12228.224283645652,1222822.4283645651,1252819.8415954714,97.60560838558364,29997.41323090624,0.7,0.86,0.1220744691038533,0.0398443479327452,0.5145790420000012,tm_tw_refined_gated_offline_low_rank,context_noise_refinement
tm_tw_refined,20264175,100,8,2,0.0,0.45,0.1,gated_offline_low_rank,1.0,1.0,deterministic,20.0,0.1,0.95,False,15572.896375568307,1557289.637556831,1708019.4983619945,91.17516744102072,150729.86080516363,0.76,0.87,0.1267547570373001,0.0411249745749671,0.5115054169999951,tm_tw_refined_gated_offline_low_rank,context_noise_refinement
tm_tw_refined,20264176,100,8,2,0.0,0.45,0.1,gated_offline_low_rank,1.0,1.0,deterministic,20.0,0.1,0.95,False,4536.512065423287,453651.2065423287,602585.0488292426,75.28417895925625,148933.8422869139,0.39,0.57,0.1235546743815507,0.04295279846214015,0.49293349999999236,tm_tw_refined_gated_offline_low_rank,context_noise_refinement
tm_tw_refined,20264177,100,8,2,0.0,0.45,0.1,gated_offline_low_rank,1.0,1.0,deterministic,20.0,0.1,0.95,False,8843.979071980777,884397.9071980776,888019.8563532281,99.59213196312699,3621.949155150447,0.76,0.9,0.11172073612491941,0.0388290283710155,0.49322316699999647,tm_tw_refined_gated_offline_low_rank,context_noise_refinement
tm_tw_refined,20264178,100,8,2,0.0,0.45,0.1,gated_offline_low_rank,1.0,1.0,deterministic,20.0,0.1,0.95,False,6014.817589499589,601481.758949959,630906.68292516,95.33608935020719,29424.92397520109,0.53,0.83,0.1170217848488289,0.039865973791069764,0.4928933329999978,tm_tw_refined_gated_offline_low_rank,context_noise_refinement
tm_tw_refined,20264179,100,8,2,0.0,0.45,0.1,gated_offline_low_rank,1.0,1.0,deterministic,20.0,0.1,0.95,False,11433.714947101193,1143371.4947101192,1212478.0870826214,94.30038422065165,69106.5923725022,0.58,0.84,0.13738558096771994,0.0411652942460793,0.5038329590000075,tm_tw_refined_gated_offline_low_rank,context_noise_refinement
tm_tw_refined,20264180,100,8,2,0.0,0.45,0.1,gated_offline_low_rank,1.0,1.0,deterministic,20.0,0.1,0.95,False,7244.136460644688,724413.6460644688,832940.4655200752,86.97063908549048,108526.8194556064,0.58,0.79,0.11924832299400612,0.042011050495280734,0.4978239579999979,tm_tw_refined_gated_offline_low_rank,context_noise_refinement
tm_tw_refined,20264181,100,8,2,0.0,0.45,0.1,gated_offline_low_rank,1.0,1.0,deterministic,20.0,0.1,0.95,False,10676.666079591547,1067666.6079591548,1208354.8936075252,88.35703927772843,140688.2856483704,0.65,0.85,0.1384497043716426,0.037352067437314104,0.4938647500000002,tm_tw_refined_gated_offline_low_rank,context_noise_refinement
tm_tw_refined,20264182,100,8,2,0.0,0.45,0.1,gated_offline_low_rank,1.0,1.0,deterministic,20.0,0.1,0.95,False,7061.199304685335,706119.9304685335,751398.6669173122,93.97407282680722,45278.736448778654,0.66,0.8,0.12235581855185845,0.04131587912950822,0.4951824160000058,tm_tw_refined_gated_offline_low_rank,context_noise_refinement
tm_tw_refined,20264173,100,8,2,0.0,0.45,0.1,gated_offline_low_rank,0.5,0.25,beta,20.0,0.1,0.95,False,8009.493550333152,800949.3550333151,822670.5173955383,97.35967657732655,21721.162362223145,0.68,0.89,0.1256487143388434,0.0387013132945124,0.5475879999999975,tm_tw_refined_gated_offline_low_rank_best_beta,context_noise_refinement
tm_tw_refined,20264174,100,8,2,0.0,0.45,0.1,gated_offline_low_rank,0.5,0.25,beta,20.0,0.1,0.95,False,10625.632335861934,1062563.2335861933,1167500.870685951,91.01177226205382,104937.6370997578,0.67,0.9,0.1170019681309949,0.042085127501535,0.5402844999999985,tm_tw_refined_gated_offline_low_rank_best_beta,context_noise_refinement
tm_tw_refined,20264175,100,8,2,0.0,0.45,0.1,gated_offline_low_rank,0.5,0.25,beta,20.0,0.1,0.95,False,16584.61359743123,1658461.359743123,1761461.9998392945,94.1525482749234,103000.64009617153,0.79,0.87,0.1249969349382036,0.042221650915342,0.540956125000001,tm_tw_refined_gated_offline_low_rank_best_beta,context_noise_refinement
tm_tw_refined,20264176,100,8,2,0.0,0.45,0.1,gated_offline_low_rank,0.5,0.25,beta,20.0,0.1,0.95,False,5926.436936039119,592643.6936039119,602456.7251332588,98.371164082005,9813.031529346947,0.53,0.88,0.1268461930178145,0.0392710585913994,0.5040677920000007,tm_tw_refined_gated_offline_low_rank_best_beta,context_noise_refinement
tm_tw_refined,20264177,100,8,2,0.0,0.45,0.1,gated_offline_low_rank,0.5,0.25,beta,20.0,0.1,0.95,False,9218.637154892325,921863.7154892324,923641.7608109703,99.80749621799508,1778.0453217378817,0.81,0.93,0.12457858871403198,0.039733871871911484,0.503662042000002,tm_tw_refined_gated_offline_low_rank_best_beta,context_noise_refinement
tm_tw_refined,20264178,100,8,2,0.0,0.45,0.1,gated_offline_low_rank,0.5,0.25,beta,20.0,0.1,0.95,False,6170.136588386635,617013.6588386635,639221.0362583846,96.52586880592827,22207.377419721102,0.63,0.82,0.11653943929592779,0.03728341245341861,0.5011440829999998,tm_tw_refined_gated_offline_low_rank_best_beta,context_noise_refinement
tm_tw_refined,20264179,100,8,2,0.0,0.45,0.1,gated_offline_low_rank,0.5,0.25,beta,20.0,0.1,0.95,False,11507.838702708417,1150783.8702708418,1224823.5374558428,93.95507475805098,74039.66718500108,0.76,0.89,0.11307362514196251,0.03732927709531558,0.4989106249999935,tm_tw_refined_gated_offline_low_rank_best_beta,context_noise_refinement
tm_tw_refined,20264180,100,8,2,0.0,0.45,0.1,gated_offline_low_rank,0.5,0.25,beta,20.0,0.1,0.95,False,7855.979163365164,785597.9163365164,841863.9337880882,93.31649507796412,56266.017451571766,0.66,0.82,0.1209447064625524,0.04015370423771787,0.500945791999996,tm_tw_refined_gated_offline_low_rank_best_beta,context_noise_refinement
tm_tw_refined,20264181,100,8,2,0.0,0.45,0.1,gated_offline_low_rank,0.5,0.25,beta,20.0,0.1,0.95,False,7991.411332579821,799141.1332579821,1100376.435054345,72.62434088917166,301235.30179636297,0.54,0.7,0.12197334527169046,0.04214963912868307,0.4986004579999985,tm_tw_refined_gated_offline_low_rank_best_beta,context_noise_refinement
tm_tw_refined,20264182,100,8,2,0.0,0.45,0.1,gated_offline_low_rank,0.5,0.25,beta,20.0,0.1,0.95,False,6236.655102460867,623665.5102460867,736153.7756150389,84.71946092038026,112488.26536895218,0.52,0.76,0.1212918271431753,0.03957506139145179,0.5005099999999914,tm_tw_refined_gated_offline_low_rank_best_beta,context_noise_refinement
tm_tw_refined,20265065,100,8,2,0.0,0.45,0.1,support_gated_offline_low_rank,0.5,0.25,beta,20.0,0.1,0.95,True,7763.989100096061,776398.910009606,811577.3253461779,95.66542654188046,35178.41533657187,0.66,0.88,0.0926813259697999,0.0124045568917366,0.5430529170000007,tm_tw_refined_support_gated_offline_low_rank_best_beta,context_noise_refinement
tm_tw_refined,20265066,100,8,2,0.0,0.45,0.1,support_gated_offline_low_rank,0.5,0.25,beta,20.0,0.1,0.95,True,11035.740469157214,1103574.0469157214,1169770.6720869534,94.3410595981918,66196.62517123204,0.68,0.89,0.0781851279145748,0.0127234924236046,0.5436484159999999,tm_tw_refined_support_gated_offline_low_rank_best_beta,context_noise_refinement
tm_tw_refined,20265067,100,8,2,0.0,0.45,0.1,support_gated_offline_low_rank,0.5,0.25,beta,20.0,0.1,0.95,True,15561.618865225382,1556161.8865225385,1663116.1925657713,93.56904186722942,106954.30604323302,0.8,0.86,0.0822573305519929,0.0090055712498722,0.5423925830000016,tm_tw_refined_support_gated_offline_low_rank_best_beta,context_noise_refinement
tm_tw_refined,20265068,100,8,2,0.0,0.45,0.1,support_gated_offline_low_rank,0.5,0.25,beta,20.0,0.1,0.95,True,5735.53652152597,573553.652152597,693860.1850784374,82.66127160585812,120306.53292584047,0.52,0.8,0.08303295058302396,0.013819658207781074,0.5034712089999971,tm_tw_refined_support_gated_offline_low_rank_best_beta,context_noise_refinement
tm_tw_refined,20265069,100,8,2,0.0,0.45,0.1,support_gated_offline_low_rank,0.5,0.25,beta,20.0,0.1,0.95,True,8206.178506640994,820617.8506640994,844383.5201307716,97.18544134269798,23765.669466672116,0.75,0.87,0.08879260828832863,0.013155213115716833,0.5033222499999965,tm_tw_refined_support_gated_offline_low_rank_best_beta,context_noise_refinement
tm_tw_refined,20265070,100,8,2,0.0,0.45,0.1,support_gated_offline_low_rank,0.5,0.25,beta,20.0,0.1,0.95,True,6322.2433379319,632224.33379319,688546.5756223212,91.8201260708869,56322.241829131264,0.65,0.86,0.08970218574274348,0.014150936557445001,0.5019137919999963,tm_tw_refined_support_gated_offline_low_rank_best_beta,context_noise_refinement
tm_tw_refined,20265071,100,8,2,0.0,0.45,0.1,support_gated_offline_low_rank,0.5,0.25,beta,20.0,0.1,0.95,True,9137.608346959636,913760.8346959635,1093656.8729594757,83.55096166709885,179896.0382635122,0.52,0.81,0.10329238976807172,0.013694671054608538,0.502554540999995,tm_tw_refined_support_gated_offline_low_rank_best_beta,context_noise_refinement
tm_tw_refined,20265072,100,8,2,0.0,0.45,0.1,support_gated_offline_low_rank,0.5,0.25,beta,20.0,0.1,0.95,True,7410.730913705692,741073.0913705692,848744.6559195248,87.31402150246178,107671.56454895565,0.49,0.63,0.08150538689633773,0.012754057923833764,0.500127207999995,tm_tw_refined_support_gated_offline_low_rank_best_beta,context_noise_refinement
tm_tw_refined,20265073,100,8,2,0.0,0.45,0.1,support_gated_offline_low_rank,0.5,0.25,beta,20.0,0.1,0.95,True,9246.285822549395,924628.5822549395,1207265.8816082387,76.58864516432878,282637.2993532992,0.57,0.79,0.08796497455839049,0.015846658717125265,0.5017765420000018,tm_tw_refined_support_gated_offline_low_rank_best_beta,context_noise_refinement
tm_tw_refined,20265074,100,8,2,0.0,0.45,0.1,support_gated_offline_low_rank,0.5,0.25,beta,20.0,0.1,0.95,True,6613.167243023887,661316.7243023887,818850.6500406627,80.7615801818743,157533.925738274,0.57,0.79,0.07925939179710914,0.01059201513804861,0.49979120800000487,tm_tw_refined_support_gated_offline_low_rank_best_beta,context_noise_refinement
tm_tw_refined,20263497,100,8,2,0.0,0.45,0.1,support_offline,1.0,1.0,deterministic,20.0,0.1,0.95,True,7232.044115024352,723204.4115024352,761259.5277960045,95.00103251203352,38055.11629356933,0.55,0.83,0.0885577001907648,0.0143878255586467,0.4669114590000021,tm_tw_refined_support_offline,context_noise_refinement
tm_tw_refined,20263498,100,8,2,0.0,0.45,0.1,support_offline,1.0,1.0,deterministic,20.0,0.1,0.95,True,10522.079253907856,1052207.9253907858,1220142.0387997278,86.23651115454219,167934.113408942,0.66,0.87,0.0988423850879338,0.016116045196076,0.4716646250000025,tm_tw_refined_support_offline,context_noise_refinement
tm_tw_refined,20263499,100,8,2,0.0,0.45,0.1,support_offline,1.0,1.0,deterministic,20.0,0.1,0.95,True,15267.011435614468,1526701.1435614468,1688368.974087888,90.4246149385812,161667.83052644134,0.74,0.88,0.0829502818650371,0.0099308470428186,0.4689354999999935,tm_tw_refined_support_offline,context_noise_refinement
tm_tw_refined,20263500,100,8,2,0.0,0.45,0.1,support_offline,1.0,1.0,deterministic,20.0,0.1,0.95,True,6042.532017318487,604253.2017318488,704654.0519874963,85.75175293855699,100400.85025564756,0.57,0.76,0.0753300762071742,0.012902499371394456,0.46402683300000547,tm_tw_refined_support_offline,context_noise_refinement
tm_tw_refined,20263501,100,8,2,0.0,0.45,0.1,support_offline,1.0,1.0,deterministic,20.0,0.1,0.95,True,9161.269261182782,916126.9261182783,940456.8369475844,97.4129689026162,24329.910829306114,0.81,0.94,0.07856477087848439,0.011823712887336621,0.45423883399999454,tm_tw_refined_support_offline,context_noise_refinement
tm_tw_refined,20263502,100,8,2,0.0,0.45,0.1,support_offline,1.0,1.0,deterministic,20.0,0.1,0.95,True,5791.152218863285,579115.2218863285,687726.2806312063,84.20722578099054,108611.05874487781,0.53,0.76,0.08723565242419197,0.012410131068237506,0.4553978750000027,tm_tw_refined_support_offline,context_noise_refinement
tm_tw_refined,20263503,100,8,2,0.0,0.45,0.1,support_offline,1.0,1.0,deterministic,20.0,0.1,0.95,True,11862.648099371574,1186264.8099371574,1283913.959208481,92.39441641934299,97649.14927132358,0.71,0.88,0.08880243184486795,0.01303127055716307,0.4559440419999987,tm_tw_refined_support_offline,context_noise_refinement
tm_tw_refined,20263504,100,8,2,0.0,0.45,0.1,support_offline,1.0,1.0,deterministic,20.0,0.1,0.95,True,6722.378524673612,672237.8524673613,769582.1425699778,87.35102015523118,97344.29010261653,0.54,0.68,0.08826383890280123,0.013245407698049575,0.4528969170000039,tm_tw_refined_support_offline,context_noise_refinement
tm_tw_refined,20263505,100,8,2,0.0,0.45,0.1,support_offline,1.0,1.0,deterministic,20.0,0.1,0.95,True,8252.513985440832,825251.3985440831,1093747.2272746884,75.4517477132608,268495.8287306053,0.52,0.76,0.09050258853760462,0.017342762396890914,0.4566635409999975,tm_tw_refined_support_offline,context_noise_refinement
tm_tw_refined,20263506,100,8,2,0.0,0.45,0.1,support_offline,1.0,1.0,deterministic,20.0,0.1,0.95,True,6834.979553796027,683497.9553796027,756225.2265738215,90.38285571036565,72727.27119421877,0.61,0.78,0.08905678710229041,0.015111584294349443,0.4553408339999976,tm_tw_refined_support_offline,context_noise_refinement
tm_tw,20262669,100,8,2,0.0,0.45,0.1,support_offline,1.0,1.0,deterministic,20.0,0.1,0.95,True,7413.739164126836,741373.9164126836,827234.3121346408,89.62078887898178,85860.3957219572,0.72,0.92,0.0763454931116608,0.0119568594335779,0.4683427920000014,tm_tw_support_offline,context_noise_refinement
tm_tw,20262670,100,8,2,0.0,0.45,0.1,support_offline,1.0,1.0,deterministic,20.0,0.1,0.95,True,8331.981470282311,833198.1470282312,1217069.678174353,68.45936284256605,383871.5311461218,0.53,0.73,0.0839350814086889,0.0134993043177382,0.4708848329999995,tm_tw_support_offline,context_noise_refinement
tm_tw,20262671,100,8,2,0.0,0.45,0.1,support_offline,1.0,1.0,deterministic,20.0,0.1,0.95,True,15229.63337124175,1522963.3371241752,1830039.7024859951,83.22023478809362,307076.36536182,0.7,0.81,0.0867763639183958,0.0124129639005181,0.4713704589999992,tm_tw_support_offline,context_noise_refinement
tm_tw,20262672,100,8,2,0.0,0.45,0.1,support_offline,1.0,1.0,deterministic,20.0,0.1,0.95,True,5119.646280385318,511964.6280385318,648045.6890686615,79.00131683219766,136081.06103012973,0.54,0.81,0.09193204902692895,0.013309746650813952,0.45366379099999676,tm_tw_support_offline,context_noise_refinement
tm_tw,20262673,100,8,2,0.0,0.45,0.1,support_offline,1.0,1.0,deterministic,20.0,0.1,0.95,True,8605.29690293775,860529.6902937748,901825.6063806111,95.42085345607191,41295.91608683625,0.71,0.85,0.09036087873591311,0.014349761895445616,0.45330037499999776,tm_tw_support_offline,context_noise_refinement
tm_tw,20262674,100,8,2,0.0,0.45,0.1,support_offline,1.0,1.0,deterministic,20.0,0.1,0.95,True,3714.9326235434432,371493.2623543443,695144.2850765531,53.44117334050058,323651.0227222088,0.33,0.58,0.09400949197855295,0.010495882496222176,0.4577127909999916,tm_tw_support_offline,context_noise_refinement
tm_tw,20262675,100,8,2,0.0,0.45,0.1,support_offline,1.0,1.0,deterministic,20.0,0.1,0.95,True,5384.176230504527,538417.6230504527,1265289.7314300023,42.55291177001374,726872.1083795496,0.3,0.65,0.08958110792082113,0.013982516083168634,0.4628460830000023,tm_tw_support_offline,context_noise_refinement
tm_tw,20262676,100,8,2,0.0,0.45,0.1,support_offline,1.0,1.0,deterministic,20.0,0.1,0.95,True,7087.170935631739,708717.0935631739,878097.4191989192,80.71053143621928,169380.3256357453,0.56,0.75,0.09109376798353702,0.012528476421617824,0.47967962500000283,tm_tw_support_offline,context_noise_refinement
tm_tw,20262677,100,8,2,0.0,0.45,0.1,support_offline,1.0,1.0,deterministic,20.0,0.1,0.95,True,6635.665372957628,663566.5372957628,1149101.8071749099,57.74654022406897,485535.26987914706,0.33,0.65,0.08661718368039358,0.013448741036723777,0.4898773329999955,tm_tw_support_offline,context_noise_refinement
tm_tw,20262678,100,8,2,0.0,0.45,0.1,support_offline,1.0,1.0,deterministic,20.0,0.1,0.95,True,3768.950151999924,376895.0151999924,667798.138646728,56.43846446828354,290903.1234467356,0.32,0.56,0.08627587137753644,0.014079645436917244,0.48220312499999807,tm_tw_support_offline,context_noise_refinement
tw,20261245,100,8,2,0.0,0.45,0.1,dense,1.0,1.0,deterministic,20.0,0.1,0.95,False,6432.193861809006,643219.3861809006,866367.5249244411,74.24324754520295,223148.1387435405,0.55,0.78,0.1885314358431486,0.0587892112056315,0.4613157499999971,tw_dense,context_noise_refinement
tw,20261246,100,8,2,0.0,0.45,0.1,dense,1.0,1.0,deterministic,20.0,0.1,0.95,False,9530.839725129048,953083.9725129048,1190221.1136365742,80.07621118406091,237137.14112366943,0.6,0.79,0.1776102014784355,0.055998528436988,0.4785219589999983,tw_dense,context_noise_refinement
tw,20261247,100,8,2,0.0,0.45,0.1,dense,1.0,1.0,deterministic,20.0,0.1,0.95,False,11915.50230377287,1191550.230377287,1601034.003584547,74.42379285571269,409483.77320726006,0.57,0.74,0.2026359484516891,0.0499788567597627,0.4615904169999965,tw_dense,context_noise_refinement
tw,20261248,100,8,2,0.0,0.45,0.1,dense,1.0,1.0,deterministic,20.0,0.1,0.95,False,6357.861280420936,635786.1280420936,689809.6379443931,92.16834515921124,54023.5099022995,0.63,0.84,0.19148030559877033,0.05195198665222734,0.4649202499999916,tw_dense,context_noise_refinement
tw,20261249,100,8,2,0.0,0.45,0.1,dense,1.0,1.0,deterministic,20.0,0.1,0.95,False,1598.7147009423807,159871.47009423806,783871.848690685,20.39510289357555,624000.378596447,0.09,0.47,0.1856959371675126,0.05788418410581078,0.4654033340000012,tw_dense,context_noise_refinement
tw,20261250,100,8,2,0.0,0.45,0.1,dense,1.0,1.0,deterministic,20.0,0.1,0.95,False,5601.928947683761,560192.8947683761,701318.5323260024,79.87709848625174,141125.63755762624,0.63,0.81,0.188108555245893,0.06064940096012581,0.4629427920000069,tw_dense,context_noise_refinement
tw,20261251,100,8,2,0.0,0.45,0.1,dense,1.0,1.0,deterministic,20.0,0.1,0.95,False,5903.456876099275,590345.6876099275,1255522.6536219912,47.019915244609116,665176.9660120637,0.37,0.65,0.19423931838906913,0.053242264233904615,0.4590479579999993,tw_dense,context_noise_refinement
tw,20261252,100,8,2,0.0,0.45,0.1,dense,1.0,1.0,deterministic,20.0,0.1,0.95,False,4579.055194409877,457905.5194409877,671440.4010428424,68.19749284222327,213534.88160185475,0.39,0.62,0.1838400862320485,0.048030238690060255,0.4574288339999981,tw_dense,context_noise_refinement
tw,20261253,100,8,2,0.0,0.45,0.1,dense,1.0,1.0,deterministic,20.0,0.1,0.95,False,9159.017441778571,915901.7441778572,1199242.737216866,76.37334092207468,283340.9930390089,0.52,0.72,0.19462534107262777,0.0569173693274545,0.4468831249999994,tw_dense,context_noise_refinement
tw,20261254,100,8,2,0.0,0.45,0.1,dense,1.0,1.0,deterministic,20.0,0.1,0.95,False,5022.149116923951,502214.9116923951,717751.898398682,69.9705445311738,215536.9867062869,0.41,0.65,0.18089512047298786,0.0465161721557079,0.44900262500000565,tw_dense,context_noise_refinement
tw,20262069,100,8,2,0.0,0.45,0.1,gated_offline,1.0,1.0,deterministic,20.0,0.1,0.95,False,7512.788465505571,751278.8465505572,842652.7150323373,89.1564025307539,91373.86848178015,0.67,0.92,0.1226859606091764,0.0424097848755943,0.4587865839999985,tw_gated_offline,context_noise_refinement
tw,20262070,100,8,2,0.0,0.45,0.1,gated_offline,1.0,1.0,deterministic,20.0,0.1,0.95,False,5445.361240502059,544536.1240502059,1115853.5812939894,48.79996203612481,571317.4572437835,0.29,0.63,0.1349871559381066,0.0398350921645649,0.4692553749999959,tw_gated_offline,context_noise_refinement
tw,20262071,100,8,2,0.0,0.45,0.1,gated_offline,1.0,1.0,deterministic,20.0,0.1,0.95,False,12869.980284205934,1286998.0284205934,1775341.9612114665,72.4929651041631,488343.9327908731,0.59,0.8,0.1151124143201846,0.0361251771004864,0.459492333,tw_gated_offline,context_noise_refinement
tw,20262072,100,8,2,0.0,0.45,0.1,gated_offline,1.0,1.0,deterministic,20.0,0.1,0.95,False,5267.372444971939,526737.244497194,692893.0997858717,76.01998701675255,166155.85528867773,0.54,0.76,0.12019399043917563,0.038716631246260465,0.45442624999999737,tw_gated_offline,context_noise_refinement
tw,20262073,100,8,2,0.0,0.45,0.1,gated_offline,1.0,1.0,deterministic,20.0,0.1,0.95,False,8950.684363424247,895068.4363424246,906047.4340336758,98.78825354182912,10978.997691251221,0.83,0.93,0.12439842562816936,0.04023266064641791,0.45966254100000015,tw_gated_offline,context_noise_refinement
tw,20262074,100,8,2,0.0,0.45,0.1,gated_offline,1.0,1.0,deterministic,20.0,0.1,0.95,False,4892.037926868504,489203.7926868504,702096.4282857322,69.67757888774776,212892.63559888175,0.4,0.73,0.118029789341899,0.03925992041280821,0.45910329100000524,tw_gated_offline,context_noise_refinement
tw,20262075,100,8,2,0.0,0.45,0.1,gated_offline,1.0,1.0,deterministic,20.0,0.1,0.95,False,11100.072696705376,1110007.2696705377,1263333.7500033402,87.86334329052816,153326.48033280252,0.56,0.76,0.117324213360768,0.039984796860908466,0.4554005000000103,tw_gated_offline,context_noise_refinement
tw,20262076,100,8,2,0.0,0.45,0.1,gated_offline,1.0,1.0,deterministic,20.0,0.1,0.95,False,4198.662839766842,419866.2839766842,830353.324618044,50.56477423870368,410487.04064135975,0.46,0.56,0.12672115814719243,0.041383378448963004,0.44709162499999877,tw_gated_offline,context_noise_refinement
tw,20262077,100,8,2,0.0,0.45,0.1,gated_offline,1.0,1.0,deterministic,20.0,0.1,0.95,False,7776.759705398065,777675.9705398065,1180248.1334027136,65.8908875625779,402572.16286290705,0.35,0.83,0.12451734091290034,0.03967960832042089,0.4513569160000088,tw_gated_offline,context_noise_refinement
tw,20262078,100,8,2,0.0,0.45,0.1,gated_offline,1.0,1.0,deterministic,20.0,0.1,0.95,False,3639.9513506381245,363995.1350638124,670875.3225829542,54.25674828258483,306880.18751914176,0.28,0.46,0.12836945607291753,0.03883510553434775,0.4494449590000045,tw_gated_offline,context_noise_refinement
tw,20263025,100,8,2,0.0,0.45,0.1,gated_offline_low_rank,1.0,1.0,deterministic,20.0,0.1,0.95,False,7698.559932108587,769855.9932108588,884371.7740971467,87.05117188942435,114515.78088628792,0.64,0.86,0.1189351182971039,0.0428418574515242,0.5002445830000006,tw_gated_offline_low_rank,context_noise_refinement
tw,20263026,100,8,2,0.0,0.45,0.1,gated_offline_low_rank,1.0,1.0,deterministic,20.0,0.1,0.95,False,7327.516057298657,732751.6057298657,1100932.110639855,66.55738338888081,368180.5049099893,0.36,0.63,0.1234478419510153,0.0377509107354891,0.5006585419999965,tw_gated_offline_low_rank,context_noise_refinement
tw,20263027,100,8,2,0.0,0.45,0.1,gated_offline_low_rank,1.0,1.0,deterministic,20.0,0.1,0.95,False,7559.583032703319,755958.3032703319,1563991.7298459455,48.33518546449055,808033.4265756138,0.29,0.6,0.128756081577528,0.0361569255035076,0.5034226659999987,tw_gated_offline_low_rank,context_noise_refinement
tw,20263028,100,8,2,0.0,0.45,0.1,gated_offline_low_rank,1.0,1.0,deterministic,20.0,0.1,0.95,False,4815.085604782875,481508.56047828746,640186.3023420589,75.21381802714859,158677.7418637714,0.43,0.72,0.12468785948552524,0.040674693112033665,0.4903824999999955,tw_gated_offline_low_rank,context_noise_refinement
tw,20263029,100,8,2,0.0,0.45,0.1,gated_offline_low_rank,1.0,1.0,deterministic,20.0,0.1,0.95,False,2741.260912484274,274126.0912484274,794619.0750671834,34.4977989894404,520492.98381875595,0.28,0.59,0.12092120476052903,0.04155131597722602,0.4909629999999936,tw_gated_offline_low_rank,context_noise_refinement
tw,20263030,100,8,2,0.0,0.45,0.1,gated_offline_low_rank,1.0,1.0,deterministic,20.0,0.1,0.95,False,4212.369122165875,421236.91221658746,672658.0436378336,62.6227421497075,251421.1314212461,0.35,0.61,0.13125801626449454,0.03611926281470603,0.48809533300000396,tw_gated_offline_low_rank,context_noise_refinement
tw,20263031,100,8,2,0.0,0.45,0.1,gated_offline_low_rank,1.0,1.0,deterministic,20.0,0.1,0.95,False,4945.358790737282,494535.8790737282,1083262.941393833,45.652432126719816,588727.0623201047,0.23,0.54,0.12358785703033241,0.03901891957159096,0.50081449999999,tw_gated_offline_low_rank,context_noise_refinement
tw,20263032,100,8,2,0.0,0.45,0.1,gated_offline_low_rank,1.0,1.0,deterministic,20.0,0.1,0.95,False,3828.857662585647,382885.7662585647,723548.1015177941,52.917804007139466,340662.33525922935,0.33,0.53,0.1146730833109248,0.03789421427196314,0.502616500000002,tw_gated_offline_low_rank,context_noise_refinement
tw,20263033,100,8,2,0.0,0.45,0.1,gated_offline_low_rank,1.0,1.0,deterministic,20.0,0.1,0.95,False,7553.586902924879,755358.6902924879,1178560.2611829243,64.09164767988463,423201.5708904364,0.29,0.68,0.12737679119571377,0.04171518274597091,0.49347749999999735,tw_gated_offline_low_rank,context_noise_refinement
tw,20263034,100,8,2,0.0,0.45,0.1,gated_offline_low_rank,1.0,1.0,deterministic,20.0,0.1,0.95,False,3822.3103530135677,382231.03530135675,715439.6648973754,53.42603353648068,333208.62959601864,0.34,0.46,0.11611848755551364,0.0403417014342113,0.48899237499999515,tw_gated_offline_low_rank,context_noise_refinement
tw,20262349,100,8,2,0.0,0.45,0.1,support_offline,1.0,1.0,deterministic,20.0,0.1,0.95,True,6021.143897637063,602114.3897637062,863791.350159147,69.70599898375588,261676.9603954408,0.53,0.75,0.0872159818345413,0.0127315855659445,0.4609955839999955,tw_support_offline,context_noise_refinement
tw,20262350,100,8,2,0.0,0.45,0.1,support_offline,1.0,1.0,deterministic,20.0,0.1,0.95,True,6764.23928962954,676423.928962954,1141962.8034631882,59.23344673850919,465538.8745002343,0.4,0.66,0.0864280878659597,0.0176545234937857,0.4615323340000046,tw_support_offline,context_noise_refinement
tw,20262351,100,8,2,0.0,0.45,0.1,support_offline,1.0,1.0,deterministic,20.0,0.1,0.95,True,10682.794579767336,1068279.4579767336,1639492.7336845377,65.15914563255919,571213.2757078041,0.55,0.69,0.0884416019588168,0.0152821652673301,0.4601140410000042,tw_support_offline,context_noise_refinement
tw,20262352,100,8,2,0.0,0.45,0.1,support_offline,1.0,1.0,deterministic,20.0,0.1,0.95,True,5078.331383327189,507833.13833271887,645876.7323942173,78.62694425455132,138043.5940614984,0.46,0.71,0.08706096771709798,0.012469656365653737,0.44699379200000067,tw_support_offline,context_noise_refinement
tw,20262353,100,8,2,0.0,0.45,0.1,support_offline,1.0,1.0,deterministic,20.0,0.1,0.95,True,8162.718674278625,816271.8674278625,836506.8884709085,97.58100963399899,20235.02104304603,0.65,0.81,0.08684692220146083,0.010210185888811382,0.44554987499999754,tw_support_offline,context_noise_refinement
tw,20262354,100,8,2,0.0,0.45,0.1,support_offline,1.0,1.0,deterministic,20.0,0.1,0.95,True,6265.208169839217,626520.8169839217,710728.4148045697,88.15193032013462,84207.59782064799,0.65,0.85,0.09747628131971664,0.014011387420666856,0.4470177089999936,tw_support_offline,context_noise_refinement
tw,20262355,100,8,2,0.0,0.45,0.1,support_offline,1.0,1.0,deterministic,20.0,0.1,0.95,True,6777.206998996768,677720.6998996767,1121173.7052300465,60.4474308252368,443453.0053303698,0.45,0.75,0.09699524897976958,0.014193197555179771,0.44703808299999537,tw_support_offline,context_noise_refinement
tw,20262356,100,8,2,0.0,0.45,0.1,support_offline,1.0,1.0,deterministic,20.0,0.1,0.95,True,3396.098390431996,339609.8390431996,677283.4770762826,50.142938745418306,337673.638033083,0.41,0.74,0.08716281049124854,0.012462336867046236,0.4509742500000016,tw_support_offline,context_noise_refinement
tw,20262357,100,8,2,0.0,0.45,0.1,support_offline,1.0,1.0,deterministic,20.0,0.1,0.95,True,5076.1543776560375,507615.4377656037,1114121.80056267,45.56193384863669,606506.3627970663,0.16,0.58,0.0930702299021316,0.012236005632044402,0.46410779199999297,tw_support_offline,context_noise_refinement
tw,20262358,100,8,2,0.0,0.45,0.1,support_offline,1.0,1.0,deterministic,20.0,0.1,0.95,True,3455.816071363226,345581.6071363226,710131.2501715223,48.664469709346285,364549.64303519967,0.34,0.62,0.08320977141699447,0.01442713114378234,0.4553421250000014,tw_support_offline,context_noise_refinement
exp4,20261395,100,8,2,0.0,0.45,0.2,dense,1.0,1.0,deterministic,20.0,0.1,0.95,False,7141.732997497772,714173.2997497772,782768.9715689779,91.23679216848517,68595.67181920074,0.6,0.78,0.2214480651745377,0.0835429236010662,0.4731072089999983,exp4_dense,context_noise_refinement
exp4,20261396,100,8,2,0.0,0.45,0.2,dense,1.0,1.0,deterministic,20.0,0.1,0.95,False,10311.073637443567,1031107.3637443568,1148791.531433692,89.75582910656858,117684.1676893353,0.59,0.8,0.2105365114925726,0.0765441768979006,0.4722623339999998,exp4_dense,context_noise_refinement
exp4,20261397,100,8,2,0.0,0.45,0.2,dense,1.0,1.0,deterministic,20.0,0.1,0.95,False,16428.55071315612,1642855.0713156122,1722510.249112136,95.37563402960409,79655.17779652379,0.76,0.87,0.205732025450463,0.082032028302966,0.4750640419999996,exp4_dense,context_noise_refinement
exp4,20261398,100,8,2,0.0,0.45,0.2,dense,1.0,1.0,deterministic,20.0,0.1,0.95,False,4990.110295927661,499011.02959276614,596189.1760844658,83.70011560257984,97178.14649169968,0.45,0.68,0.2085997678445214,0.07984872148506672,0.468963708000004,exp4_dense,context_noise_refinement
exp4,20261399,100,8,2,0.0,0.45,0.2,dense,1.0,1.0,deterministic,20.0,0.1,0.95,False,8971.722363376983,897172.2363376983,896858.8959018483,100.0349375400391,-313.34043584996834,0.79,0.9,0.21645303372227187,0.08318953613502043,0.46396062499999857,exp4_dense,context_noise_refinement
exp4,20261400,100,8,2,0.0,0.45,0.2,dense,1.0,1.0,deterministic,20.0,0.1,0.95,False,6592.233035728301,659223.30357283,719689.484673137,91.59829587787169,60466.181100306916,0.63,0.85,0.2020961913349696,0.07586679801064841,0.461706042000003,exp4_dense,context_noise_refinement
exp4,20261401,100,8,2,0.0,0.45,0.2,dense,1.0,1.0,deterministic,20.0,0.1,0.95,False,11391.978980013742,1139197.8980013742,1280910.4669972104,88.9365749873176,141712.5689958362,0.59,0.79,0.21168446220356013,0.08035386313468978,0.47504275000000007,exp4_dense,context_noise_refinement
exp4,20261402,100,8,2,0.0,0.45,0.2,dense,1.0,1.0,deterministic,20.0,0.1,0.95,False,7334.949188992398,733494.9188992399,810561.993532526,90.49214307502643,77067.0746332861,0.55,0.7,0.21286092341215132,0.08500418942904842,0.47054779199999075,exp4_dense,context_noise_refinement
exp4,20261403,100,8,2,0.0,0.45,0.2,dense,1.0,1.0,deterministic,20.0,0.1,0.95,False,9928.984393624305,992898.4393624306,1200455.3106137489,82.7101542709489,207556.87125131825,0.51,0.73,0.19802559350279253,0.0754319194898627,0.47519933299999195,exp4_dense,context_noise_refinement
exp4,20261404,100,8,2,0.0,0.45,0.2,dense,1.0,1.0,deterministic,20.0,0.1,0.95,False,6170.687892005927,617068.7892005927,741331.2007560498,83.23793583371,124262.41155545716,0.59,0.72,0.21115075555854745,0.0736949590106054,0.4793711250000001,exp4_dense,context_noise_refinement
global_ucb_tw,20262374,100,8,2,0.0,0.45,0.2,dense,1.0,1.0,deterministic,20.0,0.1,0.95,False,5920.588349078028,592058.8349078028,836179.4827773478,70.80523345792882,244120.64786954504,0.49,0.81,0.1918800817364737,0.0695682526200927,0.4678640410000056,global_ucb_tw_dense,context_noise_refinement
global_ucb_tw,20262375,100,8,2,0.0,0.45,0.2,dense,1.0,1.0,deterministic,20.0,0.1,0.95,False,7574.696788186079,757469.6788186079,1089298.6044061745,69.53737714843936,331828.92558756634,0.48,0.65,0.2199788151227768,0.0691160968697043,0.4666906670000017,global_ucb_tw_dense,context_noise_refinement
global_ucb_tw,20262376,100,8,2,0.0,0.45,0.2,dense,1.0,1.0,deterministic,20.0,0.1,0.95,False,16221.540228320642,1622154.0228320642,1802115.203510929,90.01389143556085,179961.18067886494,0.76,0.84,0.2061285516357894,0.0771664832886295,0.4697490419999965,global_ucb_tw_dense,context_noise_refinement
global_ucb_tw,20262377,100,8,2,0.0,0.45,0.2,dense,1.0,1.0,deterministic,20.0,0.1,0.95,False,5618.168246139075,561816.8246139075,702818.2384953769,79.93771274585428,141001.4138814694,0.58,0.76,0.20048727352667242,0.06321540745779387,0.46758404099999495,global_ucb_tw_dense,context_noise_refinement
global_ucb_tw,20262378,100,8,2,0.0,0.45,0.2,dense,1.0,1.0,deterministic,20.0,0.1,0.95,False,8782.181908239481,878218.1908239481,916703.9473713981,95.80172457445984,38485.75654744997,0.71,0.85,0.2144717368706192,0.07854063509166934,0.4579787499999952,global_ucb_tw_dense,context_noise_refinement
global_ucb_tw,20262379,100,8,2,0.0,0.45,0.2,dense,1.0,1.0,deterministic,20.0,0.1,0.95,False,5423.684078274187,542368.4078274188,711341.0584667453,76.2459022113053,168972.65063932654,0.47,0.75,0.1948037046799226,0.06765552919552248,0.4666574999999966,global_ucb_tw_dense,context_noise_refinement
global_ucb_tw,20262380,100,8,2,0.0,0.45,0.2,dense,1.0,1.0,deterministic,20.0,0.1,0.95,False,4747.036394465077,474703.63944650773,1139816.760758522,41.64736436500577,665113.1213120143,0.29,0.55,0.20048160359868147,0.06111837989061218,0.4708570830000127,global_ucb_tw_dense,context_noise_refinement
global_ucb_tw,20262381,100,8,2,0.0,0.45,0.2,dense,1.0,1.0,deterministic,20.0,0.1,0.95,False,3301.5019422406067,330150.1942240607,616578.8997034208,53.5454901850948,286428.7054793601,0.35,0.63,0.20991867965085964,0.07062725092552281,0.4674174160000035,global_ucb_tw_dense,context_noise_refinement
global_ucb_tw,20262382,100,8,2,0.0,0.45,0.2,dense,1.0,1.0,deterministic,20.0,0.1,0.95,False,10439.004440276562,1043900.4440276561,1190801.2900476654,87.663697776635,146900.84602000925,0.61,0.84,0.21656240120891226,0.0747165235312878,0.4723237089999941,global_ucb_tw_dense,context_noise_refinement
global_ucb_tw,20262383,100,8,2,0.0,0.45,0.2,dense,1.0,1.0,deterministic,20.0,0.1,0.95,False,2980.5551660763094,298055.51660763094,706671.5015388365,42.177378875275146,408615.9849312056,0.27,0.52,0.20624420908532787,0.0663688712806531,0.48264116699999704,global_ucb_tw_dense,context_noise_refinement
local_ucb_tw,20262272,100,8,2,0.0,0.45,0.2,dense,1.0,1.0,deterministic,20.0,0.1,0.95,False,6876.960288540632,687696.0288540632,786219.1871144266,87.46874155768673,98523.1582603634,0.6,0.8,0.2041736253826551,0.0695876628851829,0.4636425420000023,local_ucb_tw_dense,context_noise_refinement
local_ucb_tw,20262273,100,8,2,0.0,0.45,0.2,dense,1.0,1.0,deterministic,20.0,0.1,0.95,False,7856.265577611844,785626.5577611844,955223.712428866,82.24529474499292,169597.1546676817,0.49,0.7,0.2110097811978767,0.0644513958451606,0.466478292000005,local_ucb_tw_dense,context_noise_refinement
local_ucb_tw,20262274,100,8,2,0.0,0.45,0.2,dense,1.0,1.0,deterministic,20.0,0.1,0.95,False,14744.552682382273,1474455.268238227,1684431.1273814298,87.53431614211348,209975.85914320263,0.75,0.81,0.2106202925806852,0.0747964684959374,0.46963762499999,local_ucb_tw_dense,context_noise_refinement
local_ucb_tw,20262275,100,8,2,0.0,0.45,0.2,dense,1.0,1.0,deterministic,20.0,0.1,0.95,False,5001.0397707887,500103.97707887,708518.214462051,70.5844912482001,208414.23738318105,0.39,0.73,0.1963077699891009,0.06590150893117279,0.4569474580000019,local_ucb_tw_dense,context_noise_refinement
local_ucb_tw,20262276,100,8,2,0.0,0.45,0.2,dense,1.0,1.0,deterministic,20.0,0.1,0.95,False,6792.303574780934,679230.3574780934,859698.7542293462,79.00794948655836,180468.39675125282,0.62,0.77,0.214914793364018,0.06989993830267367,0.45603837500001987,local_ucb_tw_dense,context_noise_refinement
local_ucb_tw,20262277,100,8,2,0.0,0.45,0.2,dense,1.0,1.0,deterministic,20.0,0.1,0.95,False,5524.062093379865,552406.2093379864,720271.8691947218,76.69412522740718,167865.65985673538,0.53,0.73,0.2116378278308385,0.07224972136203385,0.4510746670000003,local_ucb_tw_dense,context_noise_refinement
local_ucb_tw,20262278,100,8,2,0.0,0.45,0.2,dense,1.0,1.0,deterministic,20.0,0.1,0.95,False,8151.590931191364,815159.0931191364,1156122.578713994,70.50801602939661,340963.4855948576,0.45,0.68,0.21099795097920282,0.06687971210612736,0.4526583749999986,local_ucb_tw_dense,context_noise_refinement
local_ucb_tw,20262279,100,8,2,0.0,0.45,0.2,dense,1.0,1.0,deterministic,20.0,0.1,0.95,False,6916.376531737941,691637.6531737942,827640.9329875975,83.56735700313152,136003.27981380338,0.56,0.67,0.21687719063934863,0.06512922318797634,0.45527229200001784,local_ucb_tw_dense,context_noise_refinement
local_ucb_tw,20262280,100,8,2,0.0,0.45,0.2,dense,1.0,1.0,deterministic,20.0,0.1,0.95,False,8686.77325387959,868677.3253879589,1185211.453154741,73.2930248923729,316534.1277667822,0.42,0.76,0.20329775393487412,0.07012278864886326,0.4753742919999979,local_ucb_tw_dense,context_noise_refinement
local_ucb_tw,20262281,100,8,2,0.0,0.45,0.2,dense,1.0,1.0,deterministic,20.0,0.1,0.95,False,5861.543532058901,586154.3532058902,762434.8911278415,76.87926667925885,176280.53792195139,0.48,0.63,0.20793700813112886,0.07169998385299985,0.4716408339999987,local_ucb_tw_dense,context_noise_refinement
oracle,20261640,100,8,2,0.0,0.45,0.2,dense,1.0,1.0,deterministic,20.0,0.1,0.95,False,8023.489008944797,802348.9008944797,839918.3300608234,95.52701401770538,37569.429166343645,0.85,0.95,0.2058011168162399,0.0765142927675118,0.022890291000003,oracle,context_noise_refinement
oracle,20261641,100,8,2,0.0,0.45,0.2,dense,1.0,1.0,deterministic,20.0,0.1,0.95,False,11160.85456161339,1116085.456161339,1225131.2177575808,91.09925859241154,109045.76159624172,0.82,0.92,0.2152803889501633,0.0770083980576739,0.0218035840000041,oracle,context_noise_refinement
oracle,20261642,100,8,2,0.0,0.45,0.2,dense,1.0,1.0,deterministic,20.0,0.1,0.95,False,15798.276753889895,1579827.6753889895,1718285.7275519578,91.94208216114154,138458.0521629681,0.85,0.94,0.1942389812079374,0.0748440376313509,0.0219945830000014,oracle,context_noise_refinement
oracle,20261643,100,8,2,0.0,0.45,0.2,dense,1.0,1.0,deterministic,20.0,0.1,0.95,False,6636.649496099705,663664.9496099706,710165.959252,93.45209256565778,46501.009642029414,0.86,0.95,0.19513337175376633,0.07534971184975707,0.022370000000023538,oracle,context_noise_refinement
oracle,20261644,100,8,2,0.0,0.45,0.2,dense,1.0,1.0,deterministic,20.0,0.1,0.95,False,8529.80848309694,852980.848309694,895227.7455191814,95.28087713758396,42246.89720948739,0.89,0.97,0.21274495094796383,0.071232503394542,0.022172250000011218,oracle,context_noise_refinement
oracle,20261645,100,8,2,0.0,0.45,0.2,dense,1.0,1.0,deterministic,20.0,0.1,0.95,False,6633.667105182904,663366.7105182904,693099.940673432,95.71010926270574,29733.23015514156,0.88,0.94,0.210073247180655,0.07019105350669234,0.022863917000023548,oracle,context_noise_refinement
oracle,20261646,100,8,2,0.0,0.45,0.2,dense,1.0,1.0,deterministic,20.0,0.1,0.95,False,11300.052215697,1130005.2215697,1231965.6863931338,91.7237577353354,101960.4648234339,0.82,0.95,0.20961796157119636,0.07491936725662103,0.02295974999998407,oracle,context_noise_refinement
oracle,20261647,100,8,2,0.0,0.45,0.2,dense,1.0,1.0,deterministic,20.0,0.1,0.95,False,8477.082450186928,847708.2450186929,877660.4292918935,96.58726960068527,29952.184273200575,0.83,0.9,0.21408474289381146,0.07062638065253377,0.02282925000000091,oracle,context_noise_refinement
oracle,20261648,100,8,2,0.0,0.45,0.2,dense,1.0,1.0,deterministic,20.0,0.1,0.95,False,11260.77473112114,1126077.473112114,1197002.4886523099,94.07478127969063,70925.01554019586,0.86,0.95,0.20390061589364128,0.07652353163505679,0.0226125419999903,oracle,context_noise_refinement
oracle,20261649,100,8,2,0.0,0.45,0.2,dense,1.0,1.0,deterministic,20.0,0.1,0.95,False,6955.900104294785,695590.0104294785,773547.951364563,89.92202864766635,77957.94093508448,0.78,0.92,0.21374897666075354,0.072227483838817,0.022839333999996825,oracle,context_noise_refinement
state_thompson,20262538,100,8,2,0.0,0.45,0.2,dense,1.0,1.0,deterministic,20.0,0.1,0.95,False,6520.107799835174,652010.7799835174,824156.3217035229,79.11251334404832,172145.54172000557,0.52,0.67,0.1967691585609494,0.0684915052199379,0.0255437500000041,state_thompson,context_noise_refinement
state_thompson,20262539,100,8,2,0.0,0.45,0.2,dense,1.0,1.0,deterministic,20.0,0.1,0.95,False,5581.610866134886,558161.0866134886,1036522.8679104334,53.84937504936164,478361.7812969448,0.37,0.57,0.2031432302531501,0.0689338355160122,0.023902833000001,state_thompson,context_noise_refinement
state_thompson,20262540,100,8,2,0.0,0.45,0.2,dense,1.0,1.0,deterministic,20.0,0.1,0.95,False,8925.057386031003,892505.7386031004,1531315.9910811128,58.28357724998283,638810.2524780123,0.45,0.66,0.1927349521516733,0.0757916908929257,0.0242904999999993,state_thompson,context_noise_refinement
state_thompson,20262541,100,8,2,0.0,0.45,0.2,dense,1.0,1.0,deterministic,20.0,0.1,0.95,False,5334.121824702765,533412.1824702765,651276.0084965358,81.90263045335467,117863.82602625934,0.49,0.74,0.2018097625694065,0.06514289855254375,0.02448462499998527,state_thompson,context_noise_refinement
state_thompson,20262542,100,8,2,0.0,0.45,0.2,dense,1.0,1.0,deterministic,20.0,0.1,0.95,False,6711.915745120391,671191.5745120391,888459.032176259,75.54558513159257,217267.4576642199,0.57,0.7,0.20065848470033873,0.07601868919129806,0.02459854100001735,state_thompson,context_noise_refinement
state_thompson,20262543,100,8,2,0.0,0.45,0.2,dense,1.0,1.0,deterministic,20.0,0.1,0.95,False,5025.230337084671,502523.0337084671,659492.5161274929,76.19844371536728,156969.4824190258,0.49,0.68,0.19895260716185842,0.07000084945232424,0.024732165999978406,state_thompson,context_noise_refinement
state_thompson,20262544,100,8,2,0.0,0.45,0.2,dense,1.0,1.0,deterministic,20.0,0.1,0.95,False,7221.191291261519,722119.1291261519,1199184.7545248175,60.21750413365579,477065.62539866555,0.39,0.54,0.2055825369087264,0.07297071424568986,0.0241128339999932,state_thompson,context_noise_refinement
state_thompson,20262545,100,8,2,0.0,0.45,0.2,dense,1.0,1.0,deterministic,20.0,0.1,0.95,False,3747.505691755338,374750.5691755338,787477.4697561779,47.58873536935167,412726.9005806441,0.27,0.45,0.19688919637917573,0.07215899226168292,0.024255458999988377,state_thompson,context_noise_refinement
state_thompson,20262546,100,8,2,0.0,0.45,0.2,dense,1.0,1.0,deterministic,20.0,0.1,0.95,False,4302.831395075547,430283.1395075547,1158217.272977728,37.15046818472279,727934.1334701732,0.22,0.46,0.2092010119967024,0.07850027103377154,0.02434725000000526,state_thompson,context_noise_refinement
state_thompson,20262547,100,8,2,0.0,0.45,0.2,dense,1.0,1.0,deterministic,20.0,0.1,0.95,False,6004.01981104862,600401.981104862,751044.0597708684,79.94231141220064,150642.07866600645,0.54,0.69,0.18674896745364694,0.07067408816410499,0.02472137499998439,state_thompson,context_noise_refinement
tm_tw,20261565,100,8,2,0.0,0.45,0.2,dense,1.0,1.0,deterministic,20.0,0.1,0.95,False,6815.676014840912,681567.6014840913,814874.3375707981,83.64082289250828,133306.73608670686,0.63,0.77,0.2085224425400325,0.0757472598919546,0.4712057500000028,tm_tw_dense,context_noise_refinement
tm_tw,20261566,100,8,2,0.0,0.45,0.2,dense,1.0,1.0,deterministic,20.0,0.1,0.95,False,8364.346256087387,836434.6256087387,1047209.473284738,79.87271381198732,210774.8476759994,0.58,0.81,0.2133715183352906,0.0646858140958791,0.4695724579999947,tm_tw_dense,context_noise_refinement
tm_tw,20261567,100,8,2,0.0,0.45,0.2,dense,1.0,1.0,deterministic,20.0,0.1,0.95,False,14748.337679515636,1474833.7679515637,1651563.9243727226,89.29922397715956,176730.15642115916,0.71,0.86,0.2216244279689035,0.0772459562245377,0.4693265839999867,tm_tw_dense,context_noise_refinement
tm_tw,20261568,100,8,2,0.0,0.45,0.2,dense,1.0,1.0,deterministic,20.0,0.1,0.95,False,3932.747600122985,393274.76001229853,658212.7463826385,59.74888243560029,264937.98637033993,0.29,0.63,0.21388207494650333,0.06873558111805275,0.4654240420000235,tm_tw_dense,context_noise_refinement
tm_tw,20261569,100,8,2,0.0,0.45,0.2,dense,1.0,1.0,deterministic,20.0,0.1,0.95,False,7252.812012665277,725281.2012665276,856069.4553287709,84.72223798570006,130788.25406224327,0.62,0.79,0.20383720525949878,0.0709471204365854,0.4655267500000093,tm_tw_dense,context_noise_refinement
tm_tw,20261570,100,8,2,0.0,0.45,0.2,dense,1.0,1.0,deterministic,20.0,0.1,0.95,False,5259.871849365615,525987.1849365615,716660.3015473342,73.39421254406136,190673.11661077267,0.5,0.78,0.2011299632972728,0.07672667508972811,0.5020245000000045,tm_tw_dense,context_noise_refinement
tm_tw,20261571,100,8,2,0.0,0.45,0.2,dense,1.0,1.0,deterministic,20.0,0.1,0.95,False,8354.15323489311,835415.323489311,1262883.9989847448,66.15139032254082,427468.67549543374,0.32,0.58,0.20813282552363213,0.06688689528921876,0.553815874999998,tm_tw_dense,context_noise_refinement
tm_tw,20261572,100,8,2,0.0,0.45,0.2,dense,1.0,1.0,deterministic,20.0,0.1,0.95,False,6009.267255288599,600926.7255288599,817492.1566514188,73.50856159774716,216565.4311225589,0.45,0.59,0.2247912950686535,0.0781351776418858,0.48937925000001314,tm_tw_dense,context_noise_refinement
tm_tw,20261573,100,8,2,0.0,0.45,0.2,dense,1.0,1.0,deterministic,20.0,0.1,0.95,False,9370.47821868493,937047.821868493,1145885.8463528599,81.77497128976161,208838.02448436688,0.61,0.7,0.21843228020300892,0.08249075295122171,0.4828985830000079,tm_tw_dense,context_noise_refinement
tm_tw,20261574,100,8,2,0.0,0.45,0.2,dense,1.0,1.0,deterministic,20.0,0.1,0.95,False,5397.899479277274,539789.9479277274,726738.7005775191,74.27565746791402,186948.75264979177,0.45,0.66,0.22123904929070004,0.07678431668161045,0.4947464999999909,tm_tw_dense,context_noise_refinement
tm_tw,20262389,100,8,2,0.0,0.45,0.2,gated_offline,1.0,1.0,deterministic,20.0,0.1,0.95,False,7422.006123594058,742200.6123594058,862567.6420353581,86.04549674597946,120367.02967595228,0.71,0.83,0.1380418568577789,0.0537679405721284,0.4706593749999967,tm_tw_gated_offline,context_noise_refinement
tm_tw,20262390,100,8,2,0.0,0.45,0.2,gated_offline,1.0,1.0,deterministic,20.0,0.1,0.95,False,7081.380228771577,708138.0228771577,1092944.8036831524,64.79174616053609,384806.7808059948,0.43,0.68,0.1362683034602229,0.0502521305293026,0.4710995840000009,tm_tw_gated_offline,context_noise_refinement
tm_tw,20262391,100,8,2,0.0,0.45,0.2,gated_offline,1.0,1.0,deterministic,20.0,0.1,0.95,False,15451.131746112656,1545113.1746112655,1688824.960395742,91.4904274181973,143711.78578447644,0.74,0.83,0.1458513826746418,0.0548436461417606,0.4726388750000012,tm_tw_gated_offline,context_noise_refinement
tm_tw,20262392,100,8,2,0.0,0.45,0.2,gated_offline,1.0,1.0,deterministic,20.0,0.1,0.95,False,4102.480755054584,410248.07550545834,682517.1066813646,60.1081015390555,272269.03117590625,0.36,0.68,0.13103578972856225,0.04833128293823421,0.4845315829999777,tm_tw_gated_offline,context_noise_refinement
tm_tw,20262393,100,8,2,0.0,0.45,0.2,gated_offline,1.0,1.0,deterministic,20.0,0.1,0.95,False,3489.5771760842968,348957.71760842967,821357.3686394964,42.485491812954244,472399.6510310667,0.49,0.68,0.1389091612030043,0.04948319822280857,0.4736699999999985,tm_tw_gated_offline,context_noise_refinement
tm_tw,20262394,100,8,2,0.0,0.45,0.2,gated_offline,1.0,1.0,deterministic,20.0,0.1,0.95,False,4506.113551596679,450611.3551596679,722820.4755904431,62.34070151258257,272209.1204307752,0.37,0.72,0.14018231687294272,0.05287349790111562,0.4731639169999937,tm_tw_gated_offline,context_noise_refinement
tm_tw,20262395,100,8,2,0.0,0.45,0.2,gated_offline,1.0,1.0,deterministic,20.0,0.1,0.95,False,2940.194943203786,294019.4943203786,1177462.567825361,24.970602238625645,883443.0735049823,0.08,0.37,0.1380738353492025,0.05072081536160701,0.4801882090000049,tm_tw_gated_offline,context_noise_refinement
tm_tw,20262396,100,8,2,0.0,0.45,0.2,gated_offline,1.0,1.0,deterministic,20.0,0.1,0.95,False,4107.333212763943,410733.32127639436,727107.3817627567,56.48867437992947,316374.0604863624,0.36,0.65,0.13823481723520942,0.05010105300066181,0.4739211670000145,tm_tw_gated_offline,context_noise_refinement
tm_tw,20262397,100,8,2,0.0,0.45,0.2,gated_offline,1.0,1.0,deterministic,20.0,0.1,0.95,False,4744.200511701766,474420.0511701766,1205997.8995477676,39.33838121509809,731577.848377591,0.21,0.6,0.1371791080353725,0.04917006399925917,0.4766512920000139,tm_tw_gated_offline,context_noise_refinement
tm_tw,20262398,100,8,2,0.0,0.45,0.2,gated_offline,1.0,1.0,deterministic,20.0,0.1,0.95,False,5745.047242720923,574504.7242720923,748104.4286676613,76.79472307031496,173599.70439556893,0.48,0.69,0.13233691961598507,0.0508281393283796,0.47535341699997957,tm_tw_gated_offline,context_noise_refinement
tm_tw,20263345,100,8,2,0.0,0.45,0.2,gated_offline_low_rank,1.0,1.0,deterministic,20.0,0.1,0.95,False,5887.198859927963,588719.8859927963,825564.9859516048,71.3111500621839,236845.0999588085,0.39,0.74,0.1460521625351508,0.0519863929194218,0.5349220840000015,tm_tw_gated_offline_low_rank,context_noise_refinement
tm_tw,20263346,100,8,2,0.0,0.45,0.2,gated_offline_low_rank,1.0,1.0,deterministic,20.0,0.1,0.95,False,10103.747060130798,1010374.7060130796,1156291.7792199692,87.38060100147692,145917.07320688944,0.56,0.78,0.1410091811810865,0.0523203525377644,0.5116174999999998,tm_tw_gated_offline_low_rank,context_noise_refinement
tm_tw,20263347,100,8,2,0.0,0.45,0.2,gated_offline_low_rank,1.0,1.0,deterministic,20.0,0.1,0.95,False,12028.303167466238,1202830.3167466235,1766094.927809269,68.10677601790408,563264.6110626452,0.57,0.72,0.14143497244389,0.0493990498134121,0.5126156669999915,tm_tw_gated_offline_low_rank,context_noise_refinement
tm_tw,20263348,100,8,2,0.0,0.45,0.2,gated_offline_low_rank,1.0,1.0,deterministic,20.0,0.1,0.95,False,4261.943690045484,426194.36900454835,692336.7875532384,61.55882175649599,266142.4185486901,0.33,0.55,0.12771050934673475,0.05147072587873717,0.5256688329999974,tm_tw_gated_offline_low_rank,context_noise_refinement
tm_tw,20263349,100,8,2,0.0,0.45,0.2,gated_offline_low_rank,1.0,1.0,deterministic,20.0,0.1,0.95,False,5414.933449107283,541493.3449107283,768658.2873882137,70.44656303006137,227164.9424774854,0.52,0.69,0.1409590491375846,0.05031856846442859,0.5066389579999964,tm_tw_gated_offline_low_rank,context_noise_refinement
tm_tw,20263350,100,8,2,0.0,0.45,0.2,gated_offline_low_rank,1.0,1.0,deterministic,20.0,0.1,0.95,False,3068.787043917059,306878.70439170586,614945.1495526353,49.90342709670224,308066.4451609294,0.19,0.37,0.13197560132595254,0.04924418540607672,0.5039392090000092,tm_tw_gated_offline_low_rank,context_noise_refinement
tm_tw,20263351,100,8,2,0.0,0.45,0.2,gated_offline_low_rank,1.0,1.0,deterministic,20.0,0.1,0.95,False,7896.212529622254,789621.2529622253,1228404.785392478,64.2802162896117,438783.53243025276,0.49,0.75,0.14529510956034103,0.05309681887457411,0.5015904159999991,tm_tw_gated_offline_low_rank,context_noise_refinement
tm_tw,20263352,100,8,2,0.0,0.45,0.2,gated_offline_low_rank,1.0,1.0,deterministic,20.0,0.1,0.95,False,2523.832949448336,252383.29494483361,701187.9568084851,35.9936722378372,448804.6618636515,0.28,0.57,0.16481816966000018,0.05181458887389918,0.5063837499999977,tm_tw_gated_offline_low_rank,context_noise_refinement
tm_tw,20263353,100,8,2,0.0,0.45,0.2,gated_offline_low_rank,1.0,1.0,deterministic,20.0,0.1,0.95,False,10790.481093174663,1079048.1093174664,1242802.4297300938,86.82378498019264,163754.32041262742,0.65,0.85,0.13004223751401986,0.04877446759929542,0.5156446660000142,tm_tw_gated_offline_low_rank,context_noise_refinement
tm_tw,20263354,100,8,2,0.0,0.45,0.2,gated_offline_low_rank,1.0,1.0,deterministic,20.0,0.1,0.95,False,2661.4449080076947,266144.4908007695,652778.6570714269,40.771016012499324,386634.1662706574,0.18,0.44,0.1424800771394312,0.05041940881962324,0.5210941249999905,tm_tw_gated_offline_low_rank,context_noise_refinement
tm_tw_refined,20262393,100,8,2,0.0,0.45,0.2,dense,1.0,1.0,deterministic,20.0,0.1,0.95,False,7752.999375040265,775299.9375040265,834508.6888198731,92.90495687952904,59208.75131584669,0.65,0.85,0.2197069696827316,0.0755099107571986,0.471297290999999,tm_tw_refined_dense,context_noise_refinement
tm_tw_refined,20262394,100,8,2,0.0,0.45,0.2,dense,1.0,1.0,deterministic,20.0,0.1,0.95,False,6883.275710747137,688327.5710747137,1032151.9096296196,66.68859153898337,343824.33855490584,0.41,0.7,0.2023988093461458,0.069955584875257,0.4679612909999946,tm_tw_refined_dense,context_noise_refinement
tm_tw_refined,20262395,100,8,2,0.0,0.45,0.2,dense,1.0,1.0,deterministic,20.0,0.1,0.95,False,12806.558724731707,1280655.872473171,1535603.1619544993,83.39757980461344,254947.28948132836,0.61,0.8,0.2075723791562443,0.0709833837572989,0.4689757499999984,tm_tw_refined_dense,context_noise_refinement
tm_tw_refined,20262396,100,8,2,0.0,0.45,0.2,dense,1.0,1.0,deterministic,20.0,0.1,0.95,False,4639.089202057417,463908.9202057417,674896.8344584451,68.73775316756293,210987.91425270337,0.4,0.64,0.2048805994636673,0.06541612727173458,0.46564837500000067,tm_tw_refined_dense,context_noise_refinement
tm_tw_refined,20262397,100,8,2,0.0,0.45,0.2,dense,1.0,1.0,deterministic,20.0,0.1,0.95,False,8650.607006369099,865060.7006369098,867246.1639834846,99.74799965253966,2185.4633465748047,0.79,0.91,0.20947913503230606,0.07683201484306557,0.4599582499999997,tm_tw_refined_dense,context_noise_refinement
tm_tw_refined,20262398,100,8,2,0.0,0.45,0.2,dense,1.0,1.0,deterministic,20.0,0.1,0.95,False,6360.198897721823,636019.8897721823,716812.7254717025,88.728878153446,80792.83569952019,0.54,0.77,0.19726091557401,0.07320558488940779,0.46230887499999085,tm_tw_refined_dense,context_noise_refinement
tm_tw_refined,20262399,100,8,2,0.0,0.45,0.2,dense,1.0,1.0,deterministic,20.0,0.1,0.95,False,10616.352970507789,1061635.297050779,1194759.3305439823,88.85766948289151,133124.03349320334,0.65,0.81,0.21730825192043782,0.07334631876330656,0.46158870800002205,tm_tw_refined_dense,context_noise_refinement
tm_tw_refined,20262400,100,8,2,0.0,0.45,0.2,dense,1.0,1.0,deterministic,20.0,0.1,0.95,False,6341.604435425133,634160.4435425133,815109.2449105661,77.80066874497216,180948.80136805284,0.43,0.58,0.21027804349503432,0.075517099857788,0.4560479579999992,tm_tw_refined_dense,context_noise_refinement
tm_tw_refined,20262401,100,8,2,0.0,0.45,0.2,dense,1.0,1.0,deterministic,20.0,0.1,0.95,False,9987.434883979244,998743.4883979243,1166287.523666335,85.63441416729553,167544.0352684107,0.6,0.73,0.21814276235571106,0.0758330551787196,0.459349125000017,tm_tw_refined_dense,context_noise_refinement
tm_tw_refined,20262402,100,8,2,0.0,0.45,0.2,dense,1.0,1.0,deterministic,20.0,0.1,0.95,False,6519.071204406613,651907.1204406613,746214.4590593878,87.36189878475392,94307.33861872647,0.59,0.77,0.21141036120180914,0.07048108002807775,0.4677583329999777,tm_tw_refined_dense,context_noise_refinement
tm_tw_refined,20263217,100,8,2,0.0,0.45,0.2,gated_offline,1.0,1.0,deterministic,20.0,0.1,0.95,False,6795.42908646264,679542.908646264,774111.7932900204,87.78356234028767,94568.88464375644,0.59,0.83,0.1365743692282193,0.0506409784673212,0.4825377909999986,tm_tw_refined_gated_offline,context_noise_refinement
tm_tw_refined,20263218,100,8,2,0.0,0.45,0.2,gated_offline,1.0,1.0,deterministic,20.0,0.1,0.95,False,10368.532785880096,1036853.2785880098,1190999.484167448,87.05740786385041,154146.20557943825,0.61,0.84,0.1358586980182452,0.0510483654756041,0.4716176669999967,tm_tw_refined_gated_offline,context_noise_refinement
tm_tw_refined,20263219,100,8,2,0.0,0.45,0.2,gated_offline,1.0,1.0,deterministic,20.0,0.1,0.95,False,11645.81893203122,1164581.893203122,1556309.07171209,74.82973108432567,391727.1785089679,0.63,0.8,0.1407713928534479,0.052057477723912,0.46950958299999,tm_tw_refined_gated_offline,context_noise_refinement
tm_tw_refined,20263220,100,8,2,0.0,0.45,0.2,gated_offline,1.0,1.0,deterministic,20.0,0.1,0.95,False,5534.378620435359,553437.8620435359,616955.2914937906,89.70469492263138,63517.429450254655,0.45,0.73,0.14321115619253227,0.04865284662200976,0.48846933300001183,tm_tw_refined_gated_offline,context_noise_refinement
tm_tw_refined,20263221,100,8,2,0.0,0.45,0.2,gated_offline,1.0,1.0,deterministic,20.0,0.1,0.95,False,8369.240907634196,836924.0907634195,827125.6361225672,101.18463921476136,-9798.454640852287,0.75,0.87,0.1331313249368997,0.05058963588693196,0.5046487090000085,tm_tw_refined_gated_offline,context_noise_refinement
tm_tw_refined,20263222,100,8,2,0.0,0.45,0.2,gated_offline,1.0,1.0,deterministic,20.0,0.1,0.95,False,5862.531874308412,586253.1874308411,682506.7593734037,85.89705220928052,96253.57194256259,0.59,0.8,0.13831940035777765,0.052137905340221315,0.4738482079999926,tm_tw_refined_gated_offline,context_noise_refinement
tm_tw_refined,20263223,100,8,2,0.0,0.45,0.2,gated_offline,1.0,1.0,deterministic,20.0,0.1,0.95,False,11183.08438819527,1118308.438819527,1257369.441353364,88.94032271182292,139061.002533837,0.58,0.83,0.14115268819478716,0.05371231809186203,0.4752356250000105,tm_tw_refined_gated_offline,context_noise_refinement
tm_tw_refined,20263224,100,8,2,0.0,0.45,0.2,gated_offline,1.0,1.0,deterministic,20.0,0.1,0.95,False,6647.920666194264,664792.0666194265,831003.5255540704,79.99870592320019,166211.4589346439,0.5,0.63,0.14168170241914266,0.05385175264065605,0.4734935410000105,tm_tw_refined_gated_offline,context_noise_refinement
tm_tw_refined,20263225,100,8,2,0.0,0.45,0.2,gated_offline,1.0,1.0,deterministic,20.0,0.1,0.95,False,9954.346059192736,995434.6059192737,1252517.4613245332,79.47470886885718,257082.85540525953,0.5,0.81,0.13644103607054348,0.05476021255603165,0.47120558399998913,tm_tw_refined_gated_offline,context_noise_refinement
tm_tw_refined,20263226,100,8,2,0.0,0.45,0.2,gated_offline,1.0,1.0,deterministic,20.0,0.1,0.95,False,6821.538035223806,682153.8035223807,704544.3399309005,96.82198335299722,22390.536408519838,0.62,0.8,0.135548582160803,0.04991741585386746,0.4791677499999878,tm_tw_refined_gated_offline,context_noise_refinement
tm_tw_refined,20263217,100,8,2,0.0,0.45,0.2,gated_offline,2.0,1.0,beta,20.0,0.1,0.95,False,8213.31936019929,821331.936019929,893736.2054314096,91.89869796350806,72404.26941148064,0.68,0.89,0.133595244335106,0.0536031357893845,0.4981710840000062,tm_tw_refined_gated_offline_best_beta,context_noise_refinement
tm_tw_refined,20263218,100,8,2,0.0,0.45,0.2,gated_offline,2.0,1.0,beta,20.0,0.1,0.95,False,8795.815672104532,879581.5672104533,1038645.789288828,84.68542175602639,159064.22207837482,0.55,0.8,0.1324339199644025,0.0507607383064104,0.4972656249999971,tm_tw_refined_gated_offline_best_beta,context_noise_refinement
tm_tw_refined,20263219,100,8,2,0.0,0.45,0.2,gated_offline,2.0,1.0,beta,20.0,0.1,0.95,False,12732.536917647783,1273253.6917647785,1575009.3192962834,80.84102590159087,301755.62753150496,0.6,0.82,0.131391672555654,0.0484195926917408,0.497958459000003,tm_tw_refined_gated_offline_best_beta,context_noise_refinement
tm_tw_refined,20263220,100,8,2,0.0,0.45,0.2,gated_offline,2.0,1.0,beta,20.0,0.1,0.95,False,5227.8931745824,522789.31745824,618563.5310983267,84.51667309418822,95774.21364008664,0.42,0.67,0.13424192848598765,0.05220614324397139,0.4630396249999933,tm_tw_refined_gated_offline_best_beta,context_noise_refinement
tm_tw_refined,20263221,100,8,2,0.0,0.45,0.2,gated_offline,2.0,1.0,beta,20.0,0.1,0.95,False,7881.095015634785,788109.5015634785,821786.12937658,95.90202041513537,33676.62781310151,0.81,0.9,0.14227329687201165,0.0533855217401396,0.49117899999998826,tm_tw_refined_gated_offline_best_beta,context_noise_refinement
tm_tw_refined,20263222,100,8,2,0.0,0.45,0.2,gated_offline,2.0,1.0,beta,20.0,0.1,0.95,False,6240.212888586654,624021.2888586654,683925.7411461603,91.24108822295477,59904.4522874949,0.59,0.8,0.1361287509237282,0.050649538666071775,0.47654904200001624,tm_tw_refined_gated_offline_best_beta,context_noise_refinement
tm_tw_refined,20263223,100,8,2,0.0,0.45,0.2,gated_offline,2.0,1.0,beta,20.0,0.1,0.95,False,10919.048443546146,1091904.8443546146,1223462.849774677,89.24707804210881,131558.00542006246,0.59,0.85,0.13189334740633463,0.051670797970648455,0.46788100000000554,tm_tw_refined_gated_offline_best_beta,context_noise_refinement
tm_tw_refined,20263224,100,8,2,0.0,0.45,0.2,gated_offline,2.0,1.0,beta,20.0,0.1,0.95,False,5792.436102159241,579243.6102159241,795939.9094693176,72.7747915796969,216696.29925339355,0.4,0.57,0.12438637028385674,0.04779798945990519,0.46391579199999455,tm_tw_refined_gated_offline_best_beta,context_noise_refinement
tm_tw_refined,20263225,100,8,2,0.0,0.45,0.2,gated_offline,2.0,1.0,beta,20.0,0.1,0.95,False,9572.127692403243,957212.7692403243,1172506.8860170408,81.63813625794027,215294.11677671655,0.59,0.85,0.13789296696624656,0.05128716031132876,0.45874841700000957,tm_tw_refined_gated_offline_best_beta,context_noise_refinement
tm_tw_refined,20263226,100,8,2,0.0,0.45,0.2,gated_offline,2.0,1.0,beta,20.0,0.1,0.95,False,6133.217332193225,613321.7332193225,740128.2123352418,82.86695777805559,126806.47911591933,0.58,0.8,0.1436470400872433,0.04987551677643823,0.4597412080000254,tm_tw_refined_gated_offline_best_beta,context_noise_refinement
tm_tw_refined,20264173,100,8,2,0.0,0.45,0.2,gated_offline_low_rank,1.0,1.0,deterministic,20.0,0.1,0.95,False,7435.531481410039,743553.1481410039,797673.1375032056,93.215267404942,54119.98936220165,0.63,0.85,0.1291179342207879,0.0514626179334204,0.5251658339999992,tm_tw_refined_gated_offline_low_rank,context_noise_refinement
tm_tw_refined,20264174,100,8,2,0.0,0.45,0.2,gated_offline_low_rank,1.0,1.0,deterministic,20.0,0.1,0.95,False,9218.883098771772,921888.3098771772,1115644.0652637556,82.63283412521254,193755.7553865785,0.59,0.84,0.1401316867026249,0.0509732599437886,0.5112705419999983,tm_tw_refined_gated_offline_low_rank,context_noise_refinement
tm_tw_refined,20264175,100,8,2,0.0,0.45,0.2,gated_offline_low_rank,1.0,1.0,deterministic,20.0,0.1,0.95,False,14615.113682015972,1461511.3682015971,1708888.226417846,85.52410541590552,247376.8582162489,0.72,0.87,0.1471611621902812,0.0513857221611149,0.513496791999998,tm_tw_refined_gated_offline_low_rank,context_noise_refinement
tm_tw_refined,20264176,100,8,2,0.0,0.45,0.2,gated_offline_low_rank,1.0,1.0,deterministic,20.0,0.1,0.95,False,5591.432980133444,559143.2980133444,628391.7682961138,88.98004815204106,69248.47028276941,0.5,0.8,0.13628472229785793,0.04987972031831803,0.49595416599999,tm_tw_refined_gated_offline_low_rank,context_noise_refinement
tm_tw_refined,20264177,100,8,2,0.0,0.45,0.2,gated_offline_low_rank,1.0,1.0,deterministic,20.0,0.1,0.95,False,8207.868784713784,820786.8784713784,833777.9529504373,98.44190237543602,12991.074479058967,0.81,0.91,0.13897850808895057,0.05080924748338144,0.5021188329999973,tm_tw_refined_gated_offline_low_rank,context_noise_refinement
tm_tw_refined,20264178,100,8,2,0.0,0.45,0.2,gated_offline_low_rank,1.0,1.0,deterministic,20.0,0.1,0.95,False,5630.210407197704,563021.0407197704,646279.0012955547,87.11733471010471,83257.96057578432,0.45,0.77,0.1288057634068534,0.050829668737005756,0.5035037920000036,tm_tw_refined_gated_offline_low_rank,context_noise_refinement
tm_tw_refined,20264179,100,8,2,0.0,0.45,0.2,gated_offline_low_rank,1.0,1.0,deterministic,20.0,0.1,0.95,False,11817.975272043486,1181797.5272043487,1257891.077485686,93.95070434608412,76093.55028133723,0.61,0.76,0.1376528301710831,0.049656458984182625,0.5031614579999939,tm_tw_refined_gated_offline_low_rank,context_noise_refinement
tm_tw_refined,20264180,100,8,2,0.0,0.45,0.2,gated_offline_low_rank,1.0,1.0,deterministic,20.0,0.1,0.95,False,6469.650795371232,646965.0795371232,816691.156266886,79.21783829451704,169726.07672976283,0.44,0.7,0.14323795823723626,0.0515429116892227,0.5102368329999933,tm_tw_refined_gated_offline_low_rank,context_noise_refinement
tm_tw_refined,20264181,100,8,2,0.0,0.45,0.2,gated_offline_low_rank,1.0,1.0,deterministic,20.0,0.1,0.95,False,8993.210765721307,899321.0765721307,1191533.7735066456,75.47591990829245,292212.6969345149,0.57,0.7,0.13690532909358658,0.049978062112486066,0.49796324999999797,tm_tw_refined_gated_offline_low_rank,context_noise_refinement
tm_tw_refined,20264182,100,8,2,0.0,0.45,0.2,gated_offline_low_rank,1.0,1.0,deterministic,20.0,0.1,0.95,False,6026.023291152183,602602.3291152184,720207.5245845463,83.67065165874672,117605.19546932797,0.51,0.62,0.14309200463317184,0.05118279242810752,0.502000417000005,tm_tw_refined_gated_offline_low_rank,context_noise_refinement
tm_tw_refined,20264173,100,8,2,0.0,0.45,0.2,gated_offline_low_rank,1.0,1.0,beta,20.0,0.1,0.95,False,6257.325738160666,625732.5738160666,791263.9126125621,79.08013544432337,165531.33879649546,0.51,0.76,0.1445937614426486,0.0540176782832076,0.546108916999998,tm_tw_refined_gated_offline_low_rank_best_beta,context_noise_refinement
tm_tw_refined,20264174,100,8,2,0.0,0.45,0.2,gated_offline_low_rank,1.0,1.0,beta,20.0,0.1,0.95,False,10370.33046402958,1037033.046402958,1133052.0367642138,91.52563278245648,96018.99036125584,0.6,0.85,0.1355692154673876,0.0492293799608711,0.5454320829999943,tm_tw_refined_gated_offline_low_rank_best_beta,context_noise_refinement
tm_tw_refined,20264175,100,8,2,0.0,0.45,0.2,gated_offline_low_rank,1.0,1.0,beta,20.0,0.1,0.95,False,13675.7491091024,1367574.91091024,1681223.3604953005,81.34403453133928,313648.4495850606,0.68,0.8,0.1399702817888816,0.0532625338186412,0.5471180840000045,tm_tw_refined_gated_offline_low_rank_best_beta,context_noise_refinement
tm_tw_refined,20264176,100,8,2,0.0,0.45,0.2,gated_offline_low_rank,1.0,1.0,beta,20.0,0.1,0.95,False,5012.651987100207,501265.19871002075,628185.1032624064,79.7957793183503,126919.90455238568,0.41,0.73,0.13342396669230772,0.04958250029883268,0.5033775409999919,tm_tw_refined_gated_offline_low_rank_best_beta,context_noise_refinement
tm_tw_refined,20264177,100,8,2,0.0,0.45,0.2,gated_offline_low_rank,1.0,1.0,beta,20.0,0.1,0.95,False,9274.103461340193,927410.3461340194,925476.818402565,100.20892232987444,-1933.5277314544655,0.82,0.92,0.12090738659995744,0.048874296022907535,0.501886667000008,tm_tw_refined_gated_offline_low_rank_best_beta,context_noise_refinement
tm_tw_refined,20264178,100,8,2,0.0,0.45,0.2,gated_offline_low_rank,1.0,1.0,beta,20.0,0.1,0.95,False,6277.249417627767,627724.9417627767,730302.987147764,85.95404274798175,102578.04538498726,0.59,0.84,0.1420075864612217,0.05224342160107956,0.5040510419999862,tm_tw_refined_gated_offline_low_rank_best_beta,context_noise_refinement
tm_tw_refined,20264179,100,8,2,0.0,0.45,0.2,gated_offline_low_rank,1.0,1.0,beta,20.0,0.1,0.95,False,9250.43231586089,925043.231586089,1141820.0161965324,81.01480254895695,216776.7846104434,0.55,0.81,0.146884213526091,0.04999525785100827,0.5016789159999746,tm_tw_refined_gated_offline_low_rank_best_beta,context_noise_refinement
tm_tw_refined,20264180,100,8,2,0.0,0.45,0.2,gated_offline_low_rank,1.0,1.0,beta,20.0,0.1,0.95,False,6997.711457983665,699771.1457983665,821790.9583837832,85.15196457924128,122019.81258541672,0.42,0.65,0.1318122170340451,0.05114690127459348,0.4993204589999891,tm_tw_refined_gated_offline_low_rank_best_beta,context_noise_refinement
tm_tw_refined,20264181,100,8,2,0.0,0.45,0.2,gated_offline_low_rank,1.0,1.0,beta,20.0,0.1,0.95,False,9325.526925605825,932552.6925605825,1164685.2487697117,80.06907390178274,232132.55620912916,0.51,0.82,0.13809428250618258,0.05320061188439941,0.5013078329999985,tm_tw_refined_gated_offline_low_rank_best_beta,context_noise_refinement
tm_tw_refined,20264182,100,8,2,0.0,0.45,0.2,gated_offline_low_rank,1.0,1.0,beta,20.0,0.1,0.95,False,6435.914767448016,643591.4767448016,763006.9949169605,84.34935472837243,119415.51817215886,0.61,0.82,0.1398876363545354,0.05076017734446957,0.5008793749999825,tm_tw_refined_gated_offline_low_rank_best_beta,context_noise_refinement
tm_tw_refined,20265065,100,8,2,0.0,0.45,0.2,support_gated_offline_low_rank,1.0,0.5,beta,20.0,0.1,0.95,True,8478.19592659129,847819.592659129,841158.3464092243,100.79191347007854,-6661.246249904623,0.68,0.87,0.0930993509015461,0.0205872152424198,0.5407333330000057,tm_tw_refined_support_gated_offline_low_rank_best_beta,context_noise_refinement
tm_tw_refined,20265066,100,8,2,0.0,0.45,0.2,support_gated_offline_low_rank,1.0,0.5,beta,20.0,0.1,0.95,True,10160.155195182797,1016015.5195182796,1147012.1514990109,88.5793161119057,130996.63198073138,0.76,0.9,0.1013754766948787,0.0242290115061513,0.549843334000002,tm_tw_refined_support_gated_offline_low_rank_best_beta,context_noise_refinement
tm_tw_refined,20265067,100,8,2,0.0,0.45,0.2,support_gated_offline_low_rank,1.0,0.5,beta,20.0,0.1,0.95,True,14481.997737812277,1448199.7737812274,1653682.2559240656,87.57424641845624,205482.48214283815,0.69,0.83,0.0807349215355061,0.0181989730887342,0.541028292,tm_tw_refined_support_gated_offline_low_rank_best_beta,context_noise_refinement
tm_tw_refined,20265068,100,8,2,0.0,0.45,0.2,support_gated_offline_low_rank,1.0,0.5,beta,20.0,0.1,0.95,True,5461.412711386376,546141.2711386376,643867.130137089,84.82204566373125,97725.8589984515,0.42,0.69,0.09839863967287284,0.02438509856766615,0.5019783749999931,tm_tw_refined_support_gated_offline_low_rank_best_beta,context_noise_refinement
tm_tw_refined,20265069,100,8,2,0.0,0.45,0.2,support_gated_offline_low_rank,1.0,0.5,beta,20.0,0.1,0.95,True,8835.930995474857,883593.0995474857,876905.3133537321,100.76265773418297,-6687.786193753593,0.73,0.82,0.08646735030794324,0.020239228224649117,0.5024352500000191,tm_tw_refined_support_gated_offline_low_rank_best_beta,context_noise_refinement
tm_tw_refined,20265070,100,8,2,0.0,0.45,0.2,support_gated_offline_low_rank,1.0,0.5,beta,20.0,0.1,0.95,True,5964.61033490326,596461.033490326,658325.4002179292,90.60276776391677,61864.366727603134,0.56,0.83,0.10016235657108141,0.02588930331950482,0.5152305420000118,tm_tw_refined_support_gated_offline_low_rank_best_beta,context_noise_refinement
tm_tw_refined,20265071,100,8,2,0.0,0.45,0.2,support_gated_offline_low_rank,1.0,0.5,beta,20.0,0.1,0.95,True,10283.866287796343,1028386.6287796344,1234091.4981389297,83.33147342239143,205704.86935929535,0.53,0.81,0.10780194803467692,0.021098581564112394,0.5035073749999981,tm_tw_refined_support_gated_offline_low_rank_best_beta,context_noise_refinement
tm_tw_refined,20265072,100,8,2,0.0,0.45,0.2,support_gated_offline_low_rank,1.0,0.5,beta,20.0,0.1,0.95,True,6194.561683996392,619456.1683996392,782545.409764628,79.1591338560094,163089.24136498885,0.45,0.67,0.10235224132911545,0.022372022412798957,0.5049954170000035,tm_tw_refined_support_gated_offline_low_rank_best_beta,context_noise_refinement
tm_tw_refined,20265073,100,8,2,0.0,0.45,0.2,support_gated_offline_low_rank,1.0,0.5,beta,20.0,0.1,0.95,True,9819.54490384929,981954.490384929,1155898.5201617042,84.95161757344916,173944.02977677516,0.55,0.78,0.11387404068370525,0.02708390760061546,0.5050741659999858,tm_tw_refined_support_gated_offline_low_rank_best_beta,context_noise_refinement
tm_tw_refined,20265074,100,8,2,0.0,0.45,0.2,support_gated_offline_low_rank,1.0,0.5,beta,20.0,0.1,0.95,True,6675.211793209114,667521.1793209114,747000.4348954848,89.36021294476306,79479.25557457341,0.66,0.82,0.10884399356123999,0.0246252629733812,0.5057618749999904,tm_tw_refined_support_gated_offline_low_rank_best_beta,context_noise_refinement
tm_tw_refined,20263497,100,8,2,0.0,0.45,0.2,support_offline,1.0,1.0,deterministic,20.0,0.1,0.95,True,7424.928715511301,742492.8715511301,811656.6439061253,91.47869078947691,69163.77235499525,0.56,0.85,0.1062379326210192,0.02455555174215,0.4664227919999959,tm_tw_refined_support_offline,context_noise_refinement
tm_tw_refined,20263498,100,8,2,0.0,0.45,0.2,support_offline,1.0,1.0,deterministic,20.0,0.1,0.95,True,8322.984052664257,832298.4052664257,1095405.8319295694,75.98082655816457,263107.4266631437,0.48,0.73,0.1045746393236444,0.0261188832166111,0.4689798750000022,tm_tw_refined_support_offline,context_noise_refinement
tm_tw_refined,20263499,100,8,2,0.0,0.45,0.2,support_offline,1.0,1.0,deterministic,20.0,0.1,0.95,True,15979.366763579068,1597936.6763579068,1721522.7667402683,92.82111786320584,123586.09038236157,0.78,0.9,0.0988455688338586,0.020769395903031,0.4701483750000079,tm_tw_refined_support_offline,context_noise_refinement
tm_tw_refined,20263500,100,8,2,0.0,0.45,0.2,support_offline,1.0,1.0,deterministic,20.0,0.1,0.95,True,5434.55192245082,543455.192245082,643861.164345664,84.40564866144373,100405.97210058197,0.46,0.71,0.11183072202992994,0.027499428094036483,0.45580241599998317,tm_tw_refined_support_offline,context_noise_refinement
tm_tw_refined,20263501,100,8,2,0.0,0.45,0.2,support_offline,1.0,1.0,deterministic,20.0,0.1,0.95,True,8858.784571554641,885878.4571554641,936184.892655235,94.62644228779529,50306.435499770916,0.79,0.91,0.0962294907273731,0.019570207787711076,0.45746983300000466,tm_tw_refined_support_offline,context_noise_refinement
tm_tw_refined,20263502,100,8,2,0.0,0.45,0.2,support_offline,1.0,1.0,deterministic,20.0,0.1,0.95,True,5424.184288490754,542418.4288490753,686669.1953825766,78.99268417696645,144250.7665335012,0.55,0.7,0.1012198138344528,0.022010416785845827,0.45410670800001185,tm_tw_refined_support_offline,context_noise_refinement
tm_tw_refined,20263503,100,8,2,0.0,0.45,0.2,support_offline,1.0,1.0,deterministic,20.0,0.1,0.95,True,11501.82074734867,1150182.0747348669,1332308.7621971953,86.32999402015703,182126.68746232847,0.62,0.86,0.1080657689172531,0.024704834366632115,0.459036832999999,tm_tw_refined_support_offline,context_noise_refinement
tm_tw_refined,20263504,100,8,2,0.0,0.45,0.2,support_offline,1.0,1.0,deterministic,20.0,0.1,0.95,True,5739.731574993174,573973.1574993174,786080.9481152303,73.01705490707042,212107.79061591288,0.39,0.62,0.1204530653644029,0.027648371071053373,0.45553829199999996,tm_tw_refined_support_offline,context_noise_refinement
tm_tw_refined,20263505,100,8,2,0.0,0.45,0.2,support_offline,1.0,1.0,deterministic,20.0,0.1,0.95,True,9411.883099974732,941188.3099974731,1202817.892037889,78.24861238161775,261629.58204041584,0.58,0.78,0.09815697278139084,0.024136914857484048,0.4570019580000064,tm_tw_refined_support_offline,context_noise_refinement
tm_tw_refined,20263506,100,8,2,0.0,0.45,0.2,support_offline,1.0,1.0,deterministic,20.0,0.1,0.95,True,6755.813929020958,675581.3929020958,771970.5299852501,87.51388384152489,96389.13708315429,0.58,0.73,0.10373543087096798,0.025534010276454036,0.4561770420000073,tm_tw_refined_support_offline,context_noise_refinement
tm_tw,20262669,100,8,2,0.0,0.45,0.2,support_offline,1.0,1.0,deterministic,20.0,0.1,0.95,True,7754.210122800918,775421.0122800918,885518.0455935934,87.5669350995891,110097.03331350164,0.68,0.82,0.1066995111731918,0.026593504685667,0.4697237080000036,tm_tw_support_offline,context_noise_refinement
tm_tw,20262670,100,8,2,0.0,0.45,0.2,support_offline,1.0,1.0,deterministic,20.0,0.1,0.95,True,10868.097210085549,1086809.7210085548,1187808.9827973945,91.49701145120343,100999.26178883947,0.58,0.83,0.0989629544868088,0.0231148417422158,0.4690129159999969,tm_tw_support_offline,context_noise_refinement
tm_tw,20262671,100,8,2,0.0,0.45,0.2,support_offline,1.0,1.0,deterministic,20.0,0.1,0.95,True,15192.1732920769,1519217.32920769,1882135.7258025128,80.7177350910716,362918.3965948229,0.72,0.88,0.0882797846170803,0.0217889771146897,0.4690954590000018,tm_tw_support_offline,context_noise_refinement
tm_tw,20262672,100,8,2,0.0,0.45,0.2,support_offline,1.0,1.0,deterministic,20.0,0.1,0.95,True,5747.690288094732,574769.0288094732,703679.8474448653,81.68047314364895,128910.81863539212,0.57,0.82,0.09736108338790128,0.028867319963969934,0.45545287499999176,tm_tw_support_offline,context_noise_refinement
tm_tw,20262673,100,8,2,0.0,0.45,0.2,support_offline,1.0,1.0,deterministic,20.0,0.1,0.95,True,7980.355899350604,798035.5899350604,909980.1391062131,87.69813269978559,111944.54917115276,0.66,0.84,0.09825842063955595,0.025028033050871715,0.45589937500000133,tm_tw_support_offline,context_noise_refinement
tm_tw,20262674,100,8,2,0.0,0.45,0.2,support_offline,1.0,1.0,deterministic,20.0,0.1,0.95,True,4085.2765472686283,408527.65472686285,685516.4159712015,59.59414613697961,276988.76124433865,0.37,0.59,0.09653693186705863,0.024944397194728837,0.4528841249999971,tm_tw_support_offline,context_noise_refinement
tm_tw,20262675,100,8,2,0.0,0.45,0.2,support_offline,1.0,1.0,deterministic,20.0,0.1,0.95,True,8739.88103986177,873988.1039861769,1193802.661348237,73.21043354009001,319814.55736206006,0.42,0.73,0.10137243964498693,0.026840727618909932,0.4553417500000023,tm_tw_support_offline,context_noise_refinement
tm_tw,20262676,100,8,2,0.0,0.45,0.2,support_offline,1.0,1.0,deterministic,20.0,0.1,0.95,True,7678.8121264425245,767881.2126442525,843315.7591387284,91.05500571084826,75434.54649447592,0.65,0.78,0.10449029291490379,0.023687715765008742,0.45463454200000797,tm_tw_support_offline,context_noise_refinement
tm_tw,20262677,100,8,2,0.0,0.45,0.2,support_offline,1.0,1.0,deterministic,20.0,0.1,0.95,True,9827.299282492626,982729.9282492625,1145850.190258389,85.76425929009595,163120.2620091266,0.64,0.82,0.09419778498043496,0.021458260412482284,0.4561371670000085,tm_tw_support_offline,context_noise_refinement
tm_tw,20262678,100,8,2,0.0,0.45,0.2,support_offline,1.0,1.0,deterministic,20.0,0.1,0.95,True,2967.3074082495455,296730.7408249545,628863.4815023545,47.185239651071,332132.74067739997,0.13,0.48,0.10092180899007432,0.024185817959105158,0.45565683300000615,tm_tw_support_offline,context_noise_refinement
tw,20261245,100,8,2,0.0,0.45,0.2,dense,1.0,1.0,deterministic,20.0,0.1,0.95,False,6429.279337800541,642927.9337800541,820626.5584314817,78.34598175922129,177698.6246514276,0.58,0.77,0.2093750663359038,0.0702573769231029,0.4614634579999972,tw_dense,context_noise_refinement
tw,20261246,100,8,2,0.0,0.45,0.2,dense,1.0,1.0,deterministic,20.0,0.1,0.95,False,8036.571975725067,803657.1975725067,1124491.7459805957,71.46848346776345,320834.548408089,0.45,0.62,0.2153784191149233,0.0606725803413241,0.4558347079999976,tw_dense,context_noise_refinement
tw,20261247,100,8,2,0.0,0.45,0.2,dense,1.0,1.0,deterministic,20.0,0.1,0.95,False,11507.085087221463,1150708.5087221465,1658174.9010699105,69.396087709425,507466.3923477642,0.53,0.73,0.1921572073746462,0.0669797062587141,0.4614104580000031,tw_dense,context_noise_refinement
tw,20261248,100,8,2,0.0,0.45,0.2,dense,1.0,1.0,deterministic,20.0,0.1,0.95,False,4567.918384259744,456791.8384259744,689300.0308902367,66.26894210871048,232508.1924642623,0.43,0.7,0.20335240689070044,0.06605659392836181,0.4464485839999952,tw_dense,context_noise_refinement
tw,20261249,100,8,2,0.0,0.45,0.2,dense,1.0,1.0,deterministic,20.0,0.1,0.95,False,1313.8623609394344,131386.23609394344,792470.4398445244,16.57932327667897,661084.2037505809,0.06,0.38,0.21362760392757765,0.07241099101066935,0.4449814580000009,tw_dense,context_noise_refinement
tw,20261250,100,8,2,0.0,0.45,0.2,dense,1.0,1.0,deterministic,20.0,0.1,0.95,False,4344.241268597012,434424.1268597012,660121.4813707357,65.8097242885694,225697.3545110345,0.4,0.66,0.2121671021563273,0.06634199145514381,0.44494354099998645,tw_dense,context_noise_refinement
tw,20261251,100,8,2,0.0,0.45,0.2,dense,1.0,1.0,deterministic,20.0,0.1,0.95,False,9144.911182776792,914491.1182776792,1214123.2395111213,75.32111144218837,299632.1212334421,0.46,0.67,0.21293142514977711,0.06856184189844965,0.44492975,tw_dense,context_noise_refinement
tw,20261252,100,8,2,0.0,0.45,0.2,dense,1.0,1.0,deterministic,20.0,0.1,0.95,False,6390.898452880094,639089.8452880094,817364.780407973,78.18906082165898,178274.9351199636,0.39,0.6,0.2083128405338313,0.06887142983213498,0.4426920000000223,tw_dense,context_noise_refinement
tw,20261253,100,8,2,0.0,0.45,0.2,dense,1.0,1.0,deterministic,20.0,0.1,0.95,False,8657.356890647447,865735.6890647447,1186891.9499510115,72.94140710116685,321156.2608862667,0.49,0.73,0.21836614153268138,0.06719510279358085,0.44548733299998844,tw_dense,context_noise_refinement
tw,20261254,100,8,2,0.0,0.45,0.2,dense,1.0,1.0,deterministic,20.0,0.1,0.95,False,5024.734274138828,502473.42741388286,721854.6791932678,69.6086680459616,219381.25177938497,0.38,0.6,0.20112491299987165,0.05905601209142444,0.4427357499999971,tw_dense,context_noise_refinement
tw,20262069,100,8,2,0.0,0.45,0.2,gated_offline,1.0,1.0,deterministic,20.0,0.1,0.95,False,7063.659188772127,706365.9188772127,873955.0303217737,80.82405780273868,167589.11144456104,0.66,0.81,0.1459601608227254,0.0542011667359916,0.459578332999996,tw_gated_offline,context_noise_refinement
tw,20262070,100,8,2,0.0,0.45,0.2,gated_offline,1.0,1.0,deterministic,20.0,0.1,0.95,False,9739.187956054033,973918.795605403,1145112.4345900214,85.05005850836736,171193.63898461836,0.59,0.78,0.1514825923165002,0.052523633089582,0.4688882499999991,tw_gated_offline,context_noise_refinement
tw,20262071,100,8,2,0.0,0.45,0.2,gated_offline,1.0,1.0,deterministic,20.0,0.1,0.95,False,9086.178832154466,908617.8832154468,1711977.2021449744,53.07418124943599,803359.3189295277,0.44,0.66,0.1440510359203996,0.0520769501620668,0.4602605830000073,tw_gated_offline,context_noise_refinement
tw,20262072,100,8,2,0.0,0.45,0.2,gated_offline,1.0,1.0,deterministic,20.0,0.1,0.95,False,4509.57228005727,450957.228005727,649211.6946771088,69.46227735931569,198254.4666713818,0.44,0.62,0.14787855475131748,0.05380043514878089,0.4486430840000253,tw_gated_offline,context_noise_refinement
tw,20262073,100,8,2,0.0,0.45,0.2,gated_offline,1.0,1.0,deterministic,20.0,0.1,0.95,False,8547.099437007932,854709.9437007932,938120.7584263522,91.10873371297356,83410.81472555897,0.75,0.85,0.14052817979149063,0.0522329954710946,0.4432299999999998,tw_gated_offline,context_noise_refinement
tw,20262074,100,8,2,0.0,0.45,0.2,gated_offline,1.0,1.0,deterministic,20.0,0.1,0.95,False,5353.8922185831425,535389.2218583142,717318.9957003199,74.63753575013203,181929.77384200564,0.53,0.74,0.1321326980059824,0.05043038006769036,0.4449030420000213,tw_gated_offline,context_noise_refinement
tw,20262075,100,8,2,0.0,0.45,0.2,gated_offline,1.0,1.0,deterministic,20.0,0.1,0.95,False,10864.827520242716,1086482.7520242715,1329773.0373306633,81.70437522219855,243290.28530639177,0.58,0.76,0.13835669422399433,0.052068906316637575,0.4457361250000247,tw_gated_offline,context_noise_refinement
tw,20262076,100,8,2,0.0,0.45,0.2,gated_offline,1.0,1.0,deterministic,20.0,0.1,0.95,False,4245.10119541286,424510.119541286,782652.1039167746,54.239951239743604,358141.9843754886,0.44,0.61,0.1426344951664253,0.053693999940288735,0.4456544579999786,tw_gated_offline,context_noise_refinement
tw,20262077,100,8,2,0.0,0.45,0.2,gated_offline,1.0,1.0,deterministic,20.0,0.1,0.95,False,8568.748108438565,856874.8108438565,1143432.458484258,74.93882165805715,286557.6476404015,0.55,0.78,0.1420756943055003,0.050781206899423566,0.44432583400001135,tw_gated_offline,context_noise_refinement
tw,20262078,100,8,2,0.0,0.45,0.2,gated_offline,1.0,1.0,deterministic,20.0,0.1,0.95,False,5630.771864846454,563077.1864846455,769678.277480623,73.15747409784748,206601.09099597752,0.49,0.7,0.13525373039831756,0.052186006174233884,0.4466147090000163,tw_gated_offline,context_noise_refinement
tw,20263025,100,8,2,0.0,0.45,0.2,gated_offline_low_rank,1.0,1.0,deterministic,20.0,0.1,0.95,False,7478.5184972388515,747851.8497238852,796574.2273416907,93.88351067038651,48722.3776178055,0.65,0.86,0.1364004870420919,0.0562382127950561,0.5462029999999984,tw_gated_offline_low_rank,context_noise_refinement
tw,20263026,100,8,2,0.0,0.45,0.2,gated_offline_low_rank,1.0,1.0,deterministic,20.0,0.1,0.95,False,2428.233460767506,242823.34607675063,981106.200171282,24.749955309054048,738282.8540945313,0.11,0.31,0.1340282351136707,0.0529143360253387,0.5012302909999988,tw_gated_offline_low_rank,context_noise_refinement
tw,20263027,100,8,2,0.0,0.45,0.2,gated_offline_low_rank,1.0,1.0,deterministic,20.0,0.1,0.95,False,12223.26942133964,1222326.9421339638,1728818.348208278,70.70302923385593,506491.40607431415,0.58,0.71,0.1427264436622214,0.0514042497326858,0.49981425,tw_gated_offline_low_rank,context_noise_refinement
tw,20263028,100,8,2,0.0,0.45,0.2,gated_offline_low_rank,1.0,1.0,deterministic,20.0,0.1,0.95,False,4556.166230829007,455616.62308290065,642727.152272448,70.88803102094055,187110.5291895473,0.34,0.55,0.13190246895480723,0.052373391289254494,0.48749462500001073,tw_gated_offline_low_rank,context_noise_refinement
tw,20263029,100,8,2,0.0,0.45,0.2,gated_offline_low_rank,1.0,1.0,deterministic,20.0,0.1,0.95,False,1931.8021210115821,193180.21210115822,848123.072160603,22.77737965659034,654942.8600594448,0.2,0.59,0.15261918376884984,0.05533828130493877,0.48600949999999443,tw_gated_offline_low_rank,context_noise_refinement
tw,20263030,100,8,2,0.0,0.45,0.2,gated_offline_low_rank,1.0,1.0,deterministic,20.0,0.1,0.95,False,3762.0719106277184,376207.19106277183,690812.4463708827,54.45865850262838,314605.25530811085,0.29,0.59,0.13934144985744557,0.04937627696458355,0.4881307500000105,tw_gated_offline_low_rank,context_noise_refinement
tw,20263031,100,8,2,0.0,0.45,0.2,gated_offline_low_rank,1.0,1.0,deterministic,20.0,0.1,0.95,False,11747.020361306426,1174702.0361306425,1335107.2204654687,87.98559532328026,160405.1843348262,0.55,0.78,0.13558763761221168,0.05097431373201632,0.48570020800002567,tw_gated_offline_low_rank,context_noise_refinement
tw,20263032,100,8,2,0.0,0.45,0.2,gated_offline_low_rank,1.0,1.0,deterministic,20.0,0.1,0.95,False,2914.847928287275,291484.7928287275,667431.7290566154,43.672600528106166,375946.93622788787,0.24,0.44,0.13360336346052726,0.05372517921523254,0.4884766250000041,tw_gated_offline_low_rank,context_noise_refinement
tw,20263033,100,8,2,0.0,0.45,0.2,gated_offline_low_rank,1.0,1.0,deterministic,20.0,0.1,0.95,False,8886.862277221897,888686.2277221896,1182609.1576626834,75.14623254555164,293922.9299404938,0.5,0.83,0.13853565018874803,0.05202477893457941,0.48769841600000063,tw_gated_offline_low_rank,context_noise_refinement
tw,20263034,100,8,2,0.0,0.45,0.2,gated_offline_low_rank,1.0,1.0,deterministic,20.0,0.1,0.95,False,2886.3397799828117,288633.9779982812,661644.7332762186,43.6237097466299,373010.75527793745,0.22,0.44,0.1313429139633796,0.05230273855460189,0.48754670899998587,tw_gated_offline_low_rank,context_noise_refinement
tw,20262349,100,8,2,0.0,0.45,0.2,support_offline,1.0,1.0,deterministic,20.0,0.1,0.95,True,5691.247548029288,569124.7548029288,825648.9321018965,68.93059903245789,256524.17729896773,0.5,0.68,0.0994678744654389,0.023143659081494,0.4593765830000009,tw_support_offline,context_noise_refinement
tw,20262350,100,8,2,0.0,0.45,0.2,support_offline,1.0,1.0,deterministic,20.0,0.1,0.95,True,6882.186628297923,688218.6628297922,1042262.578021846,66.03121682983107,354043.91519205365,0.31,0.57,0.1000003673422585,0.0265172656087984,0.4605754999999973,tw_support_offline,context_noise_refinement
tw,20262351,100,8,2,0.0,0.45,0.2,support_offline,1.0,1.0,deterministic,20.0,0.1,0.95,True,14073.44071171752,1407344.0711717522,1722230.9178228492,81.71633992907526,314886.84665109706,0.66,0.83,0.1126445507897177,0.0270338389087365,0.4599779169999891,tw_support_offline,context_noise_refinement
tw,20262352,100,8,2,0.0,0.45,0.2,support_offline,1.0,1.0,deterministic,20.0,0.1,0.95,True,4663.364029343178,466336.4029343178,641688.3035456,72.67335252296347,175351.9006112822,0.45,0.66,0.09652551870628161,0.023093320937011046,0.44604745799998113,tw_support_offline,context_noise_refinement
tw,20262353,100,8,2,0.0,0.45,0.2,support_offline,1.0,1.0,deterministic,20.0,0.1,0.95,True,1298.5920810426048,129859.20810426048,772397.8379167613,16.81247690367758,642538.6298125008,0.05,0.42,0.09881783876927604,0.024336556514965968,0.443354625000012,tw_support_offline,context_noise_refinement
tw,20262354,100,8,2,0.0,0.45,0.2,support_offline,1.0,1.0,deterministic,20.0,0.1,0.95,True,5106.742653693265,510674.2653693265,691462.0245739566,73.85427503180348,180787.7592046301,0.45,0.72,0.10744092779438934,0.023859907706603355,0.44346595800001865,tw_support_offline,context_noise_refinement
tw,20262355,100,8,2,0.0,0.45,0.2,support_offline,1.0,1.0,deterministic,20.0,0.1,0.95,True,6359.212691695469,635921.2691695469,1178025.914759616,53.981942264768506,542104.645590069,0.34,0.55,0.11969294635780203,0.02896540564121706,0.44417874999999185,tw_support_offline,context_noise_refinement
tw,20262356,100,8,2,0.0,0.45,0.2,support_offline,1.0,1.0,deterministic,20.0,0.1,0.95,True,3383.6053104127573,338360.5310412757,617843.1517123972,54.76479428532709,279482.6206711215,0.38,0.67,0.10613667545177281,0.02431149892245357,0.44615387499999315,tw_support_offline,context_noise_refinement
tw,20262357,100,8,2,0.0,0.45,0.2,support_offline,1.0,1.0,deterministic,20.0,0.1,0.95,True,9756.65724546584,975665.7245465841,1177484.4365546082,82.86018008029404,201818.7120080241,0.54,0.73,0.09590717555331911,0.024075381068131334,0.44468850000001225,tw_support_offline,context_noise_refinement
tw,20262358,100,8,2,0.0,0.45,0.2,support_offline,1.0,1.0,deterministic,20.0,0.1,0.95,True,2928.702870996569,292870.2870996569,632559.2575855975,46.29926502340785,339688.9704859406,0.18,0.58,0.10859967942835191,0.02878060424467348,0.4462360839999917,tw_support_offline,context_noise_refinement
exp4,20261395,100,8,2,0.0,0.45,0.3,dense,1.0,1.0,deterministic,20.0,0.1,0.95,False,7047.659987915232,704765.9987915232,827269.647208073,85.19181154174052,122503.64841654978,0.6,0.81,0.2265292965291956,0.087708068403502,0.4736138340000053,exp4_dense,context_noise_refinement
exp4,20261396,100,8,2,0.0,0.45,0.3,dense,1.0,1.0,deterministic,20.0,0.1,0.95,False,9218.32198575018,921832.198575018,1092546.2341936238,84.37466257484245,170714.0356186058,0.64,0.81,0.2302787046533915,0.0784710639304838,0.473869250000007,exp4_dense,context_noise_refinement
exp4,20261397,100,8,2,0.0,0.45,0.3,dense,1.0,1.0,deterministic,20.0,0.1,0.95,False,17306.977139351395,1730697.7139351396,1775999.813636714,97.44920583021856,45302.09970157431,0.84,0.89,0.2247486734711524,0.0957306491585634,0.4733689170000019,exp4_dense,context_noise_refinement
exp4,20261398,100,8,2,0.0,0.45,0.3,dense,1.0,1.0,deterministic,20.0,0.1,0.95,False,5625.607359852106,562560.7359852106,682137.1371593444,82.47032822870612,119576.40117413376,0.53,0.78,0.21680348229630153,0.08615505954354424,0.45909045900000933,exp4_dense,context_noise_refinement
exp4,20261399,100,8,2,0.0,0.45,0.3,dense,1.0,1.0,deterministic,20.0,0.1,0.95,False,9872.5045242906,987250.45242906,994583.9490084156,99.26265685398735,7333.49657935556,0.85,0.92,0.22011098216287903,0.09441549473638401,0.4660637919999999,exp4_dense,context_noise_refinement
exp4,20261400,100,8,2,0.0,0.45,0.3,dense,1.0,1.0,deterministic,20.0,0.1,0.95,False,5876.387454031594,587638.7454031594,698576.9784604158,84.11939750695025,110938.23305725644,0.56,0.76,0.2211229813364188,0.08138933208404764,0.4689419999999984,exp4_dense,context_noise_refinement
exp4,20261401,100,8,2,0.0,0.45,0.3,dense,1.0,1.0,deterministic,20.0,0.1,0.95,False,11198.729088853726,1119872.9088853726,1262836.374314012,88.67917741866606,142963.46542863944,0.52,0.76,0.22225516115055713,0.09392550283340934,0.46238612499999476,exp4_dense,context_noise_refinement
exp4,20261402,100,8,2,0.0,0.45,0.3,dense,1.0,1.0,deterministic,20.0,0.1,0.95,False,7794.960478746823,779496.0478746824,880549.4277186173,88.52382652660961,101053.3798439349,0.6,0.74,0.22857167926704564,0.09569594558961114,0.462060374999993,exp4_dense,context_noise_refinement
exp4,20261403,100,8,2,0.0,0.45,0.3,dense,1.0,1.0,deterministic,20.0,0.1,0.95,False,8630.002040166548,863000.2040166549,1143893.0730455965,75.44413235399102,280892.8690289416,0.38,0.74,0.22309678874402933,0.08721940123271923,0.4610304580000104,exp4_dense,context_noise_refinement
exp4,20261404,100,8,2,0.0,0.45,0.3,dense,1.0,1.0,deterministic,20.0,0.1,0.95,False,5911.466355151142,591146.6355151142,751397.103198455,78.67299900396125,160250.46768334077,0.47,0.71,0.231594514100861,0.09743909395982465,0.4622366669999849,exp4_dense,context_noise_refinement
global_ucb_tw,20262374,100,8,2,0.0,0.45,0.3,dense,1.0,1.0,deterministic,20.0,0.1,0.95,False,6551.646409284831,655164.6409284831,825165.1327170149,79.39800349673374,170000.49178853177,0.55,0.72,0.2165517191655597,0.0814599220398883,0.4669441669999941,global_ucb_tw_dense,context_noise_refinement
global_ucb_tw,20262375,100,8,2,0.0,0.45,0.3,dense,1.0,1.0,deterministic,20.0,0.1,0.95,False,4766.659015005473,476665.9015005473,1104625.8828110192,43.15179545562902,627959.9813104719,0.28,0.7,0.2307936274349907,0.0790754693640433,0.4679258329999953,global_ucb_tw_dense,context_noise_refinement
global_ucb_tw,20262376,100,8,2,0.0,0.45,0.3,dense,1.0,1.0,deterministic,20.0,0.1,0.95,False,14342.214383929242,1434221.438392924,1808911.285966032,79.28644425627493,374689.8475731078,0.61,0.76,0.2426794246969115,0.0773295749285161,0.4704179159999881,global_ucb_tw_dense,context_noise_refinement
global_ucb_tw,20262377,100,8,2,0.0,0.45,0.3,dense,1.0,1.0,deterministic,20.0,0.1,0.95,False,4457.196884322662,445719.68843226624,620493.7917502925,71.83306172572291,174774.1033180263,0.4,0.61,0.21647243373470187,0.07556367201964369,0.45206741600000555,global_ucb_tw_dense,context_noise_refinement
global_ucb_tw,20262378,100,8,2,0.0,0.45,0.3,dense,1.0,1.0,deterministic,20.0,0.1,0.95,False,6769.18190490384,676918.190490384,862348.759155207,78.49703305116614,185430.56866482296,0.62,0.74,0.23523284753659593,0.0856876924168377,0.4551162919999854,global_ucb_tw_dense,context_noise_refinement
global_ucb_tw,20262379,100,8,2,0.0,0.45,0.3,dense,1.0,1.0,deterministic,20.0,0.1,0.95,False,3937.1563684246767,393715.63684246765,663834.896094523,59.309270898348004,270119.2592520554,0.3,0.61,0.22888500283006047,0.08584803286724901,0.45517645799998263,global_ucb_tw_dense,context_noise_refinement
global_ucb_tw,20262380,100,8,2,0.0,0.45,0.3,dense,1.0,1.0,deterministic,20.0,0.1,0.95,False,7512.5128690144875,751251.2869014487,1289428.8958901092,58.262327554157245,538177.6089886605,0.49,0.65,0.23295733689140904,0.08235144372972004,0.45359729099999413,global_ucb_tw_dense,context_noise_refinement
global_ucb_tw,20262381,100,8,2,0.0,0.45,0.3,dense,1.0,1.0,deterministic,20.0,0.1,0.95,False,5016.513877884829,501651.3877884829,803853.514077206,62.40582133479382,302202.12628872314,0.43,0.57,0.2317441095478072,0.07902984158759732,0.4506762910000077,global_ucb_tw_dense,context_noise_refinement
global_ucb_tw,20262382,100,8,2,0.0,0.45,0.3,dense,1.0,1.0,deterministic,20.0,0.1,0.95,False,8621.012307771749,862101.2307771749,1142529.3392366369,75.4555004559598,280428.10845946195,0.49,0.62,0.229088914243555,0.08814823265434628,0.45253608299998405,global_ucb_tw_dense,context_noise_refinement
global_ucb_tw,20262383,100,8,2,0.0,0.45,0.3,dense,1.0,1.0,deterministic,20.0,0.1,0.95,False,5131.887561393001,513188.7561393001,761915.7773868844,67.3550504360686,248727.0212475843,0.46,0.68,0.2189715793064792,0.08352484540362037,0.45214950000001863,global_ucb_tw_dense,context_noise_refinement
local_ucb_tw,20262272,100,8,2,0.0,0.45,0.3,dense,1.0,1.0,deterministic,20.0,0.1,0.95,False,5155.4208326718335,515542.0832671834,854351.1608931387,60.34311262926543,338809.07762595534,0.31,0.56,0.235069170032602,0.0808311430856272,0.4667210839999995,local_ucb_tw_dense,context_noise_refinement
local_ucb_tw,20262273,100,8,2,0.0,0.45,0.3,dense,1.0,1.0,deterministic,20.0,0.1,0.95,False,7503.81496848859,750381.496848859,1168480.618825361,64.21856595304041,418099.1219765019,0.37,0.58,0.2238165712766973,0.0816191508679051,0.4684044579999948,local_ucb_tw_dense,context_noise_refinement
local_ucb_tw,20262274,100,8,2,0.0,0.45,0.3,dense,1.0,1.0,deterministic,20.0,0.1,0.95,False,15233.701714540945,1523370.1714540944,1669882.5521770995,91.22618650443464,146512.3807230054,0.7,0.83,0.2291741558103992,0.0860456179105174,0.4677735419999891,local_ucb_tw_dense,context_noise_refinement
local_ucb_tw,20262275,100,8,2,0.0,0.45,0.3,dense,1.0,1.0,deterministic,20.0,0.1,0.95,False,4932.905353043043,493290.53530430427,672281.1277614326,73.37563333762876,178990.59245712828,0.42,0.69,0.2268069651643979,0.0844814385499435,0.4521461249999845,local_ucb_tw_dense,context_noise_refinement
local_ucb_tw,20262276,100,8,2,0.0,0.45,0.3,dense,1.0,1.0,deterministic,20.0,0.1,0.95,False,7909.292693974094,790929.2693974094,878900.8339752457,89.99072919524457,87971.56457783631,0.67,0.81,0.22087890139801264,0.07575899248750542,0.46453975000000014,local_ucb_tw_dense,context_noise_refinement
local_ucb_tw,20262277,100,8,2,0.0,0.45,0.3,dense,1.0,1.0,deterministic,20.0,0.1,0.95,False,5080.760077409379,508076.0077409379,703565.769815792,72.21442962950893,195489.7620748541,0.46,0.68,0.25021951651893914,0.08418460658607127,0.45265533400001345,local_ucb_tw_dense,context_noise_refinement
local_ucb_tw,20262278,100,8,2,0.0,0.45,0.3,dense,1.0,1.0,deterministic,20.0,0.1,0.95,False,8915.528040921938,891552.8040921938,1160657.679771434,76.81444922397493,269104.8756792402,0.42,0.67,0.24144051482854814,0.09280040779083444,0.4533071249999807,local_ucb_tw_dense,context_noise_refinement
local_ucb_tw,20262279,100,8,2,0.0,0.45,0.3,dense,1.0,1.0,deterministic,20.0,0.1,0.95,False,3973.221611396212,397322.1611396212,770271.6073283969,51.58208576812143,372949.44618877565,0.45,0.72,0.24424987442664411,0.0850589625417873,0.4538396250000005,local_ucb_tw_dense,context_noise_refinement
local_ucb_tw,20262280,100,8,2,0.0,0.45,0.3,dense,1.0,1.0,deterministic,20.0,0.1,0.95,False,9602.092985008721,960209.2985008721,1184468.202344517,81.06670120820884,224258.9038436449,0.58,0.79,0.2288311925840286,0.08429244591813873,0.4536922499999889,local_ucb_tw_dense,context_noise_refinement
local_ucb_tw,20262281,100,8,2,0.0,0.45,0.3,dense,1.0,1.0,deterministic,20.0,0.1,0.95,False,5030.346554969725,503034.65549697244,763271.4928473207,65.90507574446984,260236.8373503483,0.43,0.62,0.22675055280500206,0.07805230830963385,0.4523345829999812,local_ucb_tw_dense,context_noise_refinement
oracle,20261640,100,8,2,0.0,0.45,0.3,dense,1.0,1.0,deterministic,20.0,0.1,0.95,False,8612.859832033828,861285.9832033828,927701.6627028036,92.84083642731407,66415.67949942069,0.86,0.94,0.2233941925420841,0.0859545884587607,0.0220543329999998,oracle,context_noise_refinement
oracle,20261641,100,8,2,0.0,0.45,0.3,dense,1.0,1.0,deterministic,20.0,0.1,0.95,False,10213.972111519684,1021397.2111519685,1141141.598174015,89.50661449782794,119744.3870220466,0.74,0.9,0.2191709516549156,0.0850577659148803,0.0223482499999931,oracle,context_noise_refinement
oracle,20261642,100,8,2,0.0,0.45,0.3,dense,1.0,1.0,deterministic,20.0,0.1,0.95,False,16431.910089689038,1643191.008968904,1730732.9406044802,94.94191567157662,87541.9316355763,0.88,0.95,0.2247515759985576,0.0884419521744937,0.0227947500000027,oracle,context_noise_refinement
oracle,20261643,100,8,2,0.0,0.45,0.3,dense,1.0,1.0,deterministic,20.0,0.1,0.95,False,6045.1929924641,604519.29924641,658347.7907544,91.82369983404853,53828.49150798994,0.77,0.87,0.23836895438930827,0.08551045233829621,0.021488666000010426,oracle,context_noise_refinement
oracle,20261644,100,8,2,0.0,0.45,0.3,dense,1.0,1.0,deterministic,20.0,0.1,0.95,False,8489.75137646383,848975.1376463829,918694.3639724777,92.41105322289933,69719.22632609482,0.83,0.95,0.2266489397646358,0.08735422025642137,0.02143095799999628,oracle,context_noise_refinement
oracle,20261645,100,8,2,0.0,0.45,0.3,dense,1.0,1.0,deterministic,20.0,0.1,0.95,False,5909.711649731988,590971.1649731988,695633.0819052987,84.95443651911478,104661.91693209996,0.75,0.9,0.21858607788421086,0.07835495673831003,0.021446749999995518,oracle,context_noise_refinement
oracle,20261646,100,8,2,0.0,0.45,0.3,dense,1.0,1.0,deterministic,20.0,0.1,0.95,False,12022.345197252856,1202234.5197252857,1312483.6569171052,91.59996114155174,110249.1371918195,0.74,0.88,0.23274275676542402,0.08427285388233173,0.021463666999977704,oracle,context_noise_refinement
oracle,20261647,100,8,2,0.0,0.45,0.3,dense,1.0,1.0,deterministic,20.0,0.1,0.95,False,6304.527329600005,630452.7329600005,803019.3079815389,78.51028321407364,172566.57502153842,0.69,0.81,0.22835147983138598,0.08553671477440884,0.021454542000014953,oracle,context_noise_refinement
oracle,20261648,100,8,2,0.0,0.45,0.3,dense,1.0,1.0,deterministic,20.0,0.1,0.95,False,11797.4546280334,1179745.46280334,1281430.5085754367,92.06472414293151,101685.04577209661,0.81,0.97,0.2320127385005152,0.08877613550219443,0.021472958000003928,oracle,context_noise_refinement
oracle,20261649,100,8,2,0.0,0.45,0.3,dense,1.0,1.0,deterministic,20.0,0.1,0.95,False,6573.144721865325,657314.4721865325,787874.3516061807,83.42884507491766,130559.8794196482,0.66,0.84,0.22522852321821854,0.09344014129028619,0.021367208000015125,oracle,context_noise_refinement
state_thompson,20262538,100,8,2,0.0,0.45,0.3,dense,1.0,1.0,deterministic,20.0,0.1,0.95,False,7246.922022283718,724692.2022283719,822193.9473431745,88.14127184591077,97501.74511480262,0.54,0.81,0.2262983872346946,0.0882753141125546,0.0242153340000044,state_thompson,context_noise_refinement
state_thompson,20262539,100,8,2,0.0,0.45,0.3,dense,1.0,1.0,deterministic,20.0,0.1,0.95,False,8624.877731385748,862487.7731385748,1200410.6231872025,71.84939523848841,337922.8500486275,0.47,0.7,0.2146678476789323,0.0839512786424555,0.0245751660000053,state_thompson,context_noise_refinement
state_thompson,20262540,100,8,2,0.0,0.45,0.3,dense,1.0,1.0,deterministic,20.0,0.1,0.95,False,11342.246734249631,1134224.6734249631,1524557.0696703016,74.39699674019083,390332.3962453385,0.51,0.7,0.2227872793351427,0.0858598153911832,0.0246089159999911,state_thompson,context_noise_refinement
state_thompson,20262541,100,8,2,0.0,0.45,0.3,dense,1.0,1.0,deterministic,20.0,0.1,0.95,False,5727.055926886623,572705.5926886622,687890.4921001348,83.25534358531222,115184.89941147261,0.52,0.84,0.21857083636764532,0.0812946803462356,0.024504290999999512,state_thompson,context_noise_refinement
state_thompson,20262542,100,8,2,0.0,0.45,0.3,dense,1.0,1.0,deterministic,20.0,0.1,0.95,False,3512.589160303461,351258.9160303461,824177.0945962665,42.619349449697424,472918.1785659204,0.42,0.54,0.20994022389716924,0.07703274300292981,0.024074334000005138,state_thompson,context_noise_refinement
state_thompson,20262543,100,8,2,0.0,0.45,0.3,dense,1.0,1.0,deterministic,20.0,0.1,0.95,False,4222.13715959188,422213.715959188,611957.1091538756,68.99400458685136,189743.3931946876,0.25,0.46,0.22862276127279474,0.08671586466877908,0.023959834000010005,state_thompson,context_noise_refinement
state_thompson,20262544,100,8,2,0.0,0.45,0.3,dense,1.0,1.0,deterministic,20.0,0.1,0.95,False,8341.79041671262,834179.041671262,1172519.8854649113,71.1441274482526,338340.84379364934,0.46,0.7,0.22034631240007815,0.08245685790309183,0.02406670799999233,state_thompson,context_noise_refinement
state_thompson,20262545,100,8,2,0.0,0.45,0.3,dense,1.0,1.0,deterministic,20.0,0.1,0.95,False,2323.3180673350653,232331.80673350653,683301.2526170844,34.00137287084751,450969.4458835779,0.17,0.38,0.22258624184437503,0.0872626815452708,0.023630292000007103,state_thompson,context_noise_refinement
state_thompson,20262546,100,8,2,0.0,0.45,0.3,dense,1.0,1.0,deterministic,20.0,0.1,0.95,False,7523.035351434426,752303.5351434426,1179950.356116602,63.75721921211916,427646.8209731594,0.38,0.61,0.214273962036005,0.08325237252004045,0.023649250000005395,state_thompson,context_noise_refinement
state_thompson,20262547,100,8,2,0.0,0.45,0.3,dense,1.0,1.0,deterministic,20.0,0.1,0.95,False,3608.910768421882,360891.0768421882,746600.1141643461,48.33793485902771,385709.03732215794,0.28,0.49,0.20789878804307896,0.08197498076104803,0.023619584000016403,state_thompson,context_noise_refinement
tm_tw,20261565,100,8,2,0.0,0.45,0.3,dense,1.0,1.0,deterministic,20.0,0.1,0.95,False,7154.37528189813,715437.528189813,829403.0211241638,86.25933472247507,113965.49293435074,0.69,0.85,0.2254359821864525,0.092086462703354,0.4675446669999985,tm_tw_dense,context_noise_refinement
tm_tw,20261566,100,8,2,0.0,0.45,0.3,dense,1.0,1.0,deterministic,20.0,0.1,0.95,False,5806.327541739812,580632.7541739811,1085976.6554207588,53.46641212549975,505343.9012467776,0.37,0.71,0.2217489423807862,0.0800159335264209,0.4654444169999863,tm_tw_dense,context_noise_refinement
tm_tw,20261567,100,8,2,0.0,0.45,0.3,dense,1.0,1.0,deterministic,20.0,0.1,0.95,False,14565.68781036704,1456568.7810367038,1739516.9763828032,83.73409405095494,282948.1953460993,0.71,0.78,0.2298342101588177,0.0813723359910918,0.4647613749999948,tm_tw_dense,context_noise_refinement
tm_tw,20261568,100,8,2,0.0,0.45,0.3,dense,1.0,1.0,deterministic,20.0,0.1,0.95,False,4964.718948784977,496471.89487849775,652479.9370577154,76.08998632468021,156008.04217921762,0.51,0.75,0.2291473965731026,0.08483411620540926,0.45484954200000516,tm_tw_dense,context_noise_refinement
tm_tw,20261569,100,8,2,0.0,0.45,0.3,dense,1.0,1.0,deterministic,20.0,0.1,0.95,False,7727.344184678278,772734.4184678278,823119.19899278,93.87879901396954,50384.780524952104,0.71,0.88,0.22312503867828917,0.08518190616120322,0.4539129169999967,tm_tw_dense,context_noise_refinement
tm_tw,20261570,100,8,2,0.0,0.45,0.3,dense,1.0,1.0,deterministic,20.0,0.1,0.95,False,5083.970856065821,508397.08560658206,648407.1691948738,78.40707348098233,140010.08358829172,0.47,0.71,0.23309241862926236,0.08814270416351427,0.4560752499999978,tm_tw_dense,context_noise_refinement
tm_tw,20261571,100,8,2,0.0,0.45,0.3,dense,1.0,1.0,deterministic,20.0,0.1,0.95,False,10237.806030324493,1023780.6030324493,1261545.6545211908,81.15287777048518,237765.05148874153,0.49,0.78,0.23072863845676364,0.08760425382759171,0.45355395800001475,tm_tw_dense,context_noise_refinement
tm_tw,20261572,100,8,2,0.0,0.45,0.3,dense,1.0,1.0,deterministic,20.0,0.1,0.95,False,7510.352112342608,751035.2112342608,888325.898526699,84.54500904227415,137290.68729243823,0.55,0.73,0.2271601085229268,0.08842734174867697,0.45926900000000614,tm_tw_dense,context_noise_refinement
tm_tw,20261573,100,8,2,0.0,0.45,0.3,dense,1.0,1.0,deterministic,20.0,0.1,0.95,False,8235.79276226686,823579.276226686,1152963.1005883461,71.43153807840174,329383.82436166017,0.53,0.72,0.232082655840427,0.08698231516504386,0.46221254200000317,tm_tw_dense,context_noise_refinement
tm_tw,20261574,100,8,2,0.0,0.45,0.3,dense,1.0,1.0,deterministic,20.0,0.1,0.95,False,3096.102075956955,309610.2075956955,683085.5043938133,45.32524927028735,373475.2967981178,0.34,0.49,0.21754641885467058,0.08360600708874345,0.45684362500000475,tm_tw_dense,context_noise_refinement
tm_tw,20262389,100,8,2,0.0,0.45,0.3,gated_offline,1.0,1.0,deterministic,20.0,0.1,0.95,False,6941.193029384773,694119.3029384773,855625.79525523,81.12416745587059,161506.4923167528,0.64,0.81,0.1514411971443375,0.059404979137973,0.4711060829999951,tm_tw_gated_offline,context_noise_refinement
tm_tw,20262390,100,8,2,0.0,0.45,0.3,gated_offline,1.0,1.0,deterministic,20.0,0.1,0.95,False,10178.069283470357,1017806.9283470355,1193514.0546699034,85.27816864532323,175707.1263228678,0.63,0.8,0.148557805189274,0.056894038278647,0.4705392909999943,tm_tw_gated_offline,context_noise_refinement
tm_tw,20262391,100,8,2,0.0,0.45,0.3,gated_offline,1.0,1.0,deterministic,20.0,0.1,0.95,False,16968.664550152578,1696866.4550152577,1770017.8933898108,95.86719215394716,73151.43837455311,0.8,0.86,0.1478479745600499,0.0612920557653575,0.4681008339999977,tm_tw_gated_offline,context_noise_refinement
tm_tw,20262392,100,8,2,0.0,0.45,0.3,gated_offline,1.0,1.0,deterministic,20.0,0.1,0.95,False,5710.1544063407455,571015.4406340745,719460.8939335862,79.36712689304073,148445.4532995117,0.55,0.78,0.1570802958940047,0.06316443252417162,0.45787845799998195,tm_tw_gated_offline,context_noise_refinement
tm_tw,20262393,100,8,2,0.0,0.45,0.3,gated_offline,1.0,1.0,deterministic,20.0,0.1,0.95,False,3820.27830551266,382027.83055126603,798559.3732068649,47.83962763058103,416531.5426555989,0.42,0.65,0.1628230004404243,0.06418599459693287,0.4567837499999996,tm_tw_gated_offline,context_noise_refinement
tm_tw,20262394,100,8,2,0.0,0.45,0.3,gated_offline,1.0,1.0,deterministic,20.0,0.1,0.95,False,4630.337248544856,463033.7248544856,670812.0220773154,69.02585368410675,207778.29722282977,0.38,0.73,0.14327945233298395,0.059096746525547014,0.4555895000000021,tm_tw_gated_offline,context_noise_refinement
tm_tw,20262395,100,8,2,0.0,0.45,0.3,gated_offline,1.0,1.0,deterministic,20.0,0.1,0.95,False,4377.968936662451,437796.8936662451,1175440.8982534832,37.245334437209145,737644.0045872382,0.18,0.43,0.15945995425628803,0.05918495502871761,0.45635683300000096,tm_tw_gated_offline,context_noise_refinement
tm_tw,20262396,100,8,2,0.0,0.45,0.3,gated_offline,1.0,1.0,deterministic,20.0,0.1,0.95,False,6954.692246360943,695469.2246360943,778494.5594287382,89.33514257908647,83025.3347926439,0.53,0.73,0.15007682735018146,0.06107911180181717,0.456258833000021,tm_tw_gated_offline,context_noise_refinement
tm_tw,20262397,100,8,2,0.0,0.45,0.3,gated_offline,1.0,1.0,deterministic,20.0,0.1,0.95,False,10915.702162179172,1091570.2162179172,1197799.6375328866,91.13128623633827,106229.42131496943,0.74,0.9,0.15199328053689606,0.059230524065533245,0.4551744589999771,tm_tw_gated_offline,context_noise_refinement
tm_tw,20262398,100,8,2,0.0,0.45,0.3,gated_offline,1.0,1.0,deterministic,20.0,0.1,0.95,False,2722.9973096112803,272299.730961128,703273.4634855741,38.71889742740358,430973.7325244461,0.17,0.57,0.1477359320917593,0.05724604977440973,0.45508037500002274,tm_tw_gated_offline,context_noise_refinement
tm_tw,20263345,100,8,2,0.0,0.45,0.3,gated_offline_low_rank,1.0,1.0,deterministic,20.0,0.1,0.95,False,4257.13213390963,425713.21339096304,793158.9358461966,53.67312831655648,367445.7224552336,0.19,0.46,0.1561816359845631,0.0622361891760782,0.5132476250000053,tm_tw_gated_offline_low_rank,context_noise_refinement
tm_tw,20263346,100,8,2,0.0,0.45,0.3,gated_offline_low_rank,1.0,1.0,deterministic,20.0,0.1,0.95,False,3628.249134593001,362824.9134593001,944857.0212716748,38.39998066278613,582032.1078123746,0.15,0.46,0.1509576761941532,0.0604426695526375,0.5140221659999895,tm_tw_gated_offline_low_rank,context_noise_refinement
tm_tw,20263347,100,8,2,0.0,0.45,0.3,gated_offline_low_rank,1.0,1.0,deterministic,20.0,0.1,0.95,False,10278.165328910907,1027816.5328910908,1556379.3237158705,66.03894803981133,528562.7908247797,0.54,0.69,0.1536448011164996,0.0583869083456018,0.5181425000000104,tm_tw_gated_offline_low_rank,context_noise_refinement
tm_tw,20263348,100,8,2,0.0,0.45,0.3,gated_offline_low_rank,1.0,1.0,deterministic,20.0,0.1,0.95,False,5079.0131920981,507901.31920981,666720.2120561282,76.17907932376468,158818.8928463182,0.44,0.7,0.14823740794720153,0.06260306368977078,0.4931477910000126,tm_tw_gated_offline_low_rank,context_noise_refinement
tm_tw,20263349,100,8,2,0.0,0.45,0.3,gated_offline_low_rank,1.0,1.0,deterministic,20.0,0.1,0.95,False,7448.828376417571,744882.8376417571,837247.0806528031,88.96810211162165,92364.24301104597,0.6,0.75,0.15771833071387406,0.06335524646728376,0.4942009579999933,tm_tw_gated_offline_low_rank,context_noise_refinement
tm_tw,20263350,100,8,2,0.0,0.45,0.3,gated_offline_low_rank,1.0,1.0,deterministic,20.0,0.1,0.95,False,3667.97539645338,366797.539645338,693948.8910597436,52.8565639877591,327151.35141440557,0.3,0.53,0.15855710449692206,0.06143624692588352,0.49595162500000356,tm_tw_gated_offline_low_rank,context_noise_refinement
tm_tw,20263351,100,8,2,0.0,0.45,0.3,gated_offline_low_rank,1.0,1.0,deterministic,20.0,0.1,0.95,False,6269.33421140892,626933.421140892,1139780.3741071485,55.00475665164903,512846.95296625653,0.32,0.67,0.1570157793828341,0.060546618313326965,0.4952629590000015,tm_tw_gated_offline_low_rank,context_noise_refinement
tm_tw,20263352,100,8,2,0.0,0.45,0.3,gated_offline_low_rank,1.0,1.0,deterministic,20.0,0.1,0.95,False,3493.2285736827776,349322.85736827774,691441.4762351479,50.52095793707908,342118.6188668702,0.32,0.65,0.1510925005560718,0.05825890577301241,0.4959774579999987,tm_tw_gated_offline_low_rank,context_noise_refinement
tm_tw,20263353,100,8,2,0.0,0.45,0.3,gated_offline_low_rank,1.0,1.0,deterministic,20.0,0.1,0.95,False,8238.066388557261,823806.6388557261,1132074.679181637,72.76963737509313,308268.0403259109,0.49,0.73,0.14746962392473642,0.06000743912648307,0.4953373749999912,tm_tw_gated_offline_low_rank,context_noise_refinement
tm_tw,20263354,100,8,2,0.0,0.45,0.3,gated_offline_low_rank,1.0,1.0,deterministic,20.0,0.1,0.95,False,2241.2757730335748,224127.57730335748,649708.3005455489,34.4966467436481,425580.7232421914,0.09,0.32,0.15784658825616593,0.06250389896535445,0.4947497500000111,tm_tw_gated_offline_low_rank,context_noise_refinement
tm_tw_refined,20262393,100,8,2,0.0,0.45,0.3,dense,1.0,1.0,deterministic,20.0,0.1,0.95,False,6519.763207065778,651976.3207065779,808537.9264274683,80.63645493877334,156561.60572089045,0.47,0.67,0.2182847730876588,0.0889078659732417,0.46893545799999,tm_tw_refined_dense,context_noise_refinement
tm_tw_refined,20262394,100,8,2,0.0,0.45,0.3,dense,1.0,1.0,deterministic,20.0,0.1,0.95,False,7978.607123890783,797860.7123890783,1122663.9351580865,71.0685261548665,324803.22276900813,0.51,0.73,0.2130324226157455,0.084893450440225,0.4687921670000037,tm_tw_refined_dense,context_noise_refinement
tm_tw_refined,20262395,100,8,2,0.0,0.45,0.3,dense,1.0,1.0,deterministic,20.0,0.1,0.95,False,14656.99730361258,1465699.730361258,1647358.5816965343,88.97271951877079,181658.8513352764,0.72,0.83,0.2351054503953068,0.0893201438434352,0.4636644160000003,tm_tw_refined_dense,context_noise_refinement
tm_tw_refined,20262396,100,8,2,0.0,0.45,0.3,dense,1.0,1.0,deterministic,20.0,0.1,0.95,False,4967.807252858227,496780.7252858227,637390.7191301206,77.93974878765171,140609.9938442979,0.32,0.68,0.22390496120724834,0.0806743265161499,0.453688249999999,tm_tw_refined_dense,context_noise_refinement
tm_tw_refined,20262397,100,8,2,0.0,0.45,0.3,dense,1.0,1.0,deterministic,20.0,0.1,0.95,False,8023.561357329971,802356.1357329971,803740.1030095707,99.8278091050339,1383.9672765736468,0.77,0.85,0.22570438081905006,0.08996963585062899,0.4540991659999918,tm_tw_refined_dense,context_noise_refinement
tm_tw_refined,20262398,100,8,2,0.0,0.45,0.3,dense,1.0,1.0,deterministic,20.0,0.1,0.95,False,4669.187613952767,466918.76139527664,610407.23189143,76.49299303818293,143488.47049615334,0.33,0.62,0.22098152175768054,0.07880369276567785,0.453708000000006,tm_tw_refined_dense,context_noise_refinement
tm_tw_refined,20262399,100,8,2,0.0,0.45,0.3,dense,1.0,1.0,deterministic,20.0,0.1,0.95,False,9047.149089050054,904714.9089050054,1200044.7991270625,75.39009456672899,295329.8902220571,0.58,0.77,0.22245807678039484,0.08509645263912238,0.45597283300000413,tm_tw_refined_dense,context_noise_refinement
tm_tw_refined,20262400,100,8,2,0.0,0.45,0.3,dense,1.0,1.0,deterministic,20.0,0.1,0.95,False,4528.470701307326,452847.07013073255,718221.5692382745,63.05116547961786,265374.4991075419,0.35,0.54,0.2391089730105298,0.09086963585673244,0.45419491699999526,tm_tw_refined_dense,context_noise_refinement
tm_tw_refined,20262401,100,8,2,0.0,0.45,0.3,dense,1.0,1.0,deterministic,20.0,0.1,0.95,False,9622.874595253863,962287.4595253862,1211012.0302637108,79.46142858018,248724.57073832455,0.55,0.74,0.2311730407635077,0.08730462328225266,0.4544113750000065,tm_tw_refined_dense,context_noise_refinement
tm_tw_refined,20262402,100,8,2,0.0,0.45,0.3,dense,1.0,1.0,deterministic,20.0,0.1,0.95,False,5940.786330066404,594078.6330066404,736110.6539598778,80.70507196313736,142032.02095323743,0.53,0.69,0.22874601199789246,0.08630828561653005,0.4551952920000133,tm_tw_refined_dense,context_noise_refinement
tm_tw_refined,20263217,100,8,2,0.0,0.45,0.3,gated_offline,1.0,1.0,deterministic,20.0,0.1,0.95,False,7734.046493812654,773404.6493812654,836897.4534420656,92.41331135616898,63492.80406080024,0.69,0.9,0.1573223939986415,0.0604181395298636,0.4697352079999888,tm_tw_refined_gated_offline,context_noise_refinement
tm_tw_refined,20263218,100,8,2,0.0,0.45,0.3,gated_offline,1.0,1.0,deterministic,20.0,0.1,0.95,False,8992.729276352487,899272.9276352488,1109048.7813653585,81.08506521490848,209775.85373010972,0.58,0.79,0.1548571817287419,0.0614444782884627,0.4690953329999985,tm_tw_refined_gated_offline,context_noise_refinement
tm_tw_refined,20263219,100,8,2,0.0,0.45,0.3,gated_offline,1.0,1.0,deterministic,20.0,0.1,0.95,False,12106.160981727517,1210616.0981727515,1561936.7479942243,77.50737023937592,351320.6498214728,0.61,0.78,0.147171549521522,0.0580000002819443,0.4704572079999991,tm_tw_refined_gated_offline,context_noise_refinement
tm_tw_refined,20263220,100,8,2,0.0,0.45,0.3,gated_offline,1.0,1.0,deterministic,20.0,0.1,0.95,False,5525.249939646781,552524.9939646781,673620.8215717536,82.023146593877,121095.82760707545,0.61,0.75,0.1548064453458565,0.06074642270074745,0.4541925000000049,tm_tw_refined_gated_offline,context_noise_refinement
tm_tw_refined,20263221,100,8,2,0.0,0.45,0.3,gated_offline,1.0,1.0,deterministic,20.0,0.1,0.95,False,7524.757969931112,752475.7969931111,774334.1965889331,97.17713621688002,21858.399595821975,0.74,0.87,0.14760468047617195,0.0587969933288661,0.457077374999983,tm_tw_refined_gated_offline,context_noise_refinement
tm_tw_refined,20263222,100,8,2,0.0,0.45,0.3,gated_offline,1.0,1.0,deterministic,20.0,0.1,0.95,False,5431.023395434844,543102.3395434844,668105.2311521311,81.28993970110332,125002.89160864672,0.47,0.69,0.14072855409790894,0.05875827728017646,0.45461645800000383,tm_tw_refined_gated_offline,context_noise_refinement
tm_tw_refined,20263223,100,8,2,0.0,0.45,0.3,gated_offline,1.0,1.0,deterministic,20.0,0.1,0.95,False,10682.724492032456,1068272.4492032456,1260197.347671659,84.77025056250008,191924.8984684134,0.56,0.79,0.15142717392568963,0.06031614736304627,0.4562309579999919,tm_tw_refined_gated_offline,context_noise_refinement
tm_tw_refined,20263224,100,8,2,0.0,0.45,0.3,gated_offline,1.0,1.0,deterministic,20.0,0.1,0.95,False,5067.9314927836795,506793.149278368,813825.0981436047,62.272981066128416,307031.9488652367,0.33,0.53,0.15523325717033215,0.05923872736617728,0.45745445899999027,tm_tw_refined_gated_offline,context_noise_refinement
tm_tw_refined,20263225,100,8,2,0.0,0.45,0.3,gated_offline,1.0,1.0,deterministic,20.0,0.1,0.95,False,10917.174992835859,1091717.499283586,1235633.0580434618,88.35288860045911,143915.55875987583,0.69,0.85,0.15763072989127125,0.06073671657754602,0.4548478330000023,tm_tw_refined_gated_offline,context_noise_refinement
tm_tw_refined,20263226,100,8,2,0.0,0.45,0.3,gated_offline,1.0,1.0,deterministic,20.0,0.1,0.95,False,5482.341377941705,548234.1377941705,679204.2829803895,80.7171202437779,130970.14518621902,0.4,0.65,0.1653222002585967,0.06560859749239131,0.45472308300000464,tm_tw_refined_gated_offline,context_noise_refinement
tm_tw_refined,20263217,100,8,2,0.0,0.45,0.3,gated_offline,1.0,0.5,beta,20.0,0.1,0.95,False,6996.625818557758,699662.5818557758,838780.9523254203,83.41421916127739,139118.37046964455,0.5,0.78,0.1641136421439083,0.0627427365785155,0.4982292079999979,tm_tw_refined_gated_offline_best_beta,context_noise_refinement
tm_tw_refined,20263218,100,8,2,0.0,0.45,0.3,gated_offline,1.0,0.5,beta,20.0,0.1,0.95,False,9823.784628158504,982378.4628158504,1123549.865335456,87.43523479685913,141171.40251960536,0.65,0.83,0.1558423725332152,0.0608038647258886,0.4977691670000013,tm_tw_refined_gated_offline_best_beta,context_noise_refinement
tm_tw_refined,20263219,100,8,2,0.0,0.45,0.3,gated_offline,1.0,0.5,beta,20.0,0.1,0.95,False,15386.957777270103,1538695.7777270104,1688731.364649515,91.11548526525748,150035.58692250447,0.75,0.82,0.1545207571220143,0.0595427141701798,0.5020482909999942,tm_tw_refined_gated_offline_best_beta,context_noise_refinement
tm_tw_refined,20263220,100,8,2,0.0,0.45,0.3,gated_offline,1.0,0.5,beta,20.0,0.1,0.95,False,5379.960971099172,537996.0971099172,647996.3693279981,83.02455423752508,110000.27221808094,0.43,0.7,0.15654659519478215,0.06047333418255439,0.4584621669999933,tm_tw_refined_gated_offline_best_beta,context_noise_refinement
tm_tw_refined,20263221,100,8,2,0.0,0.45,0.3,gated_offline,1.0,0.5,beta,20.0,0.1,0.95,False,9084.13181624654,908413.181624654,897440.9348913432,101.2226149161158,-10972.246733310749,0.74,0.89,0.15807696611091493,0.06323204353859999,0.4596454169999902,tm_tw_refined_gated_offline_best_beta,context_noise_refinement
tm_tw_refined,20263222,100,8,2,0.0,0.45,0.3,gated_offline,1.0,0.5,beta,20.0,0.1,0.95,False,6508.222482105671,650822.248210567,735872.7984671589,88.44222120538302,85050.55025659187,0.64,0.84,0.15191139477670473,0.05614354787454165,0.4579796250000072,tm_tw_refined_gated_offline_best_beta,context_noise_refinement
tm_tw_refined,20263223,100,8,2,0.0,0.45,0.3,gated_offline,1.0,0.5,beta,20.0,0.1,0.95,False,11088.42654064811,1108842.654064811,1273638.2372068728,87.06103677418923,164795.58314206172,0.69,0.89,0.15715346039826203,0.0628548595321312,0.45797441700000263,tm_tw_refined_gated_offline_best_beta,context_noise_refinement
tm_tw_refined,20263224,100,8,2,0.0,0.45,0.3,gated_offline,1.0,0.5,beta,20.0,0.1,0.95,False,6365.210943948298,636521.0943948298,785882.0031672418,80.99448668242033,149360.908772412,0.45,0.69,0.16104073737450736,0.06219906034714404,0.4590278329999933,tm_tw_refined_gated_offline_best_beta,context_noise_refinement
tm_tw_refined,20263225,100,8,2,0.0,0.45,0.3,gated_offline,1.0,0.5,beta,20.0,0.1,0.95,False,10910.240888325425,1091024.0888325425,1233235.499170829,88.4684303659842,142211.41033828654,0.68,0.85,0.16209750863763153,0.063543267153331,0.45845066700002235,tm_tw_refined_gated_offline_best_beta,context_noise_refinement
tm_tw_refined,20263226,100,8,2,0.0,0.45,0.3,gated_offline,1.0,0.5,beta,20.0,0.1,0.95,False,6166.893401832852,616689.3401832852,760226.9933583796,81.11910594742206,143537.6531750944,0.44,0.72,0.15531329983852526,0.05864652316827155,0.45722929199999385,tm_tw_refined_gated_offline_best_beta,context_noise_refinement
tm_tw_refined,20264173,100,8,2,0.0,0.45,0.3,gated_offline_low_rank,1.0,1.0,deterministic,20.0,0.1,0.95,False,6690.551998370524,669055.1998370524,774724.1227881061,86.360444983852,105668.92295105373,0.55,0.8,0.1468025027715691,0.0604398480200276,0.5188133329999971,tm_tw_refined_gated_offline_low_rank,context_noise_refinement
tm_tw_refined,20264174,100,8,2,0.0,0.45,0.3,gated_offline_low_rank,1.0,1.0,deterministic,20.0,0.1,0.95,False,7006.336748340757,700633.6748340757,1006173.217922214,69.63350468430386,305539.5430881382,0.45,0.76,0.1491872017841672,0.059142036628056,0.5098169580000018,tm_tw_refined_gated_offline_low_rank,context_noise_refinement
tm_tw_refined,20264175,100,8,2,0.0,0.45,0.3,gated_offline_low_rank,1.0,1.0,deterministic,20.0,0.1,0.95,False,11871.914659278693,1187191.465927869,1553877.2795259657,76.40188073861536,366685.8135980964,0.65,0.73,0.1573184784475337,0.0571906466424664,0.5177423749999974,tm_tw_refined_gated_offline_low_rank,context_noise_refinement
tm_tw_refined,20264176,100,8,2,0.0,0.45,0.3,gated_offline_low_rank,1.0,1.0,deterministic,20.0,0.1,0.95,False,5786.2263599619155,578622.6359961915,673454.4827156974,85.91859596255154,94831.84671950585,0.49,0.72,0.14609625745988158,0.05904648284957405,0.4938102500000241,tm_tw_refined_gated_offline_low_rank,context_noise_refinement
tm_tw_refined,20264177,100,8,2,0.0,0.45,0.3,gated_offline_low_rank,1.0,1.0,deterministic,20.0,0.1,0.95,False,8541.857555437356,854185.7555437357,872160.5932222247,97.93904496279974,17974.837678489042,0.79,0.91,0.14426648203322656,0.05675455395431994,0.4949417079999989,tm_tw_refined_gated_offline_low_rank,context_noise_refinement
tm_tw_refined,20264178,100,8,2,0.0,0.45,0.3,gated_offline_low_rank,1.0,1.0,deterministic,20.0,0.1,0.95,False,5996.597138685421,599659.7138685421,702033.8754588214,85.41748978660443,102374.16159027931,0.52,0.8,0.15807179291315562,0.06258288174028727,0.5033028750000028,tm_tw_refined_gated_offline_low_rank,context_noise_refinement
tm_tw_refined,20264179,100,8,2,0.0,0.45,0.3,gated_offline_low_rank,1.0,1.0,deterministic,20.0,0.1,0.95,False,9758.55101580118,975855.1015801181,1238407.7087955698,78.79917854590869,262552.6072154518,0.53,0.76,0.1535669027035637,0.06074737689661058,0.4985233330000085,tm_tw_refined_gated_offline_low_rank,context_noise_refinement
tm_tw_refined,20264180,100,8,2,0.0,0.45,0.3,gated_offline_low_rank,1.0,1.0,deterministic,20.0,0.1,0.95,False,6152.2876334422,615228.76334422,764658.8066908272,80.45794515945123,149430.04334660724,0.45,0.64,0.15188861674627757,0.06041418701893495,0.5008892920000108,tm_tw_refined_gated_offline_low_rank,context_noise_refinement
tm_tw_refined,20264181,100,8,2,0.0,0.45,0.3,gated_offline_low_rank,1.0,1.0,deterministic,20.0,0.1,0.95,False,9764.45714067704,976445.7140677039,1199453.597659931,81.40754389938023,223007.88359222712,0.56,0.78,0.16149707555015738,0.062171239683178246,0.4941044169999884,tm_tw_refined_gated_offline_low_rank,context_noise_refinement
tm_tw_refined,20264182,100,8,2,0.0,0.45,0.3,gated_offline_low_rank,1.0,1.0,deterministic,20.0,0.1,0.95,False,5360.034225223569,536003.4225223569,704540.8074129289,76.07840694005495,168537.38489057205,0.5,0.72,0.16446160287971048,0.0608359654630134,0.499626749999976,tm_tw_refined_gated_offline_low_rank,context_noise_refinement
tm_tw_refined,20264173,100,8,2,0.0,0.45,0.3,gated_offline_low_rank,2.0,1.0,beta,20.0,0.1,0.95,False,7558.800848761163,755880.0848761164,856836.9159761365,88.21749749367336,100956.83110002008,0.68,0.77,0.1559690133072596,0.0622345528120986,0.5509663750000016,tm_tw_refined_gated_offline_low_rank_best_beta,context_noise_refinement
tm_tw_refined,20264174,100,8,2,0.0,0.45,0.3,gated_offline_low_rank,2.0,1.0,beta,20.0,0.1,0.95,False,8191.126746351332,819112.6746351332,1070028.3812890851,76.55055594397706,250915.7066539519,0.41,0.74,0.1530381119606128,0.059192809698822,0.5405177079999959,tm_tw_refined_gated_offline_low_rank_best_beta,context_noise_refinement
tm_tw_refined,20264175,100,8,2,0.0,0.45,0.3,gated_offline_low_rank,2.0,1.0,beta,20.0,0.1,0.95,False,13899.804569111524,1389980.4569111525,1673652.859722474,83.05070247014305,283672.40281132166,0.68,0.84,0.1503713432845219,0.0616973831715021,0.5448947499999974,tm_tw_refined_gated_offline_low_rank_best_beta,context_noise_refinement
tm_tw_refined,20264176,100,8,2,0.0,0.45,0.3,gated_offline_low_rank,2.0,1.0,beta,20.0,0.1,0.95,False,4863.519871035856,486351.9871035857,626574.7161130834,77.6207489061543,140222.72900949774,0.4,0.61,0.1573514651975504,0.06185439178084805,0.5013382500000034,tm_tw_refined_gated_offline_low_rank_best_beta,context_noise_refinement
tm_tw_refined,20264177,100,8,2,0.0,0.45,0.3,gated_offline_low_rank,2.0,1.0,beta,20.0,0.1,0.95,False,8343.515971129846,834351.5971129845,852756.3827730262,97.84172994399734,18404.78566004173,0.74,0.87,0.14541627770084517,0.057064667806604734,0.5021509999999978,tm_tw_refined_gated_offline_low_rank_best_beta,context_noise_refinement
tm_tw_refined,20264178,100,8,2,0.0,0.45,0.3,gated_offline_low_rank,2.0,1.0,beta,20.0,0.1,0.95,False,6269.547654217334,626954.7654217334,714045.3109310579,87.8032186226718,87090.54550932453,0.59,0.86,0.15110152159016443,0.061105843954093256,0.5021531669999888,tm_tw_refined_gated_offline_low_rank_best_beta,context_noise_refinement
tm_tw_refined,20264179,100,8,2,0.0,0.45,0.3,gated_offline_low_rank,2.0,1.0,beta,20.0,0.1,0.95,False,9421.217746692686,942121.7746692685,1200863.3294810813,78.45370505870801,258741.55481181282,0.59,0.79,0.1574087143182616,0.06315145896904101,0.5016442089999771,tm_tw_refined_gated_offline_low_rank_best_beta,context_noise_refinement
tm_tw_refined,20264180,100,8,2,0.0,0.45,0.3,gated_offline_low_rank,2.0,1.0,beta,20.0,0.1,0.95,False,6345.321969236094,634532.1969236095,900277.9386811028,70.48181118968571,265745.74175749335,0.38,0.61,0.14683388901208264,0.058048505684145345,0.5043488750000051,tm_tw_refined_gated_offline_low_rank_best_beta,context_noise_refinement
tm_tw_refined,20264181,100,8,2,0.0,0.45,0.3,gated_offline_low_rank,2.0,1.0,beta,20.0,0.1,0.95,False,9646.406665430837,964640.6665430837,1186194.393636723,81.32230869727994,221553.72709363932,0.53,0.76,0.15553731591190792,0.060465984571178896,0.5010328340000001,tm_tw_refined_gated_offline_low_rank_best_beta,context_noise_refinement
tm_tw_refined,20264182,100,8,2,0.0,0.45,0.3,gated_offline_low_rank,2.0,1.0,beta,20.0,0.1,0.95,False,5549.311847007059,554931.1847007059,750809.4007349699,73.91105973866095,195878.21603426395,0.53,0.68,0.15606696806003517,0.05919114009724868,0.5005999159999988,tm_tw_refined_gated_offline_low_rank_best_beta,context_noise_refinement
tm_tw_refined,20265065,100,8,2,0.0,0.45,0.3,support_gated_offline_low_rank,0.5,0.25,beta,20.0,0.1,0.95,True,6760.861748526579,676086.1748526578,858408.1229878693,78.76045866148122,182321.94813521148,0.62,0.85,0.1172247539283191,0.0342056722245657,0.5418596250000007,tm_tw_refined_support_gated_offline_low_rank_best_beta,context_noise_refinement
tm_tw_refined,20265066,100,8,2,0.0,0.45,0.3,support_gated_offline_low_rank,0.5,0.25,beta,20.0,0.1,0.95,True,10031.350681151796,1003135.0681151795,1140371.5529584554,87.96563414027258,137236.48484327574,0.59,0.83,0.1226290492281621,0.0322886720393984,0.5410878750000023,tm_tw_refined_support_gated_offline_low_rank_best_beta,context_noise_refinement
tm_tw_refined,20265067,100,8,2,0.0,0.45,0.3,support_gated_offline_low_rank,0.5,0.25,beta,20.0,0.1,0.95,True,14865.672005952954,1486567.2005952955,1616032.6344606678,91.98868691729236,129465.43386537232,0.73,0.84,0.1091601679596177,0.0344200032890519,0.5494181669999989,tm_tw_refined_support_gated_offline_low_rank_best_beta,context_noise_refinement
tm_tw_refined,20265068,100,8,2,0.0,0.45,0.3,support_gated_offline_low_rank,0.5,0.25,beta,20.0,0.1,0.95,True,5608.91125161138,560891.125161138,668569.0867273496,83.89426557346587,107677.96156621154,0.48,0.77,0.10632549306121138,0.03200383356565408,0.5030354999999815,tm_tw_refined_support_gated_offline_low_rank_best_beta,context_noise_refinement
tm_tw_refined,20265069,100,8,2,0.0,0.45,0.3,support_gated_offline_low_rank,0.5,0.25,beta,20.0,0.1,0.95,True,8638.17508482767,863817.5084827669,849702.1396921253,101.66121375141601,-14115.36879064166,0.76,0.92,0.10932686913811974,0.03306122941749172,0.5024883750000129,tm_tw_refined_support_gated_offline_low_rank_best_beta,context_noise_refinement
tm_tw_refined,20265070,100,8,2,0.0,0.45,0.3,support_gated_offline_low_rank,0.5,0.25,beta,20.0,0.1,0.95,True,5568.5266262897185,556852.6626289719,667418.3509422534,83.43382555226626,110565.68831328151,0.56,0.76,0.11700028562748493,0.03504906016924923,0.5040482910000037,tm_tw_refined_support_gated_offline_low_rank_best_beta,context_noise_refinement
tm_tw_refined,20265071,100,8,2,0.0,0.45,0.3,support_gated_offline_low_rank,0.5,0.25,beta,20.0,0.1,0.95,True,10272.247046366425,1027224.7046366425,1284071.0943239478,79.99749462294899,256846.38968730532,0.5,0.77,0.12249986452912338,0.03375148744276401,0.5019687090000104,tm_tw_refined_support_gated_offline_low_rank_best_beta,context_noise_refinement
tm_tw_refined,20265072,100,8,2,0.0,0.45,0.3,support_gated_offline_low_rank,0.5,0.25,beta,20.0,0.1,0.95,True,6888.810083854431,688881.008385443,887406.4166269277,77.62858093858631,198525.40824148466,0.43,0.61,0.10685695364703235,0.030171887989054142,0.5006956249999917,tm_tw_refined_support_gated_offline_low_rank_best_beta,context_noise_refinement
tm_tw_refined,20265073,100,8,2,0.0,0.45,0.3,support_gated_offline_low_rank,0.5,0.25,beta,20.0,0.1,0.95,True,9870.806022525281,987080.6022525281,1242307.1690106795,79.45543798468111,255226.5667581514,0.66,0.72,0.1104757634660726,0.03581856931676539,0.5010542500000099,tm_tw_refined_support_gated_offline_low_rank_best_beta,context_noise_refinement
tm_tw_refined,20265074,100,8,2,0.0,0.45,0.3,support_gated_offline_low_rank,0.5,0.25,beta,20.0,0.1,0.95,True,5998.248857814119,599824.8857814119,781154.908513615,76.78693166285818,181330.02273220313,0.6,0.76,0.10934576188727228,0.03341269981564232,0.5017670830000043,tm_tw_refined_support_gated_offline_low_rank_best_beta,context_noise_refinement
tm_tw_refined,20263497,100,8,2,0.0,0.45,0.3,support_offline,1.0,1.0,deterministic,20.0,0.1,0.95,True,7472.860989029856,747286.0989029856,878800.8342724441,85.03475073753894,131514.73536945856,0.57,0.83,0.1154381557245788,0.0372573451278438,0.4679391670000115,tm_tw_refined_support_offline,context_noise_refinement
tm_tw_refined,20263498,100,8,2,0.0,0.45,0.3,support_offline,1.0,1.0,deterministic,20.0,0.1,0.95,True,10020.472564219446,1002047.2564219446,1153952.2020224975,86.83611458652155,151904.94560055295,0.53,0.78,0.1158084948122711,0.0350391260397261,0.473274332999992,tm_tw_refined_support_offline,context_noise_refinement
tm_tw_refined,20263499,100,8,2,0.0,0.45,0.3,support_offline,1.0,1.0,deterministic,20.0,0.1,0.95,True,14994.033862064973,1499403.3862064972,1630707.8458321055,91.94800834734394,131304.45962560852,0.73,0.79,0.116159794212132,0.0312092684306497,0.4715817920000091,tm_tw_refined_support_offline,context_noise_refinement
tm_tw_refined,20263500,100,8,2,0.0,0.45,0.3,support_offline,1.0,1.0,deterministic,20.0,0.1,0.95,True,5636.415561701367,563641.5561701367,626369.5129650927,89.98547095658984,62727.956794956,0.52,0.8,0.11510791000998088,0.034867204571578034,0.45648599999998396,tm_tw_refined_support_offline,context_noise_refinement
tm_tw_refined,20263501,100,8,2,0.0,0.45,0.3,support_offline,1.0,1.0,deterministic,20.0,0.1,0.95,True,9088.58042135432,908858.042135432,944853.8465668822,96.19033096364686,35995.804431450204,0.75,0.88,0.1035026316766814,0.031154526595159503,0.4561081250000143,tm_tw_refined_support_offline,context_noise_refinement
tm_tw_refined,20263502,100,8,2,0.0,0.45,0.3,support_offline,1.0,1.0,deterministic,20.0,0.1,0.95,True,5947.95843107487,594795.843107487,680100.4056487385,87.45706342288082,85304.56254125154,0.59,0.81,0.11819178190337075,0.03282337357112674,0.45233724999999936,tm_tw_refined_support_offline,context_noise_refinement
tm_tw_refined,20263503,100,8,2,0.0,0.45,0.3,support_offline,1.0,1.0,deterministic,20.0,0.1,0.95,True,11612.08979982533,1161208.979982533,1309080.8168765139,88.70414759825101,147871.83689398086,0.72,0.86,0.12327375643059632,0.037023395006341366,0.456036250000011,tm_tw_refined_support_offline,context_noise_refinement
tm_tw_refined,20263504,100,8,2,0.0,0.45,0.3,support_offline,1.0,1.0,deterministic,20.0,0.1,0.95,True,7011.308741797743,701130.8741797743,819227.3805492604,85.58440438229654,118096.5063694861,0.58,0.73,0.11885210653897156,0.03808097994371514,0.4554833340000073,tm_tw_refined_support_offline,context_noise_refinement
tm_tw_refined,20263505,100,8,2,0.0,0.45,0.3,support_offline,1.0,1.0,deterministic,20.0,0.1,0.95,True,9829.89391447095,982989.3914470949,1175496.3331932193,83.62334817130548,192506.94174612442,0.54,0.79,0.11169773164536795,0.031358028222389436,0.4560231670000121,tm_tw_refined_support_offline,context_noise_refinement
tm_tw_refined,20263506,100,8,2,0.0,0.45,0.3,support_offline,1.0,1.0,deterministic,20.0,0.1,0.95,True,5969.819555109559,596981.9555109559,747619.2604644481,79.85106685722478,150637.30495349225,0.57,0.67,0.11542401571999232,0.03162541460097857,0.454173959000002,tm_tw_refined_support_offline,context_noise_refinement
tm_tw,20262669,100,8,2,0.0,0.45,0.3,support_offline,1.0,1.0,deterministic,20.0,0.1,0.95,True,7264.498861776352,726449.8861776352,826615.8644112953,87.88240311538215,100165.9782336601,0.7,0.88,0.0991629911430902,0.0294259797453565,0.4712860829999954,tm_tw_support_offline,context_noise_refinement
tm_tw,20262670,100,8,2,0.0,0.45,0.3,support_offline,1.0,1.0,deterministic,20.0,0.1,0.95,True,4129.51239997959,412951.2399979589,989500.8093815716,41.73328976416396,576549.5693836126,0.23,0.62,0.1193608187284405,0.0383525964857009,0.4694320000000118,tm_tw_support_offline,context_noise_refinement
tm_tw,20262671,100,8,2,0.0,0.45,0.3,support_offline,1.0,1.0,deterministic,20.0,0.1,0.95,True,15236.793180977294,1523679.3180977297,1714233.322045505,88.88401004127037,190554.0039477756,0.72,0.86,0.1092745165418443,0.0356348561045282,0.4840134169999999,tm_tw_support_offline,context_noise_refinement
tm_tw,20262672,100,8,2,0.0,0.45,0.3,support_offline,1.0,1.0,deterministic,20.0,0.1,0.95,True,5301.192170828781,530119.2170828781,626319.9329004922,84.64032345703771,96200.71581761411,0.48,0.72,0.10867508569448849,0.032562836468442755,0.46069816600001445,tm_tw_support_offline,context_noise_refinement
tm_tw,20262673,100,8,2,0.0,0.45,0.3,support_offline,1.0,1.0,deterministic,20.0,0.1,0.95,True,3069.0003141603147,306900.0314160315,863200.2561598065,35.55374656413613,556300.2247437751,0.32,0.58,0.11377439977486316,0.03654909171595663,0.4595352919999982,tm_tw_support_offline,context_noise_refinement
tm_tw,20262674,100,8,2,0.0,0.45,0.3,support_offline,1.0,1.0,deterministic,20.0,0.1,0.95,True,5312.890102207919,531289.0102207919,695352.4752273449,76.40571208825962,164063.465006553,0.5,0.79,0.11860171077477763,0.03252603872591793,0.4601618750000114,tm_tw_support_offline,context_noise_refinement
tm_tw,20262675,100,8,2,0.0,0.45,0.3,support_offline,1.0,1.0,deterministic,20.0,0.1,0.95,True,6073.255192482868,607325.5192482867,1254173.700867675,48.42435452346997,646848.1816193883,0.35,0.54,0.11781004372341547,0.037032877341762395,0.46380870800001617,tm_tw_support_offline,context_noise_refinement
tm_tw,20262676,100,8,2,0.0,0.45,0.3,support_offline,1.0,1.0,deterministic,20.0,0.1,0.95,True,7681.355244316056,768135.5244316056,911429.2652771102,84.27812817685445,143293.74084550457,0.58,0.72,0.11261156978166247,0.03573841450245717,0.4518119170000148,tm_tw_support_offline,context_noise_refinement
tm_tw,20262677,100,8,2,0.0,0.45,0.3,support_offline,1.0,1.0,deterministic,20.0,0.1,0.95,True,9766.02549418181,976602.549418181,1205923.1574919638,80.98381255479696,229320.60807378287,0.62,0.77,0.11566013894453045,0.03041472957701164,0.4544221250000078,tm_tw_support_offline,context_noise_refinement
tm_tw,20262678,100,8,2,0.0,0.45,0.3,support_offline,1.0,1.0,deterministic,20.0,0.1,0.95,True,6103.684931726034,610368.4931726034,742637.0576316508,82.18933958387882,132268.5644590474,0.58,0.75,0.10676863203390784,0.03345526931555757,0.4567906250000249,tm_tw_support_offline,context_noise_refinement
tw,20261245,100,8,2,0.0,0.45,0.3,dense,1.0,1.0,deterministic,20.0,0.1,0.95,False,6333.663683370969,633366.3683370969,825033.4924630325,76.76856444291276,191667.1241259356,0.6,0.7,0.2359571082026557,0.086836691493977,0.4591650420000093,tw_dense,context_noise_refinement
tw,20261246,100,8,2,0.0,0.45,0.3,dense,1.0,1.0,deterministic,20.0,0.1,0.95,False,9329.05169212222,932905.169212222,1118166.225898733,83.43170698635561,185261.0566865109,0.57,0.77,0.2271103443481658,0.0882479990872172,0.4589579159999886,tw_dense,context_noise_refinement
tw,20261247,100,8,2,0.0,0.45,0.3,dense,1.0,1.0,deterministic,20.0,0.1,0.95,False,12908.559304322567,1290855.9304322568,1543205.235939734,83.64771582998102,252349.30550747717,0.63,0.79,0.2177846706752966,0.0838219447970451,0.4571791249999961,tw_dense,context_noise_refinement
tw,20261248,100,8,2,0.0,0.45,0.3,dense,1.0,1.0,deterministic,20.0,0.1,0.95,False,5619.899791144807,561989.9791144807,766443.464344437,73.32438793710222,204453.48522995634,0.52,0.84,0.2305957574107495,0.08484747040317925,0.446034166000004,tw_dense,context_noise_refinement
tw,20261249,100,8,2,0.0,0.45,0.3,dense,1.0,1.0,deterministic,20.0,0.1,0.95,False,7692.22998833252,769222.998833252,864840.7067564394,88.94389369323295,95617.70792318741,0.64,0.78,0.23309828043136613,0.08419754739131613,0.4416618749999941,tw_dense,context_noise_refinement
tw,20261250,100,8,2,0.0,0.45,0.3,dense,1.0,1.0,deterministic,20.0,0.1,0.95,False,3803.5933184963546,380359.33184963546,619719.2565717802,61.3760711509502,239359.92472214473,0.27,0.48,0.24276586236468042,0.08700923265577735,0.4448251659999869,tw_dense,context_noise_refinement
tw,20261251,100,8,2,0.0,0.45,0.3,dense,1.0,1.0,deterministic,20.0,0.1,0.95,False,8958.435103663543,895843.5103663544,1246533.2790668139,71.86679452609604,350689.7687004595,0.45,0.61,0.21680623780123093,0.08173925862086562,0.4427528749999965,tw_dense,context_noise_refinement
tw,20261252,100,8,2,0.0,0.45,0.3,dense,1.0,1.0,deterministic,20.0,0.1,0.95,False,5561.777778865926,556177.7778865926,783719.5988578129,70.9664245601567,227541.82097122038,0.41,0.6,0.24536492498150006,0.08361519246293103,0.4436807499999986,tw_dense,context_noise_refinement
tw,20261253,100,8,2,0.0,0.45,0.3,dense,1.0,1.0,deterministic,20.0,0.1,0.95,False,5675.707854416641,567570.785441664,1147435.614166924,49.4642817805284,579864.82872526,0.24,0.56,0.23695523471462637,0.08688458108146355,0.4419540829999846,tw_dense,context_noise_refinement
tw,20261254,100,8,2,0.0,0.45,0.3,dense,1.0,1.0,deterministic,20.0,0.1,0.95,False,4777.270799951824,477727.07999518246,740137.4518480884,64.54572441947376,262410.37185290596,0.38,0.63,0.2277415165840351,0.0740444301908805,0.4447794589999887,tw_dense,context_noise_refinement
tw,20262069,100,8,2,0.0,0.45,0.3,gated_offline,1.0,1.0,deterministic,20.0,0.1,0.95,False,7695.852754795845,769585.2754795845,813067.1416243009,94.6521186358791,43481.86614471639,0.66,0.89,0.1533425930588177,0.0631927118755205,0.461644041999989,tw_gated_offline,context_noise_refinement
tw,20262070,100,8,2,0.0,0.45,0.3,gated_offline,1.0,1.0,deterministic,20.0,0.1,0.95,False,11106.41512490699,1110641.5124906988,1213700.4718382526,91.50869907865636,103058.95934755378,0.64,0.85,0.1512560772006137,0.0601432606960792,0.4596137080000062,tw_gated_offline,context_noise_refinement
tw,20262071,100,8,2,0.0,0.45,0.3,gated_offline,1.0,1.0,deterministic,20.0,0.1,0.95,False,15723.7334465612,1572373.34465612,1711590.4262819109,91.86621521784204,139217.0816257908,0.75,0.87,0.1602459918731078,0.0613890704985023,0.4578424580000018,tw_gated_offline,context_noise_refinement
tw,20262072,100,8,2,0.0,0.45,0.3,gated_offline,1.0,1.0,deterministic,20.0,0.1,0.95,False,4286.936377216241,428693.63772162417,647067.375025867,66.25177752231548,218373.73730424285,0.31,0.69,0.1534543378423105,0.061006410659748454,0.44754645800000503,tw_gated_offline,context_noise_refinement
tw,20262073,100,8,2,0.0,0.45,0.3,gated_offline,1.0,1.0,deterministic,20.0,0.1,0.95,False,7989.972958995774,798997.2958995774,966885.6336530396,82.6361741337334,167888.33775346214,0.64,0.82,0.1639378648536876,0.06463187859681369,0.4518154590000165,tw_gated_offline,context_noise_refinement
tw,20262074,100,8,2,0.0,0.45,0.3,gated_offline,1.0,1.0,deterministic,20.0,0.1,0.95,False,5584.699553441045,558469.9553441046,711524.1396809319,78.48924923257539,153054.18433682737,0.49,0.76,0.14290643644725173,0.05981453260940132,0.4475436660000014,tw_gated_offline,context_noise_refinement
tw,20262075,100,8,2,0.0,0.45,0.3,gated_offline,1.0,1.0,deterministic,20.0,0.1,0.95,False,10212.153405884066,1021215.3405884065,1277785.685934571,79.92070593915682,256570.34534616454,0.45,0.7,0.16399362022405703,0.06542469387829072,0.4467211250000105,tw_gated_offline,context_noise_refinement
tw,20262076,100,8,2,0.0,0.45,0.3,gated_offline,1.0,1.0,deterministic,20.0,0.1,0.95,False,6507.219248759165,650721.9248759164,821072.4506538906,79.25268036428339,170350.52577797417,0.52,0.65,0.1531059022089537,0.061050092432830286,0.447663083000009,tw_gated_offline,context_noise_refinement
tw,20262077,100,8,2,0.0,0.45,0.3,gated_offline,1.0,1.0,deterministic,20.0,0.1,0.95,False,7582.504870431742,758250.4870431742,1146397.326543865,66.1420320412934,388146.8395006908,0.41,0.73,0.16186289294111564,0.06284855987171939,0.44811824999999317,tw_gated_offline,context_noise_refinement
tw,20262078,100,8,2,0.0,0.45,0.3,gated_offline,1.0,1.0,deterministic,20.0,0.1,0.95,False,3246.456844736865,324645.6844736865,657083.54806415,49.40706329204758,332437.86359046353,0.25,0.51,0.1589443182698483,0.06106383577147938,0.44804362499999684,tw_gated_offline,context_noise_refinement
tw,20263025,100,8,2,0.0,0.45,0.3,gated_offline_low_rank,1.0,1.0,deterministic,20.0,0.1,0.95,False,7446.675426132465,744667.5426132465,774078.1014277324,96.2005695859061,29410.558814485907,0.62,0.86,0.1412130925655961,0.0593360990599635,0.5029124999999937,tw_gated_offline_low_rank,context_noise_refinement
tw,20263026,100,8,2,0.0,0.45,0.3,gated_offline_low_rank,1.0,1.0,deterministic,20.0,0.1,0.95,False,2090.655578504428,209065.5578504428,968894.1180775888,21.577750752090008,759828.560227146,0.08,0.24,0.1462274537013436,0.0601442980155452,0.5046294170000039,tw_gated_offline_low_rank,context_noise_refinement
tw,20263027,100,8,2,0.0,0.45,0.3,gated_offline_low_rank,1.0,1.0,deterministic,20.0,0.1,0.95,False,3317.667546459197,331766.7546459197,1477155.304778424,22.45984248052275,1145388.5501325042,0.17,0.47,0.147173685912717,0.0572930083022226,0.5029019579999954,tw_gated_offline_low_rank,context_noise_refinement
tw,20263028,100,8,2,0.0,0.45,0.3,gated_offline_low_rank,1.0,1.0,deterministic,20.0,0.1,0.95,False,4500.565080488719,450056.5080488719,611103.6375416885,73.64651106632789,161047.12949281663,0.36,0.62,0.15258913652826495,0.06393176502706618,0.48743791600000463,tw_gated_offline_low_rank,context_noise_refinement
tw,20263029,100,8,2,0.0,0.45,0.3,gated_offline_low_rank,1.0,1.0,deterministic,20.0,0.1,0.95,False,1825.3484327458514,182534.84327458515,868858.4771177025,21.0085817289963,686323.6338431174,0.21,0.54,0.15044004668935088,0.06217768871180257,0.48687679199997547,tw_gated_offline_low_rank,context_noise_refinement
tw,20263030,100,8,2,0.0,0.45,0.3,gated_offline_low_rank,1.0,1.0,deterministic,20.0,0.1,0.95,False,4583.057289721377,458305.72897213773,698588.2599728309,65.60455639348447,240282.53100069315,0.38,0.64,0.1607698446634231,0.06252657043815885,0.4878674590000003,tw_gated_offline_low_rank,context_noise_refinement
tw,20263031,100,8,2,0.0,0.45,0.3,gated_offline_low_rank,1.0,1.0,deterministic,20.0,0.1,0.95,False,4345.25042371826,434525.042371826,1052173.2150497413,41.29786200186477,617648.1726779153,0.12,0.52,0.15727766304021282,0.06535721553056649,0.488450499999999,tw_gated_offline_low_rank,context_noise_refinement
tw,20263032,100,8,2,0.0,0.45,0.3,gated_offline_low_rank,1.0,1.0,deterministic,20.0,0.1,0.95,False,4680.68779857698,468068.77985769795,785100.7122852848,59.61894729342879,317031.9324275868,0.43,0.66,0.1477202502629867,0.0599090470875329,0.4853719999999839,tw_gated_offline_low_rank,context_noise_refinement
tw,20263033,100,8,2,0.0,0.45,0.3,gated_offline_low_rank,1.0,1.0,deterministic,20.0,0.1,0.95,False,8888.29169203531,888829.169203531,1231439.4331261609,72.17806619584437,342610.2639226299,0.54,0.71,0.1584012793691724,0.06233653491885055,0.486924958000003,tw_gated_offline_low_rank,context_noise_refinement
tw,20263034,100,8,2,0.0,0.45,0.3,gated_offline_low_rank,1.0,1.0,deterministic,20.0,0.1,0.95,False,5730.313058792712,573031.3058792711,751637.0647395605,76.2377659060526,178605.75886028935,0.49,0.64,0.14869407115163333,0.06296792192024607,0.4900385839999899,tw_gated_offline_low_rank,context_noise_refinement
tw,20262349,100,8,2,0.0,0.45,0.3,support_offline,1.0,1.0,deterministic,20.0,0.1,0.95,True,3613.092186191391,361309.2186191391,756450.682391238,47.76375076786158,395141.4637720989,0.2,0.45,0.1183020512004685,0.0367199001949532,0.4604577500000033,tw_support_offline,context_noise_refinement
tw,20262350,100,8,2,0.0,0.45,0.3,support_offline,1.0,1.0,deterministic,20.0,0.1,0.95,True,8861.958737370793,886195.8737370792,1199188.9307540571,73.89960422498513,312993.0570169779,0.49,0.74,0.1175750944765998,0.0364629772758534,0.4552963340000104,tw_support_offline,context_noise_refinement
tw,20262351,100,8,2,0.0,0.45,0.3,support_offline,1.0,1.0,deterministic,20.0,0.1,0.95,True,8302.424642812384,830242.4642812385,1569304.7218865796,52.90511477485018,739062.2576053411,0.42,0.72,0.1287246943629361,0.0374823550073429,0.4757878750000088,tw_support_offline,context_noise_refinement
tw,20262352,100,8,2,0.0,0.45,0.3,support_offline,1.0,1.0,deterministic,20.0,0.1,0.95,True,4801.147496217624,480114.7496217624,653226.5879614128,73.49896015716426,173111.83833965042,0.49,0.69,0.12171478957251346,0.03599085101701208,0.4463520829999936,tw_support_offline,context_noise_refinement
tw,20262353,100,8,2,0.0,0.45,0.3,support_offline,1.0,1.0,deterministic,20.0,0.1,0.95,True,1605.0984588635229,160509.8458863523,784977.9683170543,20.44768800715207,624468.122430702,0.1,0.47,0.12813704158264336,0.039801880149874805,0.44392020800000864,tw_support_offline,context_noise_refinement
tw,20262354,100,8,2,0.0,0.45,0.3,support_offline,1.0,1.0,deterministic,20.0,0.1,0.95,True,4289.274121151216,428927.4121151216,632555.0753889361,67.80870611960376,203627.66327381448,0.37,0.63,0.11038120794870845,0.03485683655863765,0.4473459170000069,tw_support_offline,context_noise_refinement
tw,20262355,100,8,2,0.0,0.45,0.3,support_offline,1.0,1.0,deterministic,20.0,0.1,0.95,True,7634.279556590884,763427.9556590883,1223618.7439922001,62.39099878188485,460190.7883331118,0.46,0.69,0.12621801178705536,0.03891043829356003,0.4468479999999886,tw_support_offline,context_noise_refinement
tw,20262356,100,8,2,0.0,0.45,0.3,support_offline,1.0,1.0,deterministic,20.0,0.1,0.95,True,5748.263552561769,574826.3552561769,839863.8366339182,68.44280348586238,265037.4813777413,0.48,0.68,0.111894771031513,0.037200530072814465,0.4506862920000003,tw_support_offline,context_noise_refinement
tw,20262357,100,8,2,0.0,0.45,0.3,support_offline,1.0,1.0,deterministic,20.0,0.1,0.95,True,8631.870365347582,863187.0365347583,1205620.1718937145,71.59693049751455,342433.1353589562,0.54,0.74,0.12183923922091593,0.03380930812254267,0.44774787500000457,tw_support_offline,context_noise_refinement
tw,20262358,100,8,2,0.0,0.45,0.3,support_offline,1.0,1.0,deterministic,20.0,0.1,0.95,True,3848.3286668673186,384832.86668673187,661536.1095512416,58.17261690337454,276703.24286450975,0.28,0.61,0.11182646639399423,0.0305925617749049,0.446159917000017,tw_support_offline,context_noise_refinement
exp4,20261395,100,20,2,0.0,0.45,0.0,dense,1.0,1.0,deterministic,20.0,0.1,0.95,False,8812.842695941132,881284.2695941131,1081880.032481355,81.45859458861038,200595.76288724155,0.55,0.83,0.2496854552956446,0.0286188299337372,0.5956457079999922,exp4_dense,context_noise_refinement
exp4,20261396,100,20,2,0.0,0.45,0.0,dense,1.0,1.0,deterministic,20.0,0.1,0.95,False,6642.281227416523,664228.1227416523,852566.2299639811,77.9092696141289,188338.1072223288,0.5,0.73,0.2391593649669477,0.0284517989143524,0.5935776249999947,exp4_dense,context_noise_refinement
exp4,20261397,100,20,2,0.0,0.45,0.0,dense,1.0,1.0,deterministic,20.0,0.1,0.95,False,11718.45936709515,1171845.936709515,1270475.9247389894,92.23676843386566,98629.9880294744,0.68,0.86,0.2479526067768765,0.0308432231106981,0.588869165999995,exp4_dense,context_noise_refinement
exp4,20261398,100,20,2,0.0,0.45,0.0,dense,1.0,1.0,deterministic,20.0,0.1,0.95,False,7459.781609220666,745978.1609220665,950109.8823378325,78.51493546057209,204131.72141576593,0.59,0.8,0.23848828263423463,0.025708888353681503,0.5818887499999903,exp4_dense,context_noise_refinement
exp4,20261399,100,20,2,0.0,0.45,0.0,dense,1.0,1.0,deterministic,20.0,0.1,0.95,False,4978.907769657944,497890.77696579444,714021.9454611018,69.73045858475204,216131.1684953074,0.4,0.68,0.23715435001948612,0.025746926159907615,0.5775810829999841,exp4_dense,context_noise_refinement
exp4,20261400,100,20,2,0.0,0.45,0.0,dense,1.0,1.0,deterministic,20.0,0.1,0.95,False,4300.513635541854,430051.3635541854,493974.8954399071,87.05935615841472,63923.53188572172,0.61,0.83,0.24155464916044864,0.02726153629220676,0.5913054999999758,exp4_dense,context_noise_refinement
exp4,20261401,100,20,2,0.0,0.45,0.0,dense,1.0,1.0,deterministic,20.0,0.1,0.95,False,10120.7960765269,1012079.6076526899,1294302.8458853425,78.19496116153533,282223.23823265254,0.47,0.68,0.24385965598450163,0.02713042334903961,0.5794111249999787,exp4_dense,context_noise_refinement
exp4,20261402,100,20,2,0.0,0.45,0.0,dense,1.0,1.0,deterministic,20.0,0.1,0.95,False,3339.2490160713273,333924.90160713275,893766.2001845927,37.36154953478505,559841.29857746,0.25,0.41,0.2352729897802063,0.027103263118241717,0.5787320830000056,exp4_dense,context_noise_refinement
exp4,20261403,100,20,2,0.0,0.45,0.0,dense,1.0,1.0,deterministic,20.0,0.1,0.95,False,5762.861943064969,576286.1943064969,903377.6787144038,63.79238804379243,327091.4844079069,0.43,0.59,0.24338071697916708,0.029858514326060685,0.5780981670000074,exp4_dense,context_noise_refinement
exp4,20261404,100,20,2,0.0,0.45,0.0,dense,1.0,1.0,deterministic,20.0,0.1,0.95,False,5569.909238558658,556990.9238558658,768288.3350342007,72.49764163490406,211297.41117833485,0.38,0.6,0.23914133309171667,0.02549694599266639,0.5749616669999966,exp4_dense,context_noise_refinement
global_ucb_tw,20262374,100,20,2,0.0,0.45,0.0,dense,1.0,1.0,deterministic,20.0,0.1,0.95,False,7598.07270384668,759807.270384668,1084972.2752093708,70.03010931666851,325165.00482470274,0.46,0.64,0.2330682434912094,0.0257933543711004,0.5887686669999965,global_ucb_tw_dense,context_noise_refinement
global_ucb_tw,20262375,100,20,2,0.0,0.45,0.0,dense,1.0,1.0,deterministic,20.0,0.1,0.95,False,8001.49164470787,800149.164470787,1015905.4548389764,78.76216833559701,215756.2903681893,0.53,0.75,0.2288563978169969,0.0255368495429123,0.5867516670000015,global_ucb_tw_dense,context_noise_refinement
global_ucb_tw,20262376,100,20,2,0.0,0.45,0.0,dense,1.0,1.0,deterministic,20.0,0.1,0.95,False,11036.72652389023,1103672.652389023,1499041.6748336111,73.62521475672297,395369.0224445881,0.46,0.65,0.2312001690441303,0.0246207628557842,0.5843252089999993,global_ucb_tw_dense,context_noise_refinement
global_ucb_tw,20262377,100,20,2,0.0,0.45,0.0,dense,1.0,1.0,deterministic,20.0,0.1,0.95,False,6993.772721215614,699377.2721215615,981075.9295659341,71.28676293495377,281698.65744437266,0.45,0.73,0.23359327706283464,0.02549752981208045,0.5703315830000122,global_ucb_tw_dense,context_noise_refinement
global_ucb_tw,20262378,100,20,2,0.0,0.45,0.0,dense,1.0,1.0,deterministic,20.0,0.1,0.95,False,7464.904246171417,746490.4246171417,928974.486865711,80.35639677637901,182484.06224856933,0.56,0.77,0.24258768058776378,0.025719782397029187,0.5667198750000182,global_ucb_tw_dense,context_noise_refinement
global_ucb_tw,20262379,100,20,2,0.0,0.45,0.0,dense,1.0,1.0,deterministic,20.0,0.1,0.95,False,2683.2812921719956,268328.1292171996,500784.9544718381,53.581507755199375,232456.8252546385,0.28,0.52,0.23548951728891834,0.025439487086063403,0.5708426250000116,global_ucb_tw_dense,context_noise_refinement
global_ucb_tw,20262380,100,20,2,0.0,0.45,0.0,dense,1.0,1.0,deterministic,20.0,0.1,0.95,False,5686.870840086445,568687.0840086446,1123563.2229838886,50.61460471252887,554876.138975244,0.31,0.54,0.22621526430748098,0.02441372302606254,0.5710733340000047,global_ucb_tw_dense,context_noise_refinement
global_ucb_tw,20262381,100,20,2,0.0,0.45,0.0,dense,1.0,1.0,deterministic,20.0,0.1,0.95,False,8204.299597271294,820429.9597271294,1040048.6767440907,78.88380400574275,219618.7170169613,0.52,0.72,0.22370677075597348,0.02451734843853246,0.5733642909999901,global_ucb_tw_dense,context_noise_refinement
global_ucb_tw,20262382,100,20,2,0.0,0.45,0.0,dense,1.0,1.0,deterministic,20.0,0.1,0.95,False,4808.068009928937,480806.8009928937,835404.1900024537,57.55379333104392,354597.38900956005,0.38,0.57,0.23702644929527816,0.025858223564357654,0.5707277920000138,global_ucb_tw_dense,context_noise_refinement
global_ucb_tw,20262383,100,20,2,0.0,0.45,0.0,dense,1.0,1.0,deterministic,20.0,0.1,0.95,False,5352.29726279458,535229.726279458,793941.6076762914,67.41424320183553,258711.88139683334,0.35,0.67,0.22814731723123857,0.02375824013520162,0.5699318329999983,global_ucb_tw_dense,context_noise_refinement
local_ucb_tw,20262272,100,20,2,0.0,0.45,0.0,dense,1.0,1.0,deterministic,20.0,0.1,0.95,False,8267.046259788443,826704.6259788444,1142977.4701344874,72.3290395113012,316272.844155643,0.49,0.71,0.229247710993793,0.0239082469282183,0.5885391669999933,local_ucb_tw_dense,context_noise_refinement
local_ucb_tw,20262273,100,20,2,0.0,0.45,0.0,dense,1.0,1.0,deterministic,20.0,0.1,0.95,False,5531.2205517180855,553122.0551718086,931643.3150186152,59.37058166523276,378521.2598468065,0.41,0.66,0.2392591576622532,0.0247072811876663,0.5858054170000031,local_ucb_tw_dense,context_noise_refinement
local_ucb_tw,20262274,100,20,2,0.0,0.45,0.0,dense,1.0,1.0,deterministic,20.0,0.1,0.95,False,10624.160905258948,1062416.090525895,1389474.952791873,76.46169428179915,327058.862265978,0.44,0.67,0.2218613697354561,0.0249321207798383,0.5835308329999975,local_ucb_tw_dense,context_noise_refinement
local_ucb_tw,20262275,100,20,2,0.0,0.45,0.0,dense,1.0,1.0,deterministic,20.0,0.1,0.95,False,7233.302175576279,723330.2175576279,969666.7543488033,74.59575305780109,246336.53679117537,0.53,0.73,0.2296718105153848,0.025080819917125192,0.5696905000000072,local_ucb_tw_dense,context_noise_refinement
local_ucb_tw,20262276,100,20,2,0.0,0.45,0.0,dense,1.0,1.0,deterministic,20.0,0.1,0.95,False,6360.404354643918,636040.4354643918,869383.371230218,73.15994951276386,233342.93576582614,0.51,0.73,0.22296389075514247,0.024582317983173903,0.5724000419999982,local_ucb_tw_dense,context_noise_refinement
local_ucb_tw,20262277,100,20,2,0.0,0.45,0.0,dense,1.0,1.0,deterministic,20.0,0.1,0.95,False,3902.799072267425,390279.9072267425,560039.9468149623,69.68786948972613,169760.03958821984,0.53,0.7,0.2236069889265122,0.02431888479249392,0.5698983750000082,local_ucb_tw_dense,context_noise_refinement
local_ucb_tw,20262278,100,20,2,0.0,0.45,0.0,dense,1.0,1.0,deterministic,20.0,0.1,0.95,False,11013.939645805527,1101393.9645805527,1358815.5719402512,81.0554417629961,257421.6073596985,0.47,0.64,0.22715557590791033,0.02447160673373227,0.5709103750000111,local_ucb_tw_dense,context_noise_refinement
local_ucb_tw,20262279,100,20,2,0.0,0.45,0.0,dense,1.0,1.0,deterministic,20.0,0.1,0.95,False,5693.274743095025,569327.4743095025,918964.1179680205,61.953177842066175,349636.643658518,0.45,0.7,0.23527304983297087,0.025209336075241923,0.5733542919999763,local_ucb_tw_dense,context_noise_refinement
local_ucb_tw,20262280,100,20,2,0.0,0.45,0.0,dense,1.0,1.0,deterministic,20.0,0.1,0.95,False,5191.943560875176,519194.35608751763,855946.0775700816,60.657367291341785,336751.72148256394,0.38,0.62,0.22748711450849385,0.024189728958630526,0.5713533340000083,local_ucb_tw_dense,context_noise_refinement
local_ucb_tw,20262281,100,20,2,0.0,0.45,0.0,dense,1.0,1.0,deterministic,20.0,0.1,0.95,False,5209.970781547814,520997.0781547814,754098.1239304389,69.08876466092897,233101.04577565746,0.45,0.64,0.23270415341803447,0.024514155720646445,0.5788070829999867,local_ucb_tw_dense,context_noise_refinement
oracle,20261640,100,20,2,0.0,0.45,0.0,dense,1.0,1.0,deterministic,20.0,0.1,0.95,False,11366.752534272086,1136675.2534272086,1136675.2534272086,100.0,0.0,1.0,1.0,0.227360050681967,0.0259971978805787,0.0190779579999968,oracle,context_noise_refinement
oracle,20261641,100,20,2,0.0,0.45,0.0,dense,1.0,1.0,deterministic,20.0,0.1,0.95,False,10391.446117550386,1039144.6117550386,1039144.6117550386,100.0,0.0,1.0,1.0,0.2244630076975076,0.0258276024973599,0.0190159160000007,oracle,context_noise_refinement
oracle,20261642,100,20,2,0.0,0.45,0.0,dense,1.0,1.0,deterministic,20.0,0.1,0.95,False,14905.8620342115,1490586.20342115,1490586.20342115,100.0,0.0,1.0,1.0,0.2408100830650998,0.0266130203605239,0.0189424579999979,oracle,context_noise_refinement
oracle,20261643,100,20,2,0.0,0.45,0.0,dense,1.0,1.0,deterministic,20.0,0.1,0.95,False,10216.806699817087,1021680.6699817086,1021680.6699817086,100.0,0.0,1.0,1.0,0.23766587064875472,0.026260606369379547,0.018725582999991275,oracle,context_noise_refinement
oracle,20261644,100,20,2,0.0,0.45,0.0,dense,1.0,1.0,deterministic,20.0,0.1,0.95,False,8369.686030645751,836968.6030645751,836968.6030645751,99.99999999999999,0.0,1.0,1.0,0.23480038507300205,0.025725197769420307,0.01863091699999586,oracle,context_noise_refinement
oracle,20261645,100,20,2,0.0,0.45,0.0,dense,1.0,1.0,deterministic,20.0,0.1,0.95,False,5484.3777347789155,548437.7734778916,548437.7734778916,100.0,0.0,1.0,1.0,0.22886540687292228,0.025453433869981657,0.018613999999985253,oracle,context_noise_refinement
oracle,20261646,100,20,2,0.0,0.45,0.0,dense,1.0,1.0,deterministic,20.0,0.1,0.95,False,15411.912435012722,1541191.2435012723,1541191.2435012723,100.0,0.0,1.0,1.0,0.23955567085533966,0.026273616540378308,0.018647749999985308,oracle,context_noise_refinement
oracle,20261647,100,20,2,0.0,0.45,0.0,dense,1.0,1.0,deterministic,20.0,0.1,0.95,False,11465.318302300599,1146531.8302300598,1146531.8302300598,100.0,0.0,1.0,1.0,0.2358848376074947,0.025583770762444086,0.018595333000007486,oracle,context_noise_refinement
oracle,20261648,100,20,2,0.0,0.45,0.0,dense,1.0,1.0,deterministic,20.0,0.1,0.95,False,8885.532611400098,888553.2611400097,888553.2611400097,100.0,0.0,1.0,1.0,0.2357866153349499,0.025423918212077984,0.018614334000005783,oracle,context_noise_refinement
oracle,20261649,100,20,2,0.0,0.45,0.0,dense,1.0,1.0,deterministic,20.0,0.1,0.95,False,8073.995228457233,807399.5228457233,807399.5228457233,100.0,0.0,1.0,1.0,0.22722089833964473,0.025399744335550326,0.01857620800001314,oracle,context_noise_refinement
state_thompson,20262538,100,20,2,0.0,0.45,0.0,dense,1.0,1.0,deterministic,20.0,0.1,0.95,False,8373.890566152715,837389.0566152715,977099.4942767246,85.70151366572237,139710.43766145315,0.45,0.65,0.2327380404267894,0.0268073762899012,0.0213361249999906,state_thompson,context_noise_refinement
state_thompson,20262539,100,20,2,0.0,0.45,0.0,dense,1.0,1.0,deterministic,20.0,0.1,0.95,False,5674.697353006614,567469.7353006614,942544.2290197664,60.20616516752985,375074.493719105,0.42,0.7,0.2277149095691382,0.0253272911507576,0.0211973340000071,state_thompson,context_noise_refinement
state_thompson,20262540,100,20,2,0.0,0.45,0.0,dense,1.0,1.0,deterministic,20.0,0.1,0.95,False,2463.3465716404144,246334.65716404145,1132003.7090126197,21.760940816961167,885669.051848578,0.36,0.5,0.2393723420088362,0.0261402603578067,0.0212436659999895,state_thompson,context_noise_refinement
state_thompson,20262541,100,20,2,0.0,0.45,0.0,dense,1.0,1.0,deterministic,20.0,0.1,0.95,False,5819.72613029269,581972.613029269,912373.148467436,63.78668793649187,330400.53543816693,0.37,0.62,0.22979005043038153,0.025370270362067793,0.020816084000017554,state_thompson,context_noise_refinement
state_thompson,20262542,100,20,2,0.0,0.45,0.0,dense,1.0,1.0,deterministic,20.0,0.1,0.95,False,5156.039802692189,515603.9802692189,790007.791758713,65.26568290185884,274403.81148949405,0.38,0.75,0.2321018921961614,0.02582412879559812,0.020850707999983342,state_thompson,context_noise_refinement
state_thompson,20262543,100,20,2,0.0,0.45,0.0,dense,1.0,1.0,deterministic,20.0,0.1,0.95,False,2961.0248793619044,296102.48793619045,491854.60367617407,60.20122323204636,195752.11573998362,0.29,0.61,0.23100647504668265,0.026501278084730295,0.020890374999993355,state_thompson,context_noise_refinement
state_thompson,20262544,100,20,2,0.0,0.45,0.0,dense,1.0,1.0,deterministic,20.0,0.1,0.95,False,7194.973740531194,719497.3740531194,1206006.9873363774,59.65946977158255,486509.61328325793,0.24,0.39,0.2434318001528694,0.025964387609537395,0.020811791999989282,state_thompson,context_noise_refinement
state_thompson,20262545,100,20,2,0.0,0.45,0.0,dense,1.0,1.0,deterministic,20.0,0.1,0.95,False,7098.539540450338,709853.9540450338,945789.5459406554,75.05411294634614,235935.59189562162,0.49,0.62,0.23322245191288973,0.026809573213282197,0.020862875000005943,state_thompson,context_noise_refinement
state_thompson,20262546,100,20,2,0.0,0.45,0.0,dense,1.0,1.0,deterministic,20.0,0.1,0.95,False,6768.767429288617,676876.7429288616,903212.3627604877,74.9410405389186,226335.61983162607,0.51,0.63,0.2276630921771245,0.026205518605661258,0.02082774999999515,state_thompson,context_noise_refinement
state_thompson,20262547,100,20,2,0.0,0.45,0.0,dense,1.0,1.0,deterministic,20.0,0.1,0.95,False,3716.1403992117384,371614.0399211738,704295.6009364786,52.763930291066835,332681.56101530476,0.29,0.55,0.23593127163231453,0.027645843259609306,0.02083062499997368,state_thompson,context_noise_refinement
tm_tw,20261565,100,20,2,0.0,0.45,0.0,dense,1.0,1.0,deterministic,20.0,0.1,0.95,False,4649.913818873141,464991.3818873141,995785.6436508178,46.69593148406225,530794.2617635037,0.3,0.54,0.2395822374386355,0.0249134662294434,0.5902992090000083,tm_tw_dense,context_noise_refinement
tm_tw,20261566,100,20,2,0.0,0.45,0.0,dense,1.0,1.0,deterministic,20.0,0.1,0.95,False,6717.83260249794,671783.260249794,1046514.0035605996,64.1924769247384,374730.7433108056,0.49,0.78,0.2435917272572154,0.0263500591182474,0.5890072079999982,tm_tw_dense,context_noise_refinement
tm_tw,20261567,100,20,2,0.0,0.45,0.0,dense,1.0,1.0,deterministic,20.0,0.1,0.95,False,6635.946142053335,663594.6142053335,1467783.9826500504,45.210645575190746,804189.3684447169,0.53,0.75,0.2286278880784348,0.0252414763078101,0.5888791670000018,tm_tw_dense,context_noise_refinement
tm_tw,20261568,100,20,2,0.0,0.45,0.0,dense,1.0,1.0,deterministic,20.0,0.1,0.95,False,5847.3585989145995,584735.8598914599,880053.8439332015,66.44319139362148,295317.9840417416,0.41,0.69,0.2366080617637586,0.02656217823229235,0.5708362919999956,tm_tw_dense,context_noise_refinement
tm_tw,20261569,100,20,2,0.0,0.45,0.0,dense,1.0,1.0,deterministic,20.0,0.1,0.95,False,5237.317159664043,523731.71596640436,819481.7765312229,63.9101113612683,295750.0605648185,0.46,0.71,0.23042945443229035,0.025074613569977335,0.5733242919999952,tm_tw_dense,context_noise_refinement
tm_tw,20261570,100,20,2,0.0,0.45,0.0,dense,1.0,1.0,deterministic,20.0,0.1,0.95,False,3258.707949203373,325870.7949203373,555056.3521103538,58.709497455773494,229185.55719001644,0.39,0.69,0.2302115383562687,0.024853153503652785,0.5717583750000017,tm_tw_dense,context_noise_refinement
tm_tw,20261571,100,20,2,0.0,0.45,0.0,dense,1.0,1.0,deterministic,20.0,0.1,0.95,False,10479.456847810541,1047945.684781054,1469649.0600812437,71.30584526915034,421703.3753001897,0.42,0.61,0.2341694182951403,0.0245211787736752,0.569531124999969,tm_tw_dense,context_noise_refinement
tm_tw,20261572,100,20,2,0.0,0.45,0.0,dense,1.0,1.0,deterministic,20.0,0.1,0.95,False,4523.501859816012,452350.1859816012,976326.6740407353,46.331847526960814,523976.48805913416,0.36,0.58,0.22823136212826037,0.023699680728211395,0.5776521669999966,tm_tw_dense,context_noise_refinement
tm_tw,20261573,100,20,2,0.0,0.45,0.0,dense,1.0,1.0,deterministic,20.0,0.1,0.95,False,4696.355466478006,469635.54664780054,819022.7018040078,57.34096815794788,349387.1551562072,0.34,0.62,0.2355229482653869,0.02486069529614465,0.5745578750000391,tm_tw_dense,context_noise_refinement
tm_tw,20261574,100,20,2,0.0,0.45,0.0,dense,1.0,1.0,deterministic,20.0,0.1,0.95,False,4647.847811119483,464784.7811119483,730537.713264423,63.62228433560916,265752.93215247465,0.44,0.66,0.2325671155148197,0.024767187876317688,0.5741435829999659,tm_tw_dense,context_noise_refinement
tm_tw,20262389,100,20,2,0.0,0.45,0.0,gated_offline,1.0,1.0,deterministic,20.0,0.1,0.95,False,6787.981023780044,678798.1023780043,892746.726652922,76.03479039603405,213948.62427491765,0.46,0.78,0.1648409820837038,0.0197325948271148,0.5872498330000013,tm_tw_gated_offline,context_noise_refinement
tm_tw,20262390,100,20,2,0.0,0.45,0.0,gated_offline,1.0,1.0,deterministic,20.0,0.1,0.95,False,5591.269405814342,559126.9405814342,993110.0278254588,56.300603650706655,433983.0872440246,0.42,0.68,0.1612531675590108,0.0188258087542833,0.5848190410000029,tm_tw_gated_offline,context_noise_refinement
tm_tw,20262391,100,20,2,0.0,0.45,0.0,gated_offline,1.0,1.0,deterministic,20.0,0.1,0.95,False,2935.1800038609035,293518.0003860904,1104018.7795152257,26.586323152489676,810500.7791291353,0.22,0.54,0.1663899774706175,0.0189216387181573,0.5934500830000076,tm_tw_gated_offline,context_noise_refinement
tm_tw,20262392,100,20,2,0.0,0.45,0.0,gated_offline,1.0,1.0,deterministic,20.0,0.1,0.95,False,5097.31075113225,509731.075113225,849076.7956153897,60.03356560271849,339345.72050216474,0.35,0.61,0.15635855837398527,0.019213380917180053,0.5746347500000297,tm_tw_gated_offline,context_noise_refinement
tm_tw,20262393,100,20,2,0.0,0.45,0.0,gated_offline,1.0,1.0,deterministic,20.0,0.1,0.95,False,6043.857823718569,604385.782371857,857040.1495738714,70.52012471905351,252654.36720201443,0.47,0.67,0.1635854092027343,0.01957321806009249,0.5762138329999971,tm_tw_gated_offline,context_noise_refinement
tm_tw,20262394,100,20,2,0.0,0.45,0.0,gated_offline,1.0,1.0,deterministic,20.0,0.1,0.95,False,2332.492634599984,233249.2634599984,521335.5706083756,44.74071531083267,288086.3071483772,0.33,0.6,0.16092782430392047,0.01876906746571539,0.5723158339999941,tm_tw_gated_offline,context_noise_refinement
tm_tw,20262395,100,20,2,0.0,0.45,0.0,gated_offline,1.0,1.0,deterministic,20.0,0.1,0.95,False,7949.364434733855,794936.4434733855,1360951.2010608297,58.41035614309691,566014.7575874442,0.41,0.63,0.15929170019272737,0.019529219060051853,0.5811888750000094,tm_tw_gated_offline,context_noise_refinement
tm_tw,20262396,100,20,2,0.0,0.45,0.0,gated_offline,1.0,1.0,deterministic,20.0,0.1,0.95,False,8235.067551069847,823506.7551069848,1125635.5248247783,73.15927197972681,302128.76971779356,0.44,0.62,0.15476024898615445,0.01894575238029563,0.5735691670000165,tm_tw_gated_offline,context_noise_refinement
tm_tw,20262397,100,20,2,0.0,0.45,0.0,gated_offline,1.0,1.0,deterministic,20.0,0.1,0.95,False,3935.6155438617966,393561.55438617966,766865.3445672438,51.32081625207274,373303.79018106416,0.28,0.46,0.1617597369659955,0.01920662484199083,0.5738358329999755,tm_tw_gated_offline,context_noise_refinement
tm_tw,20262398,100,20,2,0.0,0.45,0.0,gated_offline,1.0,1.0,deterministic,20.0,0.1,0.95,False,5116.8557412022865,511685.57412022864,744505.8729606783,68.72821191932408,232820.29884044966,0.4,0.68,0.1603925209569687,0.018609152615291186,0.5742322080000122,tm_tw_gated_offline,context_noise_refinement
tm_tw,20263345,100,20,2,0.0,0.45,0.0,gated_offline_low_rank,1.0,1.0,deterministic,20.0,0.1,0.95,False,5635.1033897415655,563510.3389741565,890950.9224672085,63.248190754850086,327440.58349305193,0.38,0.7,0.1557382003180847,0.0183684043553084,0.7159618749999908,tm_tw_gated_offline_low_rank,context_noise_refinement
tm_tw,20263346,100,20,2,0.0,0.45,0.0,gated_offline_low_rank,1.0,1.0,deterministic,20.0,0.1,0.95,False,8148.398988384919,814839.8988384919,1065502.289193821,76.4747206179177,250662.3903553288,0.54,0.83,0.1571708571653201,0.0185993381229861,0.7121207500000111,tm_tw_gated_offline_low_rank,context_noise_refinement
tm_tw,20263347,100,20,2,0.0,0.45,0.0,gated_offline_low_rank,1.0,1.0,deterministic,20.0,0.1,0.95,False,3186.9470631617864,318694.70631617866,1128109.982807123,28.25032232434973,809415.2764909444,0.4,0.7,0.1574768156215786,0.0182429266057694,0.714280291999998,tm_tw_gated_offline_low_rank,context_noise_refinement
tm_tw,20263348,100,20,2,0.0,0.45,0.0,gated_offline_low_rank,1.0,1.0,deterministic,20.0,0.1,0.95,False,6427.578423564399,642757.8423564399,817610.8615948898,78.61415161518657,174853.01923844987,0.54,0.68,0.16216448179859558,0.01888256664630856,0.6978029580000111,tm_tw_gated_offline_low_rank,context_noise_refinement
tm_tw,20263349,100,20,2,0.0,0.45,0.0,gated_offline_low_rank,1.0,1.0,deterministic,20.0,0.1,0.95,False,7003.26705319321,700326.705319321,799352.3875480319,87.61176124932003,99025.68222871085,0.64,0.78,0.16365349365072426,0.01856347353701575,0.6953035419999765,tm_tw_gated_offline_low_rank,context_noise_refinement
tm_tw,20263350,100,20,2,0.0,0.45,0.0,gated_offline_low_rank,1.0,1.0,deterministic,20.0,0.1,0.95,False,3191.963797203876,319196.3797203876,490792.63776546274,65.03691277311364,171596.25804507517,0.41,0.68,0.15661597236707875,0.018582684979407724,0.7013852079999765,tm_tw_gated_offline_low_rank,context_noise_refinement
tm_tw,20263351,100,20,2,0.0,0.45,0.0,gated_offline_low_rank,1.0,1.0,deterministic,20.0,0.1,0.95,False,7519.084941513758,751908.4941513758,1238723.749014032,60.700256594729936,486815.25486265623,0.38,0.61,0.16587318367893494,0.01853995066905662,0.699232416999962,tm_tw_gated_offline_low_rank,context_noise_refinement
tm_tw,20263352,100,20,2,0.0,0.45,0.0,gated_offline_low_rank,1.0,1.0,deterministic,20.0,0.1,0.95,False,8297.317555380947,829731.7555380947,994747.5512856938,83.41128907185355,165015.7957475991,0.49,0.68,0.1622893903568594,0.0190096355956961,0.6956097500000169,tm_tw_gated_offline_low_rank,context_noise_refinement
tm_tw,20263353,100,20,2,0.0,0.45,0.0,gated_offline_low_rank,1.0,1.0,deterministic,20.0,0.1,0.95,False,5550.6766298987895,555067.6629898789,845269.5826514036,65.66753073602479,290201.9196615247,0.3,0.64,0.16373595854550857,0.019322496788169937,0.6970913339999925,tm_tw_gated_offline_low_rank,context_noise_refinement
tm_tw,20263354,100,20,2,0.0,0.45,0.0,gated_offline_low_rank,1.0,1.0,deterministic,20.0,0.1,0.95,False,5302.549685957572,530254.9685957573,806957.6314744183,65.71038526854393,276702.66287866107,0.46,0.79,0.15665056510577438,0.018299599133048388,0.7003390000000422,tm_tw_gated_offline_low_rank,context_noise_refinement
tm_tw_refined,20262393,100,20,2,0.0,0.45,0.0,dense,1.0,1.0,deterministic,20.0,0.1,0.95,False,8874.579249896486,887457.9249896486,996092.3786795016,89.09393787011328,108634.45368985296,0.51,0.74,0.2460415461117038,0.0278755642835528,0.5870865419999944,tm_tw_refined_dense,context_noise_refinement
tm_tw_refined,20262394,100,20,2,0.0,0.45,0.0,dense,1.0,1.0,deterministic,20.0,0.1,0.95,False,8863.05348334385,886305.348334385,966559.1307932546,91.69696090988192,80253.78245886962,0.7,0.83,0.2560557869163439,0.029565658109524,0.590130000000002,tm_tw_refined_dense,context_noise_refinement
tm_tw_refined,20262395,100,20,2,0.0,0.45,0.0,dense,1.0,1.0,deterministic,20.0,0.1,0.95,False,12019.026134139944,1201902.6134139944,1591211.966551256,75.53378422731205,389309.3531372615,0.49,0.75,0.2362041784344405,0.026448431224822,0.5880356659999961,tm_tw_refined_dense,context_noise_refinement
tm_tw_refined,20262396,100,20,2,0.0,0.45,0.0,dense,1.0,1.0,deterministic,20.0,0.1,0.95,False,8978.315394125766,897831.5394125766,948802.0092114223,94.62791295718178,50970.469798845705,0.65,0.89,0.23341570770017622,0.02634188481513731,0.5761755419999872,tm_tw_refined_dense,context_noise_refinement
tm_tw_refined,20262397,100,20,2,0.0,0.45,0.0,dense,1.0,1.0,deterministic,20.0,0.1,0.95,False,6814.822626795882,681482.2626795882,769941.5955922655,88.5109034998127,88459.33291267732,0.6,0.93,0.2368988533342381,0.026329921386269457,0.5731569170000057,tm_tw_refined_dense,context_noise_refinement
tm_tw_refined,20262398,100,20,2,0.0,0.45,0.0,dense,1.0,1.0,deterministic,20.0,0.1,0.95,False,4369.604486047406,436960.4486047406,504957.16297543,86.53416183463507,67996.71437068941,0.6,0.8,0.2341990584076776,0.02694407494550147,0.5708401250000179,tm_tw_refined_dense,context_noise_refinement
tm_tw_refined,20262399,100,20,2,0.0,0.45,0.0,dense,1.0,1.0,deterministic,20.0,0.1,0.95,False,6326.923914832733,632692.3914832734,1196016.096830497,52.89998965398042,563323.7053472237,0.4,0.67,0.24454924989384796,0.028215128428395186,0.5700889580000421,tm_tw_refined_dense,context_noise_refinement
tm_tw_refined,20262400,100,20,2,0.0,0.45,0.0,dense,1.0,1.0,deterministic,20.0,0.1,0.95,False,5097.297828519845,509729.7828519845,909915.4702365699,56.01946549160872,400185.6873845854,0.41,0.59,0.24395010215970744,0.02783485226138578,0.5692001659999733,tm_tw_refined_dense,context_noise_refinement
tm_tw_refined,20262401,100,20,2,0.0,0.45,0.0,dense,1.0,1.0,deterministic,20.0,0.1,0.95,False,8179.20298827474,817920.298827474,825600.0012538891,99.06980348658534,7679.702426415053,0.64,0.88,0.23069075515608942,0.027122372872016236,0.5737589999999955,tm_tw_refined_dense,context_noise_refinement
tm_tw_refined,20262402,100,20,2,0.0,0.45,0.0,dense,1.0,1.0,deterministic,20.0,0.1,0.95,False,7022.176027965275,702217.6027965276,726023.1669962029,96.7211012978874,23805.56419967534,0.61,0.79,0.2335407800206591,0.025895609858519988,0.5738299170000118,tm_tw_refined_dense,context_noise_refinement
tm_tw_refined,20263217,100,20,2,0.0,0.45,0.0,gated_offline,1.0,1.0,deterministic,20.0,0.1,0.95,False,9667.872606634906,966787.2606634906,1123594.2256255546,86.04416421998229,156806.96496206394,0.54,0.82,0.1568118341017237,0.0192213101550089,0.5864435840000084,tm_tw_refined_gated_offline,context_noise_refinement
tm_tw_refined,20263218,100,20,2,0.0,0.45,0.0,gated_offline,1.0,1.0,deterministic,20.0,0.1,0.95,False,6879.549863180311,687954.9863180311,925311.4088507164,74.3484820069933,237356.42253268533,0.62,0.86,0.1594840688604208,0.018881131629399,0.5886417079999973,tm_tw_refined_gated_offline,context_noise_refinement
tm_tw_refined,20263219,100,20,2,0.0,0.45,0.0,gated_offline,1.0,1.0,deterministic,20.0,0.1,0.95,False,12100.383046821771,1210038.304682177,1444399.0740045684,83.77451401484005,234360.76932239137,0.54,0.72,0.1565847330380152,0.0188313560564324,0.5901375840000043,tm_tw_refined_gated_offline,context_noise_refinement
tm_tw_refined,20263220,100,20,2,0.0,0.45,0.0,gated_offline,1.0,1.0,deterministic,20.0,0.1,0.95,False,9263.040010416227,926304.0010416227,971729.528320626,95.32529104497739,45425.52727900329,0.75,0.92,0.1626425030838456,0.019205808022321864,0.5755607499999655,tm_tw_refined_gated_offline,context_noise_refinement
tm_tw_refined,20263221,100,20,2,0.0,0.45,0.0,gated_offline,1.0,1.0,deterministic,20.0,0.1,0.95,False,7969.762400395781,796976.240039578,839877.5034357753,94.89196183720883,42901.26339619723,0.7,0.95,0.1603833545651293,0.018621923173227407,0.5738729579999813,tm_tw_refined_gated_offline,context_noise_refinement
tm_tw_refined,20263222,100,20,2,0.0,0.45,0.0,gated_offline,1.0,1.0,deterministic,20.0,0.1,0.95,False,4830.633707276881,483063.3707276881,518283.34276143834,93.20449469857616,35219.972033750266,0.7,0.92,0.16150516426448144,0.018928763609339497,0.5762164170000119,tm_tw_refined_gated_offline,context_noise_refinement
tm_tw_refined,20263223,100,20,2,0.0,0.45,0.0,gated_offline,1.0,1.0,deterministic,20.0,0.1,0.95,False,9060.0716931196,906007.1693119601,1175944.7435464843,77.04504606054614,269937.57423452416,0.48,0.69,0.16216568297333955,0.018789752592248583,0.5772121670000274,tm_tw_refined_gated_offline,context_noise_refinement
tm_tw_refined,20263224,100,20,2,0.0,0.45,0.0,gated_offline,1.0,1.0,deterministic,20.0,0.1,0.95,False,5987.710101730296,598771.0101730296,896452.3706451388,66.79339915651285,297681.36047210917,0.38,0.6,0.15913214354587676,0.019366297056541335,0.5706741250000391,tm_tw_refined_gated_offline,context_noise_refinement
tm_tw_refined,20263225,100,20,2,0.0,0.45,0.0,gated_offline,1.0,1.0,deterministic,20.0,0.1,0.95,False,7887.61306588883,788761.3065888829,856651.727312592,92.07490995941974,67890.42072370904,0.62,0.81,0.1609044405784466,0.018651411303699763,0.5744353750000073,tm_tw_refined_gated_offline,context_noise_refinement
tm_tw_refined,20263226,100,20,2,0.0,0.45,0.0,gated_offline,1.0,1.0,deterministic,20.0,0.1,0.95,False,6644.847823734419,664484.7823734418,709086.4021939276,93.70998799547031,44601.61982048571,0.59,0.81,0.15791670486764922,0.018890096993326555,0.5710040000000163,tm_tw_refined_gated_offline,context_noise_refinement
tm_tw_refined,20263217,100,20,2,0.0,0.45,0.0,gated_offline,2.0,0.25,beta,20.0,0.1,0.95,False,9447.409067782271,944740.9067782272,998258.9168512071,94.63886481056524,53518.01007298019,0.51,0.84,0.1660039504377648,0.01977160280746,0.6313500419999798,tm_tw_refined_gated_offline_best_beta,context_noise_refinement
tm_tw_refined,20263218,100,20,2,0.0,0.45,0.0,gated_offline,2.0,0.25,beta,20.0,0.1,0.95,False,7142.600917094181,714260.0917094181,896618.3337340179,79.66155328709837,182358.2420245998,0.53,0.76,0.1642188179515063,0.0199364563186706,0.6228711669999996,tm_tw_refined_gated_offline_best_beta,context_noise_refinement
tm_tw_refined,20263219,100,20,2,0.0,0.45,0.0,gated_offline,2.0,0.25,beta,20.0,0.1,0.95,False,11551.77126228215,1155177.126228215,1254690.8705357823,92.06866435036125,99513.74430756737,0.6,0.82,0.1603652986129206,0.0194111324563881,0.6203075409999883,tm_tw_refined_gated_offline_best_beta,context_noise_refinement
tm_tw_refined,20263220,100,20,2,0.0,0.45,0.0,gated_offline,2.0,0.25,beta,20.0,0.1,0.95,False,9247.777676505924,924777.7676505925,970171.8438369212,95.32102725154338,45394.07618632866,0.69,0.87,0.15594413562079104,0.019018519653551027,0.5758951669999988,tm_tw_refined_gated_offline_best_beta,context_noise_refinement
tm_tw_refined,20263221,100,20,2,0.0,0.45,0.0,gated_offline,2.0,0.25,beta,20.0,0.1,0.95,False,8716.003193643417,871600.3193643417,884100.4121028215,98.58612295986283,12500.092738479842,0.68,0.9,0.1638328676487667,0.01942715950572974,0.5730429579999736,tm_tw_refined_gated_offline_best_beta,context_noise_refinement
tm_tw_refined,20263222,100,20,2,0.0,0.45,0.0,gated_offline,2.0,0.25,beta,20.0,0.1,0.95,False,4019.1889986873734,401918.8998687373,468675.6939576383,85.75629268819414,66756.79408890096,0.53,0.81,0.15514985483219504,0.018806919705810488,0.5770499999999856,tm_tw_refined_gated_offline_best_beta,context_noise_refinement
tm_tw_refined,20263223,100,20,2,0.0,0.45,0.0,gated_offline,2.0,0.25,beta,20.0,0.1,0.95,False,8332.480961341043,833248.0961341043,1166808.9188619114,71.4125580173695,333560.8227278071,0.43,0.65,0.1677158005289744,0.01980891791704755,0.5781949590000295,tm_tw_refined_gated_offline_best_beta,context_noise_refinement
tm_tw_refined,20263224,100,20,2,0.0,0.45,0.0,gated_offline,2.0,0.25,beta,20.0,0.1,0.95,False,5130.4332101428845,513043.3210142884,819886.8350719952,62.5748943717626,306843.51405770675,0.26,0.54,0.16280690614788118,0.019384981602177866,0.5818274579999638,tm_tw_refined_gated_offline_best_beta,context_noise_refinement
tm_tw_refined,20263225,100,20,2,0.0,0.45,0.0,gated_offline,2.0,0.25,beta,20.0,0.1,0.95,False,8911.882690601491,891188.2690601491,920163.3062895201,96.85109838315435,28975.037229371024,0.7,0.88,0.16019248499364036,0.01881924567435936,0.5815307920000237,tm_tw_refined_gated_offline_best_beta,context_noise_refinement
tm_tw_refined,20263226,100,20,2,0.0,0.45,0.0,gated_offline,2.0,0.25,beta,20.0,0.1,0.95,False,6325.794216322928,632579.4216322928,692415.8441817772,91.35831118651066,59836.422549484414,0.56,0.79,0.1578824986092339,0.01917973894404768,0.5873762080000233,tm_tw_refined_gated_offline_best_beta,context_noise_refinement
tm_tw_refined,20264173,100,20,2,0.0,0.45,0.0,gated_offline_low_rank,1.0,1.0,deterministic,20.0,0.1,0.95,False,8620.4544327515,862045.44327515,957234.205121604,90.05585452994114,95188.76184645388,0.42,0.77,0.1618836311373241,0.0189892046921621,0.7205960830000038,tm_tw_refined_gated_offline_low_rank,context_noise_refinement
tm_tw_refined,20264174,100,20,2,0.0,0.45,0.0,gated_offline_low_rank,1.0,1.0,deterministic,20.0,0.1,0.95,False,8493.872366905249,849387.236690525,907098.5329486256,93.63781395715596,57711.29625810054,0.62,0.86,0.1590611772894773,0.0192938134469185,0.7139619160000024,tm_tw_refined_gated_offline_low_rank,context_noise_refinement
tm_tw_refined,20264175,100,20,2,0.0,0.45,0.0,gated_offline_low_rank,1.0,1.0,deterministic,20.0,0.1,0.95,False,9805.366984374848,980536.6984374848,1216694.0221583385,80.5902454175023,236157.3237208537,0.44,0.79,0.1609905827165835,0.0195763546938559,0.7137104170000015,tm_tw_refined_gated_offline_low_rank,context_noise_refinement
tm_tw_refined,20264176,100,20,2,0.0,0.45,0.0,gated_offline_low_rank,1.0,1.0,deterministic,20.0,0.1,0.95,False,9607.935579193972,960793.5579193973,1017477.4041777627,94.42898230215025,56683.84625836543,0.71,0.83,0.15881869277198157,0.018921762771843712,0.7074289590000262,tm_tw_refined_gated_offline_low_rank,context_noise_refinement
tm_tw_refined,20264177,100,20,2,0.0,0.45,0.0,gated_offline_low_rank,1.0,1.0,deterministic,20.0,0.1,0.95,False,6783.297405875077,678329.7405875077,733796.6318661205,92.44110849384049,55466.89127861278,0.59,0.88,0.16068802455677855,0.018850505633440918,0.7018022499999574,tm_tw_refined_gated_offline_low_rank,context_noise_refinement
tm_tw_refined,20264178,100,20,2,0.0,0.45,0.0,gated_offline_low_rank,1.0,1.0,deterministic,20.0,0.1,0.95,False,4452.08115099432,445208.11509943195,510461.701380453,87.21675179459021,65253.58628102107,0.59,0.77,0.16071782191091183,0.01879402679183969,0.6983564159999673,tm_tw_refined_gated_offline_low_rank,context_noise_refinement
tm_tw_refined,20264179,100,20,2,0.0,0.45,0.0,gated_offline_low_rank,1.0,1.0,deterministic,20.0,0.1,0.95,False,9548.026592974536,954802.6592974536,1099241.3158374834,86.86015031831425,144438.6565400298,0.51,0.73,0.15862960548378674,0.01894356563495347,0.6999092919999725,tm_tw_refined_gated_offline_low_rank,context_noise_refinement
tm_tw_refined,20264180,100,20,2,0.0,0.45,0.0,gated_offline_low_rank,1.0,1.0,deterministic,20.0,0.1,0.95,False,4391.196941363073,439119.6941363073,984382.8728987956,44.60862802734411,545263.1787624883,0.33,0.48,0.1556287954859741,0.01885925007882827,0.699126041999989,tm_tw_refined_gated_offline_low_rank,context_noise_refinement
tm_tw_refined,20264181,100,20,2,0.0,0.45,0.0,gated_offline_low_rank,1.0,1.0,deterministic,20.0,0.1,0.95,False,8301.901519744664,830190.1519744664,904410.5878895794,91.79350209860938,74220.43591511296,0.68,0.84,0.15330750183584801,0.018937781716387728,0.698738207999952,tm_tw_refined_gated_offline_low_rank,context_noise_refinement
tm_tw_refined,20264182,100,20,2,0.0,0.45,0.0,gated_offline_low_rank,1.0,1.0,deterministic,20.0,0.1,0.95,False,6324.804094526256,632480.4094526257,699301.0462182544,90.44465368284695,66820.6367656287,0.57,0.81,0.16018771365276085,0.019042572219339738,0.7006276249999814,tm_tw_refined_gated_offline_low_rank,context_noise_refinement
tm_tw_refined,20264173,100,20,2,0.0,0.45,0.0,gated_offline_low_rank,2.0,0.5,beta,20.0,0.1,0.95,False,8309.444666537409,830944.466653741,917667.1023348134,90.54966278507482,86722.63568107248,0.5,0.84,0.161346052504049,0.0188058976931759,0.7638897090000114,tm_tw_refined_gated_offline_low_rank_best_beta,context_noise_refinement
tm_tw_refined,20264174,100,20,2,0.0,0.45,0.0,gated_offline_low_rank,2.0,0.5,beta,20.0,0.1,0.95,False,8603.889468588557,860388.9468588558,950374.7725537606,90.53154310345349,89985.82569490478,0.64,0.82,0.1621698681990671,0.01933388671059,0.7636090419999846,tm_tw_refined_gated_offline_low_rank_best_beta,context_noise_refinement
tm_tw_refined,20264175,100,20,2,0.0,0.45,0.0,gated_offline_low_rank,2.0,0.5,beta,20.0,0.1,0.95,False,11633.30344964731,1163330.344964731,1342339.2380872634,86.66440732391857,179008.8931225324,0.46,0.63,0.1607229189455234,0.0196133068642523,0.7648518340000123,tm_tw_refined_gated_offline_low_rank_best_beta,context_noise_refinement
tm_tw_refined,20264176,100,20,2,0.0,0.45,0.0,gated_offline_low_rank,2.0,0.5,beta,20.0,0.1,0.95,False,9073.542610937133,907354.2610937132,964371.1354174602,94.08766270269325,57016.874323747004,0.67,0.85,0.16756638719960326,0.019775687961255985,0.7085242499999822,tm_tw_refined_gated_offline_low_rank_best_beta,context_noise_refinement
tm_tw_refined,20264177,100,20,2,0.0,0.45,0.0,gated_offline_low_rank,2.0,0.5,beta,20.0,0.1,0.95,False,7245.041921948557,724504.1921948557,784553.5800029597,92.34604374530068,60049.387808104046,0.61,0.86,0.1610369223453266,0.01867496582807397,0.7090322079999964,tm_tw_refined_gated_offline_low_rank_best_beta,context_noise_refinement
tm_tw_refined,20264178,100,20,2,0.0,0.45,0.0,gated_offline_low_rank,2.0,0.5,beta,20.0,0.1,0.95,False,4384.3110456125,438431.10456124996,483362.7441998385,90.7043643355326,44931.63963858853,0.59,0.79,0.15908448842392514,0.01894302950110656,0.7106685420000076,tm_tw_refined_gated_offline_low_rank_best_beta,context_noise_refinement
tm_tw_refined,20264179,100,20,2,0.0,0.45,0.0,gated_offline_low_rank,2.0,0.5,beta,20.0,0.1,0.95,False,10795.129281406837,1079512.9281406836,1266612.1879819874,85.22837048178124,187099.2598413038,0.49,0.69,0.1626848573765329,0.01892454400831801,0.7117671249999944,tm_tw_refined_gated_offline_low_rank_best_beta,context_noise_refinement
tm_tw_refined,20264180,100,20,2,0.0,0.45,0.0,gated_offline_low_rank,2.0,0.5,beta,20.0,0.1,0.95,False,5356.531854049686,535653.1854049687,899059.5014820319,59.57928085093197,363406.3160770632,0.4,0.62,0.16046179582107958,0.018954653586694462,0.7069260829999848,tm_tw_refined_gated_offline_low_rank_best_beta,context_noise_refinement
tm_tw_refined,20264181,100,20,2,0.0,0.45,0.0,gated_offline_low_rank,2.0,0.5,beta,20.0,0.1,0.95,False,7698.489500764438,769848.9500764438,852494.9597146227,90.30539609690537,82646.00963817886,0.61,0.83,0.15731664683683622,0.019033510415770137,0.7053049169999781,tm_tw_refined_gated_offline_low_rank_best_beta,context_noise_refinement
tm_tw_refined,20264182,100,20,2,0.0,0.45,0.0,gated_offline_low_rank,2.0,0.5,beta,20.0,0.1,0.95,False,7923.203774069869,792320.3774069869,815058.368326032,97.21026225818105,22737.990919045056,0.74,0.93,0.15243973650272177,0.018624414974011953,0.7038497909999819,tm_tw_refined_gated_offline_low_rank_best_beta,context_noise_refinement
tm_tw_refined,20265065,100,20,2,0.0,0.45,0.0,support_gated_offline_low_rank,0.5,0.25,beta,20.0,0.1,0.95,True,8304.017672218652,830401.7672218651,922133.8415625596,90.05219522306501,91732.07434069437,0.53,0.82,0.0806296871743862,3.109562782976831e-07,0.768982041000001,tm_tw_refined_support_gated_offline_low_rank_best_beta,context_noise_refinement
tm_tw_refined,20265066,100,20,2,0.0,0.45,0.0,support_gated_offline_low_rank,0.5,0.25,beta,20.0,0.1,0.95,True,8431.991642814592,843199.1642814592,925101.7433609222,91.14664093249804,81902.57907946303,0.68,0.85,0.0747001039895869,3.246178439868533e-07,0.7664365830000008,tm_tw_refined_support_gated_offline_low_rank_best_beta,context_noise_refinement
tm_tw_refined,20265067,100,20,2,0.0,0.45,0.0,support_gated_offline_low_rank,0.5,0.25,beta,20.0,0.1,0.95,True,12866.160939225289,1286616.093922529,1376354.7853712798,93.4799738844557,89738.69144875114,0.63,0.82,0.0831659297596071,3.112421290925416e-07,0.7685895829999936,tm_tw_refined_support_gated_offline_low_rank_best_beta,context_noise_refinement
tm_tw_refined,20265068,100,20,2,0.0,0.45,0.0,support_gated_offline_low_rank,0.5,0.25,beta,20.0,0.1,0.95,True,9232.446256696732,923244.6256696732,984798.5001445388,93.74959705301832,61553.87447486562,0.76,0.87,0.08844057151064823,2.9817988890550655e-07,0.7050898749999988,tm_tw_refined_support_gated_offline_low_rank_best_beta,context_noise_refinement
tm_tw_refined,20265069,100,20,2,0.0,0.45,0.0,support_gated_offline_low_rank,0.5,0.25,beta,20.0,0.1,0.95,True,8887.22001462453,888722.001462453,921395.0210165591,96.45396178524402,32673.019554106053,0.69,0.95,0.0773559491700163,3.063891110356574e-07,0.7061331659999723,tm_tw_refined_support_gated_offline_low_rank_best_beta,context_noise_refinement
tm_tw_refined,20265070,100,20,2,0.0,0.45,0.0,support_gated_offline_low_rank,0.5,0.25,beta,20.0,0.1,0.95,True,4926.229390876503,492622.93908765033,523575.5737957047,94.08822025755315,30952.634708054364,0.68,0.86,0.08668434373072027,3.0398851941783774e-07,0.7037695000000213,tm_tw_refined_support_gated_offline_low_rank_best_beta,context_noise_refinement
tm_tw_refined,20265071,100,20,2,0.0,0.45,0.0,support_gated_offline_low_rank,0.5,0.25,beta,20.0,0.1,0.95,True,10938.391233993281,1093839.1233993282,1373210.7053811916,79.65559248212297,279371.58198186336,0.46,0.66,0.08644001062691399,3.037866277401168e-07,0.7068293750000407,tm_tw_refined_support_gated_offline_low_rank_best_beta,context_noise_refinement
tm_tw_refined,20265072,100,20,2,0.0,0.45,0.0,support_gated_offline_low_rank,0.5,0.25,beta,20.0,0.1,0.95,True,7391.002013889575,739100.2013889576,1019988.1855470927,72.461643366244,280887.98415813514,0.49,0.71,0.08917118659718105,3.0372355953879646e-07,0.7034737910000217,tm_tw_refined_support_gated_offline_low_rank_best_beta,context_noise_refinement
tm_tw_refined,20265073,100,20,2,0.0,0.45,0.0,support_gated_offline_low_rank,0.5,0.25,beta,20.0,0.1,0.95,True,7365.846980362132,736584.6980362132,816976.2002173548,90.15987220193763,80391.50218114164,0.48,0.78,0.07717593136639378,3.113119329381638e-07,0.7044906250000054,tm_tw_refined_support_gated_offline_low_rank_best_beta,context_noise_refinement
tm_tw_refined,20265074,100,20,2,0.0,0.45,0.0,support_gated_offline_low_rank,0.5,0.25,beta,20.0,0.1,0.95,True,7508.191230615516,750819.1230615516,745256.057270538,100.74646368006563,-5563.065791013651,0.68,0.87,0.08346269978539521,3.062631120576027e-07,0.7035592919999658,tm_tw_refined_support_gated_offline_low_rank_best_beta,context_noise_refinement
tm_tw_refined,20263497,100,20,2,0.0,0.45,0.0,support_offline,1.0,1.0,deterministic,20.0,0.1,0.95,True,7408.455501727027,740845.5501727026,1000389.2990078538,74.05572519692521,259543.7488351512,0.46,0.73,0.0923198007246186,3.0537448510915253e-07,0.5879936669999921,tm_tw_refined_support_offline,context_noise_refinement
tm_tw_refined,20263498,100,20,2,0.0,0.45,0.0,support_offline,1.0,1.0,deterministic,20.0,0.1,0.95,True,9026.626532510569,902662.6532510568,997084.5266944276,90.53020371739176,94421.87344337092,0.66,0.77,0.0797157790119905,3.111245469000445e-07,0.5831142499999942,tm_tw_refined_support_offline,context_noise_refinement
tm_tw_refined,20263499,100,20,2,0.0,0.45,0.0,support_offline,1.0,1.0,deterministic,20.0,0.1,0.95,True,9128.652789970369,912865.2789970367,1271176.5304239923,71.81262847045774,358311.25142695545,0.45,0.74,0.0872463086699694,3.062132104260013e-07,0.5800396249999977,tm_tw_refined_support_offline,context_noise_refinement
tm_tw_refined,20263500,100,20,2,0.0,0.45,0.0,support_offline,1.0,1.0,deterministic,20.0,0.1,0.95,True,9133.97390188925,913397.3901889251,962341.4227591101,94.91406777130527,48944.03257018502,0.74,0.89,0.0886302945823355,3.0707336830365665e-07,0.5695941669999911,tm_tw_refined_support_offline,context_noise_refinement
tm_tw_refined,20263501,100,20,2,0.0,0.45,0.0,support_offline,1.0,1.0,deterministic,20.0,0.1,0.95,True,7001.710716935562,700171.0716935563,779617.9361438056,89.80951299771087,79446.86445024936,0.63,0.85,0.08579867938041136,3.065698953809827e-07,0.5680942909999658,tm_tw_refined_support_offline,context_noise_refinement
tm_tw_refined,20263502,100,20,2,0.0,0.45,0.0,support_offline,1.0,1.0,deterministic,20.0,0.1,0.95,True,3947.801111634484,394780.1111634484,487650.94438889227,80.95546942048344,92870.83322544384,0.5,0.78,0.0920418674643086,2.985208654396425e-07,0.568456875000038,tm_tw_refined_support_offline,context_noise_refinement
tm_tw_refined,20263503,100,20,2,0.0,0.45,0.0,support_offline,1.0,1.0,deterministic,20.0,0.1,0.95,True,7442.044024980796,744204.4024980796,1146255.0087313156,64.92485501300196,402050.60623323603,0.4,0.55,0.07805306823218552,3.057991529999808e-07,0.5669630840000082,tm_tw_refined_support_offline,context_noise_refinement
tm_tw_refined,20263504,100,20,2,0.0,0.45,0.0,support_offline,1.0,1.0,deterministic,20.0,0.1,0.95,True,4597.925648207509,459792.56482075085,838623.3999689103,54.8270612098108,378830.8351481594,0.26,0.48,0.09001138987526036,3.0858679645078983e-07,0.5731380839999929,tm_tw_refined_support_offline,context_noise_refinement
tm_tw_refined,20263505,100,20,2,0.0,0.45,0.0,support_offline,1.0,1.0,deterministic,20.0,0.1,0.95,True,7912.092597461159,791209.2597461159,879141.6313327753,89.99792883731894,87932.37158665946,0.64,0.77,0.08355827653456067,3.0214112733374865e-07,0.5726534169999695,tm_tw_refined_support_offline,context_noise_refinement
tm_tw_refined,20263506,100,20,2,0.0,0.45,0.0,support_offline,1.0,1.0,deterministic,20.0,0.1,0.95,True,6195.0591853019005,619505.91853019,685860.6312795085,90.32533583017728,66354.71274931845,0.56,0.78,0.0798705457067565,3.114334501888611e-07,0.572517457999993,tm_tw_refined_support_offline,context_noise_refinement
tm_tw,20262669,100,20,2,0.0,0.45,0.0,support_offline,1.0,1.0,deterministic,20.0,0.1,0.95,True,2265.102830179004,226510.2830179004,911545.966036753,24.849024783986334,685035.6830188526,0.12,0.42,0.0902359104247862,2.980131127090387e-07,0.5881593339999966,tm_tw_support_offline,context_noise_refinement
tm_tw,20262670,100,20,2,0.0,0.45,0.0,support_offline,1.0,1.0,deterministic,20.0,0.1,0.95,True,7032.941652223818,703294.1652223818,991665.188331494,70.92052574777733,288371.02310911217,0.46,0.61,0.0939190251774483,3.0815792134130425e-07,0.5822045000000031,tm_tw_support_offline,context_noise_refinement
tm_tw,20262671,100,20,2,0.0,0.45,0.0,support_offline,1.0,1.0,deterministic,20.0,0.1,0.95,True,12913.069929151829,1291306.9929151826,1391364.7029524168,92.80866405300378,100057.71003723424,0.63,0.83,0.0893791814064693,3.170637470204928e-07,0.5827539579999979,tm_tw_support_offline,context_noise_refinement
tm_tw,20262672,100,20,2,0.0,0.45,0.0,support_offline,1.0,1.0,deterministic,20.0,0.1,0.95,True,5208.699507056157,520869.95070561575,991056.420240715,52.55704317813743,470186.4695350993,0.31,0.67,0.08830897406494104,3.088212946444547e-07,0.5712105840000277,tm_tw_support_offline,context_noise_refinement
tm_tw,20262673,100,20,2,0.0,0.45,0.0,support_offline,1.0,1.0,deterministic,20.0,0.1,0.95,True,6822.0017871892105,682200.178718921,822253.8738707853,82.96709816731453,140053.69515186432,0.47,0.7,0.08842579199487147,3.2163102789724085e-07,0.5672359999999799,tm_tw_support_offline,context_noise_refinement
tm_tw,20262674,100,20,2,0.0,0.45,0.0,support_offline,1.0,1.0,deterministic,20.0,0.1,0.95,True,3311.058535493613,331105.8535493613,538396.5917048913,61.49850475480884,207290.73815553,0.37,0.67,0.08993941003699644,3.0469271238092125e-07,0.5686220000000048,tm_tw_support_offline,context_noise_refinement
tm_tw,20262675,100,20,2,0.0,0.45,0.0,support_offline,1.0,1.0,deterministic,20.0,0.1,0.95,True,8928.216590137015,892821.6590137016,1255852.6062309225,71.09286986259056,363030.9472172209,0.5,0.68,0.09048479601284401,2.955429778889367e-07,0.5729098749999935,tm_tw_support_offline,context_noise_refinement
tm_tw,20262676,100,20,2,0.0,0.45,0.0,support_offline,1.0,1.0,deterministic,20.0,0.1,0.95,True,8290.970634058705,829097.0634058705,1177260.7143270245,70.42595181474478,348163.65092115407,0.44,0.72,0.08594649268193638,3.1769688633179967e-07,0.5758713750000197,tm_tw_support_offline,context_noise_refinement
tm_tw,20262677,100,20,2,0.0,0.45,0.0,support_offline,1.0,1.0,deterministic,20.0,0.1,0.95,True,5893.319574156332,589331.9574156333,865105.931639677,68.1225195507149,275773.9742240438,0.42,0.64,0.09122508891009447,3.096233993715124e-07,0.5754903750000153,tm_tw_support_offline,context_noise_refinement
tm_tw,20262678,100,20,2,0.0,0.45,0.0,support_offline,1.0,1.0,deterministic,20.0,0.1,0.95,True,5059.112097102628,505911.2097102628,763377.6665942173,66.27272867011789,257466.45688395452,0.4,0.69,0.08291588922436981,2.9832198970746325e-07,0.581331041999988,tm_tw_support_offline,context_noise_refinement
tw,20261245,100,20,2,0.0,0.45,0.0,dense,1.0,1.0,deterministic,20.0,0.1,0.95,False,6499.183784729091,649918.3784729091,911996.464045145,71.2632563935837,262078.08557223587,0.35,0.67,0.2365721887486101,0.025354987618183,0.5821390830000013,tw_dense,context_noise_refinement
tw,20261246,100,20,2,0.0,0.45,0.0,dense,1.0,1.0,deterministic,20.0,0.1,0.95,False,6815.412777574013,681541.2777574012,1025854.2875107096,66.43646042667498,344313.00975330826,0.4,0.61,0.2302390025778468,0.0243966951973371,0.5795493749999991,tw_dense,context_noise_refinement
tw,20261247,100,20,2,0.0,0.45,0.0,dense,1.0,1.0,deterministic,20.0,0.1,0.95,False,5748.354942905334,574835.4942905334,1300102.8854820132,44.21461568231295,725267.3911914799,0.34,0.64,0.2400861873860249,0.0244682640231855,0.5765059579999985,tw_dense,context_noise_refinement
tw,20261248,100,20,2,0.0,0.45,0.0,dense,1.0,1.0,deterministic,20.0,0.1,0.95,False,4731.218392238662,473121.83922386623,959887.8963111632,49.28928065892563,486766.05708729697,0.37,0.64,0.23033308864107405,0.024381376944501053,0.5777583330000198,tw_dense,context_noise_refinement
tw,20261249,100,20,2,0.0,0.45,0.0,dense,1.0,1.0,deterministic,20.0,0.1,0.95,False,4184.320699962543,418432.0699962543,835086.6342468426,50.10642642767652,416654.5642505883,0.29,0.66,0.23320218326348868,0.024055287437241786,0.5756821250000144,tw_dense,context_noise_refinement
tw,20261250,100,20,2,0.0,0.45,0.0,dense,1.0,1.0,deterministic,20.0,0.1,0.95,False,2177.589335459804,217758.9335459804,523465.9939299137,41.599442193208816,305707.06038393325,0.25,0.45,0.2274201205014807,0.023363952856463553,0.5649480420000259,tw_dense,context_noise_refinement
tw,20261251,100,20,2,0.0,0.45,0.0,dense,1.0,1.0,deterministic,20.0,0.1,0.95,False,7744.482733098178,774448.2733098178,1242089.312490436,62.350449804371934,467641.03918061825,0.35,0.58,0.23187477582759625,0.025670895319611437,0.5666690830000221,tw_dense,context_noise_refinement
tw,20261252,100,20,2,0.0,0.45,0.0,dense,1.0,1.0,deterministic,20.0,0.1,0.95,False,3848.597340690405,384859.7340690405,873752.1466094418,44.046785528650474,488892.41254040133,0.24,0.44,0.23807286700355632,0.024842622783778273,0.566818000000012,tw_dense,context_noise_refinement
tw,20261253,100,20,2,0.0,0.45,0.0,dense,1.0,1.0,deterministic,20.0,0.1,0.95,False,5041.048300791841,504104.83007918415,820305.6953362927,61.45328905372542,316200.8652571086,0.29,0.61,0.2266832650543565,0.025144169944811886,0.5715215000000171,tw_dense,context_noise_refinement
tw,20261254,100,20,2,0.0,0.45,0.0,dense,1.0,1.0,deterministic,20.0,0.1,0.95,False,5510.805126116179,551080.5126116179,786511.7232887417,70.06640794968888,235431.21067712374,0.43,0.66,0.2387282822263452,0.024818084554532487,0.573003166000035,tw_dense,context_noise_refinement
tw,20262069,100,20,2,0.0,0.45,0.0,gated_offline,1.0,1.0,deterministic,20.0,0.1,0.95,False,6849.0508955015775,684905.0895501578,969734.1969207426,70.62812590552953,284829.10737058485,0.42,0.74,0.1584474401981611,0.0186143382165598,0.5772462500000017,tw_gated_offline,context_noise_refinement
tw,20262070,100,20,2,0.0,0.45,0.0,gated_offline,1.0,1.0,deterministic,20.0,0.1,0.95,False,4900.897185048241,490089.71850482415,870662.0963200126,56.289313681652594,380572.3778151884,0.36,0.55,0.1700101919337004,0.018864659663769,0.5729970830000042,tw_gated_offline,context_noise_refinement
tw,20262071,100,20,2,0.0,0.45,0.0,gated_offline,1.0,1.0,deterministic,20.0,0.1,0.95,False,10208.655518385038,1020865.5518385038,1433614.5635305806,71.20920628236402,412749.0116920768,0.51,0.7,0.152099379818584,0.0182946052910583,0.5778860839999993,tw_gated_offline,context_noise_refinement
tw,20262072,100,20,2,0.0,0.45,0.0,gated_offline,1.0,1.0,deterministic,20.0,0.1,0.95,False,6928.7350291476305,692873.502914763,850479.0582797619,81.46861420858701,157605.55536499887,0.58,0.74,0.16642537360157456,0.019405056082315006,0.5636943750000114,tw_gated_offline,context_noise_refinement
tw,20262073,100,20,2,0.0,0.45,0.0,gated_offline,1.0,1.0,deterministic,20.0,0.1,0.95,False,6982.756041489816,698275.6041489816,903774.0752227531,77.26218568250894,205498.47107377148,0.48,0.74,0.15854244549490226,0.019417794790760026,0.5626444589999551,tw_gated_offline,context_noise_refinement
tw,20262074,100,20,2,0.0,0.45,0.0,gated_offline,1.0,1.0,deterministic,20.0,0.1,0.95,False,3416.4556272249947,341645.5627224995,505379.48814132664,67.60178652659528,163733.92541882716,0.4,0.63,0.16516500909170637,0.01958113222061975,0.5633313750000184,tw_gated_offline,context_noise_refinement
tw,20262075,100,20,2,0.0,0.45,0.0,gated_offline,1.0,1.0,deterministic,20.0,0.1,0.95,False,8953.631620320328,895363.1620320329,1327855.9933222276,67.42923679486358,432492.83129019476,0.52,0.7,0.16294047427073907,0.018647069797281556,0.564809500000024,tw_gated_offline,context_noise_refinement
tw,20262076,100,20,2,0.0,0.45,0.0,gated_offline,1.0,1.0,deterministic,20.0,0.1,0.95,False,5927.406923596262,592740.6923596262,1022561.2243189192,57.96627901223453,429820.53195929306,0.42,0.65,0.161494980285505,0.019059342877191406,0.565707792000012,tw_gated_offline,context_noise_refinement
tw,20262077,100,20,2,0.0,0.45,0.0,gated_offline,1.0,1.0,deterministic,20.0,0.1,0.95,False,6259.166601470101,625916.6601470101,936718.6649156122,66.82013325776936,310802.0047686021,0.48,0.73,0.1552614965847773,0.018368685805724084,0.5667104999999992,tw_gated_offline,context_noise_refinement
tw,20262078,100,20,2,0.0,0.45,0.0,gated_offline,1.0,1.0,deterministic,20.0,0.1,0.95,False,4911.505310387414,491150.53103874146,846228.9360934363,58.0399121431734,355078.40505469486,0.5,0.81,0.15460113256795568,0.0183612584970394,0.5686831250000068,tw_gated_offline,context_noise_refinement
tw,20263025,100,20,2,0.0,0.45,0.0,gated_offline_low_rank,1.0,1.0,deterministic,20.0,0.1,0.95,False,2478.494465077155,247849.44650771547,976134.1313893956,25.390921036121863,728284.6848816801,0.19,0.36,0.1589090624273477,0.0185331473153721,0.7104947499999952,tw_gated_offline_low_rank,context_noise_refinement
tw,20263026,100,20,2,0.0,0.45,0.0,gated_offline_low_rank,1.0,1.0,deterministic,20.0,0.1,0.95,False,7446.926037273841,744692.6037273841,1008900.468503638,73.81229635385968,264207.86477625393,0.53,0.67,0.1564550846686639,0.018481839790384,0.7090594999999951,tw_gated_offline_low_rank,context_noise_refinement
tw,20263027,100,20,2,0.0,0.45,0.0,gated_offline_low_rank,1.0,1.0,deterministic,20.0,0.1,0.95,False,4243.146100100669,424314.6100100669,1175212.8367133013,36.1053416670244,750898.2267032342,0.59,0.82,0.1577236602219554,0.0186558060197794,0.709973957999992,tw_gated_offline_low_rank,context_noise_refinement
tw,20263028,100,20,2,0.0,0.45,0.0,gated_offline_low_rank,1.0,1.0,deterministic,20.0,0.1,0.95,False,6566.719837634324,656671.9837634324,960666.352456188,68.35588465074095,303994.3686927556,0.39,0.61,0.15652311638138772,0.018370401529076385,0.6887795420000202,tw_gated_offline_low_rank,context_noise_refinement
tw,20263029,100,20,2,0.0,0.45,0.0,gated_offline_low_rank,1.0,1.0,deterministic,20.0,0.1,0.95,False,3202.3749290476308,320237.4929047631,668090.1347956083,47.93327669817108,347852.64189084526,0.26,0.55,0.15709526697895432,0.019135748659302624,0.6933627090000414,tw_gated_offline_low_rank,context_noise_refinement
tw,20263030,100,20,2,0.0,0.45,0.0,gated_offline_low_rank,1.0,1.0,deterministic,20.0,0.1,0.95,False,3237.5768199797003,323757.68199797004,518553.4084853766,62.43478042958426,194795.7264874066,0.31,0.63,0.15865738688870593,0.018601087156401935,0.691396415999975,tw_gated_offline_low_rank,context_noise_refinement
tw,20263031,100,20,2,0.0,0.45,0.0,gated_offline_low_rank,1.0,1.0,deterministic,20.0,0.1,0.95,False,3826.7156394772614,382671.56394772616,1254896.4534285923,30.494274081515,872224.8894808661,0.17,0.52,0.15716302307129265,0.018340598086765015,0.6860379999999964,tw_gated_offline_low_rank,context_noise_refinement
tw,20263032,100,20,2,0.0,0.45,0.0,gated_offline_low_rank,1.0,1.0,deterministic,20.0,0.1,0.95,False,8653.653673143055,865365.3673143055,1089107.5749131402,79.45637210202318,223742.20759883465,0.52,0.72,0.15720095871734355,0.018407400793560135,0.6884112500000015,tw_gated_offline_low_rank,context_noise_refinement
tw,20263033,100,20,2,0.0,0.45,0.0,gated_offline_low_rank,1.0,1.0,deterministic,20.0,0.1,0.95,False,4764.30092458579,476430.092458579,868643.573557106,54.847593070606855,392213.481098527,0.33,0.52,0.1526416813755436,0.018756328543211125,0.6911783749999927,tw_gated_offline_low_rank,context_noise_refinement
tw,20263034,100,20,2,0.0,0.45,0.0,gated_offline_low_rank,1.0,1.0,deterministic,20.0,0.1,0.95,False,5542.470078641912,554247.0078641912,814449.553770863,68.05172957589009,260202.5459066718,0.55,0.67,0.15862952490466986,0.01869419523156295,0.6907888329999992,tw_gated_offline_low_rank,context_noise_refinement
tw,20262349,100,20,2,0.0,0.45,0.0,support_offline,1.0,1.0,deterministic,20.0,0.1,0.95,True,8845.287970605283,884528.7970605282,1128926.547713142,78.35131513669438,244397.7506526137,0.55,0.74,0.078391636869604,3.06382336615886e-07,0.5785379170000056,tw_support_offline,context_noise_refinement
tw,20262350,100,20,2,0.0,0.45,0.0,support_offline,1.0,1.0,deterministic,20.0,0.1,0.95,True,7062.253632908751,706225.3632908751,1058570.6869753576,66.7149933377397,352345.3236844825,0.47,0.63,0.0899293204638795,2.942500386104725e-07,0.5736831660000092,tw_support_offline,context_noise_refinement
tw,20262351,100,20,2,0.0,0.45,0.0,support_offline,1.0,1.0,deterministic,20.0,0.1,0.95,True,2831.263088243656,283126.30882436555,925169.3326597128,30.602647410547323,642043.0238353473,0.35,0.55,0.0967216847929242,2.984504939434692e-07,0.5708620000000053,tw_support_offline,context_noise_refinement
tw,20262352,100,20,2,0.0,0.45,0.0,support_offline,1.0,1.0,deterministic,20.0,0.1,0.95,True,7380.526452337609,738052.6452337609,1076495.7347812653,68.56066600056961,338443.0895475043,0.44,0.66,0.09010682896218726,3.043512273490367e-07,0.5602098330000445,tw_support_offline,context_noise_refinement
tw,20262353,100,20,2,0.0,0.45,0.0,support_offline,1.0,1.0,deterministic,20.0,0.1,0.95,True,6970.365844824525,697036.5844824525,831480.1357453577,83.83081621758924,134443.55126290524,0.54,0.74,0.0847828722792402,3.0919665064265365e-07,0.5601694999999722,tw_support_offline,context_noise_refinement
tw,20262354,100,20,2,0.0,0.45,0.0,support_offline,1.0,1.0,deterministic,20.0,0.1,0.95,True,3516.9107113668397,351691.071136684,508768.0715563118,69.12601061243244,157077.00041962782,0.48,0.67,0.09422877175104176,3.0810384316396163e-07,0.5586644170000454,tw_support_offline,context_noise_refinement
tw,20262355,100,20,2,0.0,0.45,0.0,support_offline,1.0,1.0,deterministic,20.0,0.1,0.95,True,4353.23625050756,435323.625050756,1128343.9687083845,38.58075525932672,693020.3436576286,0.23,0.48,0.08803494450004824,3.1130733944361274e-07,0.5606063750000203,tw_support_offline,context_noise_refinement
tw,20262356,100,20,2,0.0,0.45,0.0,support_offline,1.0,1.0,deterministic,20.0,0.1,0.95,True,8808.72232781558,880872.2327815581,1038822.4086541487,84.7952667793118,157950.17587259063,0.53,0.72,0.09279019552235186,3.0021565600207316e-07,0.5590510829999857,tw_support_offline,context_noise_refinement
tw,20262357,100,20,2,0.0,0.45,0.0,support_offline,1.0,1.0,deterministic,20.0,0.1,0.95,True,3304.8859942375816,330488.59942375816,909869.9086506485,36.32262110018321,579381.3092268903,0.26,0.4,0.09110430049609716,2.965741056903991e-07,0.5603839580000454,tw_support_offline,context_noise_refinement
tw,20262358,100,20,2,0.0,0.45,0.0,support_offline,1.0,1.0,deterministic,20.0,0.1,0.95,True,4029.527354306681,402952.7354306681,781763.3032858078,51.54408421795044,378810.5678551397,0.37,0.51,0.09996171535513415,2.8907500475488775e-07,0.5597095420000073,tw_support_offline,context_noise_refinement
exp4,20261395,100,20,2,0.0,0.45,0.1,dense,1.0,1.0,deterministic,20.0,0.1,0.95,False,8866.444154296192,886644.4154296193,1089025.1563699297,81.41633921341997,202380.7409403104,0.6,0.82,0.2536310227388341,0.0315905509136607,0.5992411659999988,exp4_dense,context_noise_refinement
exp4,20261396,100,20,2,0.0,0.45,0.1,dense,1.0,1.0,deterministic,20.0,0.1,0.95,False,6392.1688827747685,639216.8882774769,807680.7136203003,79.14227460159212,168463.8253428234,0.51,0.75,0.2740682320496276,0.0350741992988783,0.5979095000000143,exp4_dense,context_noise_refinement
exp4,20261397,100,20,2,0.0,0.45,0.1,dense,1.0,1.0,deterministic,20.0,0.1,0.95,False,13056.344138138193,1305634.4138138192,1523813.5698862418,85.6820309003607,218179.15607242263,0.6,0.79,0.2541968669942365,0.0315530678704715,0.5975241249999783,exp4_dense,context_noise_refinement
exp4,20261398,100,20,2,0.0,0.45,0.1,dense,1.0,1.0,deterministic,20.0,0.1,0.95,False,7285.500901827569,728550.0901827569,1040521.8280165466,70.01776133534139,311971.73783378967,0.5,0.7,0.24882596290173634,0.029390632429862097,0.5781830000000241,exp4_dense,context_noise_refinement
exp4,20261399,100,20,2,0.0,0.45,0.1,dense,1.0,1.0,deterministic,20.0,0.1,0.95,False,4834.024616235833,483402.4616235832,832852.6621947464,58.04177420165932,349450.2005711632,0.43,0.64,0.24862109001194008,0.030273215649463867,0.5830667089999793,exp4_dense,context_noise_refinement
exp4,20261400,100,20,2,0.0,0.45,0.1,dense,1.0,1.0,deterministic,20.0,0.1,0.95,False,2372.8788862029296,237287.88862029294,493802.8779044632,48.053160327308056,256514.98928417027,0.28,0.52,0.2582248693103954,0.033844649881739755,0.5788572920000092,exp4_dense,context_noise_refinement
exp4,20261401,100,20,2,0.0,0.45,0.1,dense,1.0,1.0,deterministic,20.0,0.1,0.95,False,8994.174653336911,899417.4653336912,1230026.3408085234,73.12180524056781,330608.87547483214,0.39,0.54,0.2678620065716691,0.03299529686512568,0.5826115419999951,exp4_dense,context_noise_refinement
exp4,20261402,100,20,2,0.0,0.45,0.1,dense,1.0,1.0,deterministic,20.0,0.1,0.95,False,6399.556122064627,639955.6122064627,1024541.7703734974,62.46261799293614,384586.15816703474,0.4,0.58,0.2535997761252438,0.03185369282801522,0.5768259999999827,exp4_dense,context_noise_refinement
exp4,20261403,100,20,2,0.0,0.45,0.1,dense,1.0,1.0,deterministic,20.0,0.1,0.95,False,7239.981589923674,723998.1589923673,828452.3214586265,87.39165070086949,104454.16246625921,0.54,0.77,0.26706954936949223,0.03306111347837453,0.5799272079999582,exp4_dense,context_noise_refinement
exp4,20261404,100,20,2,0.0,0.45,0.1,dense,1.0,1.0,deterministic,20.0,0.1,0.95,False,5793.058596143479,579305.8596143479,710427.2023848088,81.54331051368752,131121.34277046088,0.44,0.68,0.2511617505449528,0.03154814962339926,0.5849872080000296,exp4_dense,context_noise_refinement
global_ucb_tw,20262374,100,20,2,0.0,0.45,0.1,dense,1.0,1.0,deterministic,20.0,0.1,0.95,False,5666.096966035988,566609.6966035988,1024766.0831477786,55.29161297602094,458156.3865441799,0.29,0.58,0.2521739472260754,0.029694517520837,0.585037916999994,global_ucb_tw_dense,context_noise_refinement
global_ucb_tw,20262375,100,20,2,0.0,0.45,0.1,dense,1.0,1.0,deterministic,20.0,0.1,0.95,False,4490.467805707249,449046.78057072486,1039397.6365777254,43.20259780936546,590350.8560070005,0.31,0.56,0.2474269025012322,0.0293852983678233,0.588649208999982,global_ucb_tw_dense,context_noise_refinement
global_ucb_tw,20262376,100,20,2,0.0,0.45,0.1,dense,1.0,1.0,deterministic,20.0,0.1,0.95,False,10174.048810541452,1017404.8810541452,1383833.1422294655,73.52077718091249,366428.2611753204,0.41,0.6,0.2513837399827865,0.0299421412713138,0.5933876670000018,global_ucb_tw_dense,context_noise_refinement
global_ucb_tw,20262377,100,20,2,0.0,0.45,0.1,dense,1.0,1.0,deterministic,20.0,0.1,0.95,False,6118.662923478085,611866.2923478085,890440.594812901,68.71500422511325,278574.3024650925,0.39,0.66,0.24167648997004934,0.0291437555153675,0.5721315419999655,global_ucb_tw_dense,context_noise_refinement
global_ucb_tw,20262378,100,20,2,0.0,0.45,0.1,dense,1.0,1.0,deterministic,20.0,0.1,0.95,False,6044.533513880094,604453.3513880094,817512.2398924858,73.93814084881511,213058.8885044764,0.41,0.65,0.25452635947815083,0.030253238004664538,0.575186666000036,global_ucb_tw_dense,context_noise_refinement
global_ucb_tw,20262379,100,20,2,0.0,0.45,0.1,dense,1.0,1.0,deterministic,20.0,0.1,0.95,False,3399.7791366545844,339977.91366545844,503664.0645107938,67.50092722927873,163686.15084533533,0.46,0.67,0.23706480358589474,0.028790458075764778,0.5749504579999893,global_ucb_tw_dense,context_noise_refinement
global_ucb_tw,20262380,100,20,2,0.0,0.45,0.1,dense,1.0,1.0,deterministic,20.0,0.1,0.95,False,5580.342564105623,558034.2564105623,1224766.2261596296,45.562511807688516,666731.9697490673,0.28,0.5,0.23556181903440354,0.027799538074859045,0.5728308750000224,global_ucb_tw_dense,context_noise_refinement
global_ucb_tw,20262381,100,20,2,0.0,0.45,0.1,dense,1.0,1.0,deterministic,20.0,0.1,0.95,False,6457.222086808287,645722.2086808287,953875.6466117916,67.69459006260014,308153.4379309629,0.29,0.52,0.2594672486450636,0.030637360816390773,0.5729615000000194,global_ucb_tw_dense,context_noise_refinement
global_ucb_tw,20262382,100,20,2,0.0,0.45,0.1,dense,1.0,1.0,deterministic,20.0,0.1,0.95,False,4244.436152104234,424443.61521042336,784139.4194678651,54.12859048693924,359695.8042574418,0.32,0.51,0.2585824935044754,0.030608018309159536,0.5762991249999914,global_ucb_tw_dense,context_noise_refinement
global_ucb_tw,20262383,100,20,2,0.0,0.45,0.1,dense,1.0,1.0,deterministic,20.0,0.1,0.95,False,3582.8094690236244,358280.94690236246,781819.7815441308,45.82653897484415,423538.8346417683,0.33,0.48,0.25367183294675727,0.029520231868306046,0.5739235830000098,global_ucb_tw_dense,context_noise_refinement
local_ucb_tw,20262272,100,20,2,0.0,0.45,0.1,dense,1.0,1.0,deterministic,20.0,0.1,0.95,False,6385.936722345679,638593.6722345679,891338.6519518938,71.64433751819766,252744.97971732588,0.41,0.72,0.2593452305372694,0.0306865897614827,0.5878396249999867,local_ucb_tw_dense,context_noise_refinement
local_ucb_tw,20262273,100,20,2,0.0,0.45,0.1,dense,1.0,1.0,deterministic,20.0,0.1,0.95,False,7654.459428947746,765445.9428947746,1054007.2186775515,72.62245735424557,288561.2757827769,0.51,0.66,0.251639924839487,0.0301972738388572,0.5922062079999932,local_ucb_tw_dense,context_noise_refinement
local_ucb_tw,20262274,100,20,2,0.0,0.45,0.1,dense,1.0,1.0,deterministic,20.0,0.1,0.95,False,2946.4484120000484,294644.84120000486,826173.3889660615,35.66380194946083,531528.5477660566,0.19,0.47,0.2390818578172424,0.0284937442490937,0.5909705419999796,local_ucb_tw_dense,context_noise_refinement
local_ucb_tw,20262275,100,20,2,0.0,0.45,0.1,dense,1.0,1.0,deterministic,20.0,0.1,0.95,False,6786.132060510448,678613.2060510449,915859.2555952653,74.09579604127912,237246.04954422044,0.46,0.68,0.2664733375485154,0.031562365911153356,0.5744226669999648,local_ucb_tw_dense,context_noise_refinement
local_ucb_tw,20262276,100,20,2,0.0,0.45,0.1,dense,1.0,1.0,deterministic,20.0,0.1,0.95,False,5269.921706338658,526992.1706338658,880139.5335781397,59.875979947340795,353147.362944274,0.39,0.69,0.24376635544358427,0.029840418141060077,0.5741005410000071,local_ucb_tw_dense,context_noise_refinement
local_ucb_tw,20262277,100,20,2,0.0,0.45,0.1,dense,1.0,1.0,deterministic,20.0,0.1,0.95,False,2640.5008759701914,264050.08759701916,527535.5710954659,50.05351336758201,263485.48349844676,0.29,0.58,0.25765643834679564,0.031213210667918226,0.5746236249999583,local_ucb_tw_dense,context_noise_refinement
local_ucb_tw,20262278,100,20,2,0.0,0.45,0.1,dense,1.0,1.0,deterministic,20.0,0.1,0.95,False,8710.167225995443,871016.7225995442,1300550.8575554644,66.97290748296616,429534.13495592016,0.31,0.57,0.24582188952899248,0.029666476256347867,0.5774792079999997,local_ucb_tw_dense,context_noise_refinement
local_ucb_tw,20262279,100,20,2,0.0,0.45,0.1,dense,1.0,1.0,deterministic,20.0,0.1,0.95,False,7079.577817884972,707957.7817884972,1061398.1714923342,66.70049005201346,353440.389703837,0.4,0.6,0.25196909038679016,0.02995091411995834,0.5745011660000046,local_ucb_tw_dense,context_noise_refinement
local_ucb_tw,20262280,100,20,2,0.0,0.45,0.1,dense,1.0,1.0,deterministic,20.0,0.1,0.95,False,3915.0087555211353,391500.8755521135,787494.5704556451,49.71473966170849,395993.6949035316,0.25,0.48,0.2488158494997424,0.029726365883284568,0.5723275830000034,local_ucb_tw_dense,context_noise_refinement
local_ucb_tw,20262281,100,20,2,0.0,0.45,0.1,dense,1.0,1.0,deterministic,20.0,0.1,0.95,False,5473.667819487924,547366.7819487924,764025.4311170634,71.64248199807963,216658.649168271,0.45,0.7,0.24774588896906682,0.030339002414608688,0.5736802080000416,local_ucb_tw_dense,context_noise_refinement
oracle,20261640,100,20,2,0.0,0.45,0.1,dense,1.0,1.0,deterministic,20.0,0.1,0.95,False,10314.17689379548,1031417.689379548,1072705.099197453,96.15109410323544,41287.40981790493,0.93,0.98,0.2496273800331253,0.029849523356656,0.0218458749999967,oracle,context_noise_refinement
oracle,20261641,100,20,2,0.0,0.45,0.1,dense,1.0,1.0,deterministic,20.0,0.1,0.95,False,9196.737275062718,919673.7275062718,1005642.5282406948,91.45135589235474,85968.80073442287,0.92,0.99,0.2435259660994236,0.0302701881253949,0.021945125000002,oracle,context_noise_refinement
oracle,20261642,100,20,2,0.0,0.45,0.1,dense,1.0,1.0,deterministic,20.0,0.1,0.95,False,15724.414340035832,1572441.4340035832,1604419.382568521,98.00688343008272,31977.948564937804,0.88,0.95,0.2461613940813712,0.0313453909381156,0.022128374999994,oracle,context_noise_refinement
oracle,20261643,100,20,2,0.0,0.45,0.1,dense,1.0,1.0,deterministic,20.0,0.1,0.95,False,10306.739362261107,1030673.9362261107,1056505.9724683776,97.55495596660812,25832.036242266884,0.92,0.96,0.25345989799022994,0.030557927886030598,0.021674625000002834,oracle,context_noise_refinement
oracle,20261644,100,20,2,0.0,0.45,0.1,dense,1.0,1.0,deterministic,20.0,0.1,0.95,False,9338.646583145273,933864.6583145272,953493.9341932819,97.94133185594282,19629.275878754677,0.94,0.99,0.24819047080657758,0.031110964443703384,0.021549084000014318,oracle,context_noise_refinement
oracle,20261645,100,20,2,0.0,0.45,0.1,dense,1.0,1.0,deterministic,20.0,0.1,0.95,False,5066.207751584575,506620.77515845746,524189.7771380604,96.64835089392145,17569.001979602966,0.9,0.97,0.24050980603197572,0.028802182205177922,0.021510499999976673,oracle,context_noise_refinement
oracle,20261646,100,20,2,0.0,0.45,0.1,dense,1.0,1.0,deterministic,20.0,0.1,0.95,False,12622.721356751375,1262272.1356751376,1364211.7244175205,92.52758300505677,101939.58874238282,0.9,0.94,0.25287854937160265,0.03154336775128501,0.02156516700000566,oracle,context_noise_refinement
oracle,20261647,100,20,2,0.0,0.45,0.1,dense,1.0,1.0,deterministic,20.0,0.1,0.95,False,11522.946301495282,1152294.6301495282,1177637.5023534608,97.84799039150113,25342.87220393261,0.93,0.99,0.24621111734803514,0.030507121345923052,0.021540791999996145,oracle,context_noise_refinement
oracle,20261648,100,20,2,0.0,0.45,0.1,dense,1.0,1.0,deterministic,20.0,0.1,0.95,False,8610.753149331917,861075.3149331916,892536.4823049557,96.47508331642464,31461.16737176408,0.89,0.97,0.2508878039562424,0.030987693317935827,0.021584916999984216,oracle,context_noise_refinement
oracle,20261649,100,20,2,0.0,0.45,0.1,dense,1.0,1.0,deterministic,20.0,0.1,0.95,False,7217.793030142984,721779.3030142984,769890.2416555478,93.75093538816739,48110.93864124932,0.85,0.96,0.25392135840491914,0.030636840691405598,0.021557374999986223,oracle,context_noise_refinement
state_thompson,20262538,100,20,2,0.0,0.45,0.1,dense,1.0,1.0,deterministic,20.0,0.1,0.95,False,4766.259033504809,476625.9033504809,840527.7261884945,56.70555396331971,363901.8228380136,0.27,0.54,0.249835259354171,0.0302633718714317,0.0239644170000019,state_thompson,context_noise_refinement
state_thompson,20262539,100,20,2,0.0,0.45,0.1,dense,1.0,1.0,deterministic,20.0,0.1,0.95,False,7230.063525001476,723006.3525001475,999443.6323966532,72.3408833739215,276437.27989650564,0.49,0.65,0.2445012419098661,0.0300076961792368,0.0239654169999994,state_thompson,context_noise_refinement
state_thompson,20262540,100,20,2,0.0,0.45,0.1,dense,1.0,1.0,deterministic,20.0,0.1,0.95,False,7202.200227134858,720220.0227134859,1165453.5371118512,61.79740330946928,445233.5143983653,0.32,0.48,0.247148646570041,0.0304515467493356,0.0242742499999906,state_thompson,context_noise_refinement
state_thompson,20262541,100,20,2,0.0,0.45,0.1,dense,1.0,1.0,deterministic,20.0,0.1,0.95,False,6209.090543339681,620909.0543339681,917258.4615882821,67.69183172852183,296349.40725431405,0.43,0.63,0.24314515217922092,0.031027981053658657,0.023785625000016353,state_thompson,context_noise_refinement
state_thompson,20262542,100,20,2,0.0,0.45,0.1,dense,1.0,1.0,deterministic,20.0,0.1,0.95,False,6117.67640072174,611767.640072174,805721.4645095774,75.9279313037219,193953.82443740335,0.48,0.63,0.25641617351618845,0.03223426232984007,0.023782874999994874,state_thompson,context_noise_refinement
state_thompson,20262543,100,20,2,0.0,0.45,0.1,dense,1.0,1.0,deterministic,20.0,0.1,0.95,False,2736.428688997428,273642.8688997428,526239.8526454428,51.99964759873693,252596.98374570004,0.27,0.62,0.24502714045639698,0.030599761626865764,0.023827499999981683,state_thompson,context_noise_refinement
state_thompson,20262544,100,20,2,0.0,0.45,0.1,dense,1.0,1.0,deterministic,20.0,0.1,0.95,False,4003.104989840479,400310.4989840479,1123650.9558970814,35.625876245925035,723340.4569130335,0.26,0.46,0.24984751558529827,0.03131087881052218,0.023731999999995423,state_thompson,context_noise_refinement
state_thompson,20262545,100,20,2,0.0,0.45,0.1,dense,1.0,1.0,deterministic,20.0,0.1,0.95,False,6597.66847526944,659766.847526944,907101.5892002624,72.73351247335165,247334.74167331844,0.45,0.66,0.25364602623925325,0.02999298981253332,0.02390170799998259,state_thompson,context_noise_refinement
state_thompson,20262546,100,20,2,0.0,0.45,0.1,dense,1.0,1.0,deterministic,20.0,0.1,0.95,False,4804.032310688414,480403.2310688415,777032.1537417163,61.82539921359887,296628.9226728748,0.33,0.57,0.26112021963576043,0.03231060024141336,0.024474250000025677,state_thompson,context_noise_refinement
state_thompson,20262547,100,20,2,0.0,0.45,0.1,dense,1.0,1.0,deterministic,20.0,0.1,0.95,False,5545.978190102382,554597.8190102382,796830.5609249055,69.60047043960006,242232.7419146673,0.45,0.68,0.24997943011498133,0.030377527568326426,0.02440470900000946,state_thompson,context_noise_refinement
tm_tw,20261565,100,20,2,0.0,0.45,0.1,dense,1.0,1.0,deterministic,20.0,0.1,0.95,False,5754.925761206241,575492.5761206241,1155734.625726652,49.79452577695257,580242.049606028,0.44,0.64,0.2503188017552749,0.0303393420654476,0.5895547500000049,tm_tw_dense,context_noise_refinement
tm_tw,20261566,100,20,2,0.0,0.45,0.1,dense,1.0,1.0,deterministic,20.0,0.1,0.95,False,4571.721085097959,457172.1085097959,848948.2352034367,53.85158830093357,391776.1266936408,0.34,0.58,0.2520032175420751,0.0295234750191954,0.5919098749999989,tm_tw_dense,context_noise_refinement
tm_tw,20261567,100,20,2,0.0,0.45,0.1,dense,1.0,1.0,deterministic,20.0,0.1,0.95,False,6960.608797872821,696060.8797872821,1072150.2397280294,64.92195347210394,376089.35994074726,0.39,0.57,0.2522650878052122,0.0303422826974895,0.5911942499999725,tm_tw_dense,context_noise_refinement
tm_tw,20261568,100,20,2,0.0,0.45,0.1,dense,1.0,1.0,deterministic,20.0,0.1,0.95,False,5789.568923766405,578956.8923766405,965601.5556493031,59.95815654908822,386644.66327266267,0.41,0.61,0.2481632000001837,0.029359819923300667,0.5758339170000113,tm_tw_dense,context_noise_refinement
tm_tw,20261569,100,20,2,0.0,0.45,0.1,dense,1.0,1.0,deterministic,20.0,0.1,0.95,False,5352.301130653816,535230.1130653815,823585.7739112542,64.98778026768774,288355.6608458727,0.48,0.72,0.25877636375035273,0.030232278460167187,0.5740600419999851,tm_tw_dense,context_noise_refinement
tm_tw,20261570,100,20,2,0.0,0.45,0.1,dense,1.0,1.0,deterministic,20.0,0.1,0.95,False,1597.5486208176603,159754.86208176604,502154.57913024863,31.81388136666357,342399.7170484826,0.11,0.35,0.25257139240539905,0.02967820450274088,0.5823575830000323,tm_tw_dense,context_noise_refinement
tm_tw,20261571,100,20,2,0.0,0.45,0.1,dense,1.0,1.0,deterministic,20.0,0.1,0.95,False,6990.075508480297,699007.5508480297,1242192.5116370085,56.272078949087444,543184.9607889788,0.43,0.52,0.24895733951905707,0.029974846282264257,0.5781008339999971,tm_tw_dense,context_noise_refinement
tm_tw,20261572,100,20,2,0.0,0.45,0.1,dense,1.0,1.0,deterministic,20.0,0.1,0.95,False,4247.281081466278,424728.1081466278,922942.5590585825,46.018910275397616,498214.45091195474,0.27,0.51,0.25145084505274534,0.029785782730504553,0.5739237500000058,tm_tw_dense,context_noise_refinement
tm_tw,20261573,100,20,2,0.0,0.45,0.1,dense,1.0,1.0,deterministic,20.0,0.1,0.95,False,4415.909498872704,441590.9498872704,885863.3368462144,49.848654021441966,444272.386958944,0.33,0.53,0.24715515800932908,0.03022968579209663,0.5787186250000218,tm_tw_dense,context_noise_refinement
tm_tw,20261574,100,20,2,0.0,0.45,0.1,dense,1.0,1.0,deterministic,20.0,0.1,0.95,False,5372.73138596222,537273.138596222,775405.020948303,69.28935512168195,238131.882352081,0.43,0.72,0.2532659771025589,0.03027070737948056,0.576389416999973,tm_tw_dense,context_noise_refinement
tm_tw,20262389,100,20,2,0.0,0.45,0.1,gated_offline,1.0,1.0,deterministic,20.0,0.1,0.95,False,7137.016385965357,713701.6385965357,1023357.6893635,69.74117124584643,309656.0507669643,0.51,0.69,0.1720440343188261,0.0218841240455986,0.5990534590000038,tm_tw_gated_offline,context_noise_refinement
tm_tw,20262390,100,20,2,0.0,0.45,0.1,gated_offline,1.0,1.0,deterministic,20.0,0.1,0.95,False,6390.140107756385,639014.0107756385,944133.6927119656,67.68257670585936,305119.681936327,0.52,0.75,0.174762507776317,0.0217145673917373,0.5910334590000161,tm_tw_gated_offline,context_noise_refinement
tm_tw,20262391,100,20,2,0.0,0.45,0.1,gated_offline,1.0,1.0,deterministic,20.0,0.1,0.95,False,11641.367938594634,1164136.7938594634,1468031.4837376752,79.29917081175385,303894.6898782118,0.56,0.71,0.1739614607643297,0.0219889203529513,0.5902652080000053,tm_tw_gated_offline,context_noise_refinement
tm_tw,20262392,100,20,2,0.0,0.45,0.1,gated_offline,1.0,1.0,deterministic,20.0,0.1,0.95,False,8421.113210150637,842111.3210150637,1066232.4916770703,78.98008432387125,224121.1706620066,0.6,0.74,0.1657077626253457,0.021333741112165575,0.5751935829999866,tm_tw_gated_offline,context_noise_refinement
tm_tw,20262393,100,20,2,0.0,0.45,0.1,gated_offline,1.0,1.0,deterministic,20.0,0.1,0.95,False,7106.372486147607,710637.2486147607,880096.5464151242,80.74537407394473,169459.2978003635,0.63,0.8,0.17136152685227513,0.022489937196353296,0.5765405000000214,tm_tw_gated_offline,context_noise_refinement
tm_tw,20262394,100,20,2,0.0,0.45,0.1,gated_offline,1.0,1.0,deterministic,20.0,0.1,0.95,False,3260.51292684587,326051.292684587,509495.8584440878,63.99488578381996,183444.56575950078,0.45,0.68,0.17000440839180225,0.02207948843143338,0.578565957999956,tm_tw_gated_offline,context_noise_refinement
tm_tw,20262395,100,20,2,0.0,0.45,0.1,gated_offline,1.0,1.0,deterministic,20.0,0.1,0.95,False,7017.571038055607,701757.1038055606,1337291.623976361,52.47599635141104,635534.5201708004,0.26,0.6,0.17295441263325587,0.022336082763416955,0.5838067500000079,tm_tw_gated_offline,context_noise_refinement
tm_tw,20262396,100,20,2,0.0,0.45,0.1,gated_offline,1.0,1.0,deterministic,20.0,0.1,0.95,False,6824.16190937769,682416.190937769,1002798.1488462096,68.05120170225057,320381.9579084406,0.48,0.78,0.17413363796930814,0.022341588067720526,0.6077535000000012,tm_tw_gated_offline,context_noise_refinement
tm_tw,20262397,100,20,2,0.0,0.45,0.1,gated_offline,1.0,1.0,deterministic,20.0,0.1,0.95,False,6147.395925129943,614739.5925129943,926313.6716753572,66.36408500817643,311574.07916236285,0.48,0.66,0.1764105717729653,0.022951731750875518,0.5929170420000105,tm_tw_gated_offline,context_noise_refinement
tm_tw,20262398,100,20,2,0.0,0.45,0.1,gated_offline,1.0,1.0,deterministic,20.0,0.1,0.95,False,4536.346728731744,453634.6728731744,719878.8010194447,63.01542318384247,266244.1281462703,0.42,0.62,0.16888462078524363,0.021949249367047563,0.5947310420000349,tm_tw_gated_offline,context_noise_refinement
tm_tw,20263345,100,20,2,0.0,0.45,0.1,gated_offline_low_rank,1.0,1.0,deterministic,20.0,0.1,0.95,False,6366.347108607421,636634.7108607421,1030591.9687230176,61.77369222560324,393957.25786227547,0.34,0.65,0.180120183929601,0.022729865010544,0.7308807500000114,tm_tw_gated_offline_low_rank,context_noise_refinement
tm_tw,20263346,100,20,2,0.0,0.45,0.1,gated_offline_low_rank,1.0,1.0,deterministic,20.0,0.1,0.95,False,8176.109946540503,817610.9946540503,1013899.1258417168,80.64027020195799,196288.13118766632,0.59,0.81,0.1837578526349957,0.0234931747255872,0.7215701249999995,tm_tw_gated_offline_low_rank,context_noise_refinement
tm_tw,20263347,100,20,2,0.0,0.45,0.1,gated_offline_low_rank,1.0,1.0,deterministic,20.0,0.1,0.95,False,1737.0120073376572,173701.20073376573,1107363.644411736,15.686012594899744,933662.4436779702,0.05,0.41,0.1702895325592588,0.0212713238474152,0.7226444589999801,tm_tw_gated_offline_low_rank,context_noise_refinement
tm_tw,20263348,100,20,2,0.0,0.45,0.1,gated_offline_low_rank,1.0,1.0,deterministic,20.0,0.1,0.95,False,4468.90195488637,446890.19548863696,920872.3323170233,48.52900666091341,473982.13682838634,0.27,0.53,0.1764414318782062,0.021920578561565374,0.7235946669999862,tm_tw_gated_offline_low_rank,context_noise_refinement
tm_tw,20263349,100,20,2,0.0,0.45,0.1,gated_offline_low_rank,1.0,1.0,deterministic,20.0,0.1,0.95,False,3334.929267014288,333492.92670142883,793676.7089132513,42.01873671687643,460183.78221182246,0.28,0.57,0.1788378477836056,0.022068667395335154,0.7295166249999738,tm_tw_gated_offline_low_rank,context_noise_refinement
tm_tw,20263350,100,20,2,0.0,0.45,0.1,gated_offline_low_rank,1.0,1.0,deterministic,20.0,0.1,0.95,False,2988.471401700477,298847.1401700477,472166.5411722844,63.29273976679431,173319.4010022367,0.32,0.59,0.17114732232355725,0.021017324691679252,0.7271949579999841,tm_tw_gated_offline_low_rank,context_noise_refinement
tm_tw,20263351,100,20,2,0.0,0.45,0.1,gated_offline_low_rank,1.0,1.0,deterministic,20.0,0.1,0.95,False,8670.609888333236,867060.9888333236,1238588.0875253256,70.00398256418678,371527.098692002,0.48,0.63,0.1741002616909377,0.022097573893287165,0.7321977080000011,tm_tw_gated_offline_low_rank,context_noise_refinement
tm_tw,20263352,100,20,2,0.0,0.45,0.1,gated_offline_low_rank,1.0,1.0,deterministic,20.0,0.1,0.95,False,7543.71465474377,754371.4654743769,1127135.4351286509,66.9282006370666,372763.96965427394,0.4,0.59,0.17478587902953666,0.02212789929030084,0.724970666000047,tm_tw_gated_offline_low_rank,context_noise_refinement
tm_tw,20263353,100,20,2,0.0,0.45,0.1,gated_offline_low_rank,1.0,1.0,deterministic,20.0,0.1,0.95,False,5036.976982585757,503697.69825857563,880401.0973260179,57.21229787064353,376703.3990674423,0.33,0.61,0.17238627945976143,0.021895972306600477,0.723577750000004,tm_tw_gated_offline_low_rank,context_noise_refinement
tm_tw,20263354,100,20,2,0.0,0.45,0.1,gated_offline_low_rank,1.0,1.0,deterministic,20.0,0.1,0.95,False,4361.3273692122175,436132.7369212218,741569.8930862726,58.812087840583764,305437.15616505087,0.4,0.55,0.1733349244498311,0.021845235553207762,0.7046967499999823,tm_tw_gated_offline_low_rank,context_noise_refinement
tm_tw_refined,20262393,100,20,2,0.0,0.45,0.1,dense,1.0,1.0,deterministic,20.0,0.1,0.95,False,7268.916303525455,726891.6303525455,959284.5825568886,75.7743472135328,232392.95220434305,0.49,0.72,0.2525162067938216,0.0304696707239503,0.5952863330000042,tm_tw_refined_dense,context_noise_refinement
tm_tw_refined,20262394,100,20,2,0.0,0.45,0.1,dense,1.0,1.0,deterministic,20.0,0.1,0.95,False,7061.631462139717,706163.1462139717,922822.579729442,76.52209229871774,216659.4335154704,0.59,0.82,0.261509417875328,0.0322373449185146,0.5930540409999878,tm_tw_refined_dense,context_noise_refinement
tm_tw_refined,20262395,100,20,2,0.0,0.45,0.1,dense,1.0,1.0,deterministic,20.0,0.1,0.95,False,11929.397093468851,1192939.709346885,1363442.6445937762,87.49467490085067,170502.93524689088,0.54,0.7,0.2477632404333736,0.031582819740095,0.5904674999999884,tm_tw_refined_dense,context_noise_refinement
tm_tw_refined,20262396,100,20,2,0.0,0.45,0.1,dense,1.0,1.0,deterministic,20.0,0.1,0.95,False,8046.591097744315,804659.1097744316,1005820.0633928932,80.00030413592137,201160.95361846162,0.57,0.86,0.2464442258068262,0.030716738405040828,0.5765126249999639,tm_tw_refined_dense,context_noise_refinement
tm_tw_refined,20262397,100,20,2,0.0,0.45,0.1,dense,1.0,1.0,deterministic,20.0,0.1,0.95,False,8829.859628309989,882985.9628309989,937203.8804013026,94.21492818114581,54217.91757030366,0.62,0.91,0.2589811785661207,0.03260738936131233,0.5842141250000168,tm_tw_refined_dense,context_noise_refinement
tm_tw_refined,20262398,100,20,2,0.0,0.45,0.1,dense,1.0,1.0,deterministic,20.0,0.1,0.95,False,4030.4303929794805,403043.03929794807,471828.74400337855,85.4214679415678,68785.70470543049,0.51,0.76,0.2518704410901221,0.03037211373980275,0.5786176249999926,tm_tw_refined_dense,context_noise_refinement
tm_tw_refined,20262399,100,20,2,0.0,0.45,0.1,dense,1.0,1.0,deterministic,20.0,0.1,0.95,False,9327.548989780738,932754.8989780738,1271823.7464330373,73.33994994149799,339068.8474549635,0.48,0.64,0.2522470890555524,0.031084365151412226,0.5751651250000123,tm_tw_refined_dense,context_noise_refinement
tm_tw_refined,20262400,100,20,2,0.0,0.45,0.1,dense,1.0,1.0,deterministic,20.0,0.1,0.95,False,5506.558189406907,550655.8189406907,921127.5034910016,59.780629375819096,370471.68455031083,0.32,0.48,0.24767026248343743,0.030589679143174148,0.5819299999999998,tm_tw_refined_dense,context_noise_refinement
tm_tw_refined,20262401,100,20,2,0.0,0.45,0.1,dense,1.0,1.0,deterministic,20.0,0.1,0.95,False,6830.700199958038,683070.0199958038,864194.9845558227,79.04119234698948,181124.96456001885,0.49,0.82,0.2497509769477138,0.0314628463152001,0.5849890410000285,tm_tw_refined_dense,context_noise_refinement
tm_tw_refined,20262402,100,20,2,0.0,0.45,0.1,dense,1.0,1.0,deterministic,20.0,0.1,0.95,False,5539.127368629223,553912.7368629223,728290.5186483401,76.05656296211961,174377.7817854178,0.44,0.7,0.2677211888473349,0.033409584946674814,0.5792045840000242,tm_tw_refined_dense,context_noise_refinement
tm_tw_refined,20263217,100,20,2,0.0,0.45,0.1,gated_offline,1.0,1.0,deterministic,20.0,0.1,0.95,False,8281.512025952037,828151.2025952036,942754.1770916918,87.84381153844075,114602.97449648812,0.47,0.76,0.1747752744306599,0.0222617414029113,0.5905080419999962,tm_tw_refined_gated_offline,context_noise_refinement
tm_tw_refined,20263218,100,20,2,0.0,0.45,0.1,gated_offline,1.0,1.0,deterministic,20.0,0.1,0.95,False,9315.207062076764,931520.7062076764,986062.7781923,94.46870187265228,54542.07198462344,0.7,0.82,0.171706228157507,0.0229207619779976,0.5889995830000032,tm_tw_refined_gated_offline,context_noise_refinement
tm_tw_refined,20263219,100,20,2,0.0,0.45,0.1,gated_offline,1.0,1.0,deterministic,20.0,0.1,0.95,False,11206.794895895157,1120679.4895895156,1386711.0543818476,80.8156454834839,266031.564792332,0.47,0.71,0.1737643620995585,0.0220562964850776,0.5901115409999989,tm_tw_refined_gated_offline,context_noise_refinement
tm_tw_refined,20263220,100,20,2,0.0,0.45,0.1,gated_offline,1.0,1.0,deterministic,20.0,0.1,0.95,False,8140.782893466355,814078.2893466355,954779.9438112747,85.26344678932104,140701.65446463926,0.57,0.84,0.1766260627285682,0.02195913663057323,0.582362250000017,tm_tw_refined_gated_offline,context_noise_refinement
tm_tw_refined,20263221,100,20,2,0.0,0.45,0.1,gated_offline,1.0,1.0,deterministic,20.0,0.1,0.95,False,5998.932981598086,599893.2981598086,799484.272663623,75.03503429293964,199590.97450381436,0.43,0.81,0.17010160492802157,0.02173021298904181,0.5745462500000258,tm_tw_refined_gated_offline,context_noise_refinement
tm_tw_refined,20263222,100,20,2,0.0,0.45,0.1,gated_offline,1.0,1.0,deterministic,20.0,0.1,0.95,False,3923.233433456646,392323.34334566456,491142.3925161238,79.87975571316315,98819.04917045921,0.54,0.75,0.17380843428160764,0.02271372296162379,0.5757251250000195,tm_tw_refined_gated_offline,context_noise_refinement
tm_tw_refined,20263223,100,20,2,0.0,0.45,0.1,gated_offline,1.0,1.0,deterministic,20.0,0.1,0.95,False,10233.223036281612,1023322.3036281612,1277740.5994417456,80.08842358732738,254418.29581358435,0.48,0.74,0.17682309322284034,0.022412851065579182,0.579432541000017,tm_tw_refined_gated_offline,context_noise_refinement
tm_tw_refined,20263224,100,20,2,0.0,0.45,0.1,gated_offline,1.0,1.0,deterministic,20.0,0.1,0.95,False,6142.156996385962,614215.6996385962,892078.5326967401,68.85220046511279,277862.83305814397,0.33,0.54,0.1738373681838049,0.0223713869120752,0.590863000000013,tm_tw_refined_gated_offline,context_noise_refinement
tm_tw_refined,20263225,100,20,2,0.0,0.45,0.1,gated_offline,1.0,1.0,deterministic,20.0,0.1,0.95,False,8470.39235707023,847039.2357070231,891329.0112569395,95.03104072788345,44289.775549916434,0.72,0.93,0.1694998869426642,0.021710466879427705,0.5816833750000114,tm_tw_refined_gated_offline,context_noise_refinement
tm_tw_refined,20263226,100,20,2,0.0,0.45,0.1,gated_offline,1.0,1.0,deterministic,20.0,0.1,0.95,False,6109.01293313485,610901.293313485,739021.4280647429,82.66354264087268,128120.13475125795,0.57,0.82,0.17385496037738105,0.022740196889460197,0.5773756670000125,tm_tw_refined_gated_offline,context_noise_refinement
tm_tw_refined,20263217,100,20,2,0.0,0.45,0.1,gated_offline,0.5,0.5,beta,20.0,0.1,0.95,False,7196.219984093321,719621.9984093321,980215.5949155512,73.41466531873837,260593.59650621912,0.44,0.73,0.174543562451462,0.0223169651893492,0.6344038330000217,tm_tw_refined_gated_offline_best_beta,context_noise_refinement
tm_tw_refined,20263218,100,20,2,0.0,0.45,0.1,gated_offline,0.5,0.5,beta,20.0,0.1,0.95,False,9499.1346628164,949913.46628164,1044939.7938152186,90.90604759278769,95026.3275335785,0.72,0.86,0.1801715439058408,0.0231471367769716,0.6261145840000211,tm_tw_refined_gated_offline_best_beta,context_noise_refinement
tm_tw_refined,20263219,100,20,2,0.0,0.45,0.1,gated_offline,0.5,0.5,beta,20.0,0.1,0.95,False,13230.336323167185,1323033.6323167183,1463866.8029990448,90.37937260454302,140833.17068232642,0.57,0.82,0.1752823206049205,0.0227020811943503,0.6886726250000095,tm_tw_refined_gated_offline_best_beta,context_noise_refinement
tm_tw_refined,20263220,100,20,2,0.0,0.45,0.1,gated_offline,0.5,0.5,beta,20.0,0.1,0.95,False,8040.839872326464,804083.9872326463,932834.7131169025,86.197905794687,128750.72588425619,0.62,0.76,0.17887278230584194,0.02202754794726764,0.580862207999985,tm_tw_refined_gated_offline_best_beta,context_noise_refinement
tm_tw_refined,20263221,100,20,2,0.0,0.45,0.1,gated_offline,0.5,0.5,beta,20.0,0.1,0.95,False,6992.119321999605,699211.9321999605,795812.8890960037,87.8613480354941,96600.95689604327,0.5,0.75,0.17976745710027714,0.023029490742015758,0.5950477079999814,tm_tw_refined_gated_offline_best_beta,context_noise_refinement
tm_tw_refined,20263222,100,20,2,0.0,0.45,0.1,gated_offline,0.5,0.5,beta,20.0,0.1,0.95,False,4578.253713485372,457825.3713485372,506347.0109767157,90.41731488952944,48521.6396281785,0.6,0.84,0.17308203541796394,0.02190466694486691,0.612383541999975,tm_tw_refined_gated_offline_best_beta,context_noise_refinement
tm_tw_refined,20263223,100,20,2,0.0,0.45,0.1,gated_offline,0.5,0.5,beta,20.0,0.1,0.95,False,10306.704933075109,1030670.4933075109,1301878.9151461339,79.16792270898863,271208.421838623,0.51,0.7,0.17054363188849808,0.022135140311977705,0.5836517920000119,tm_tw_refined_gated_offline_best_beta,context_noise_refinement
tm_tw_refined,20263224,100,20,2,0.0,0.45,0.1,gated_offline,0.5,0.5,beta,20.0,0.1,0.95,False,6136.886776922871,613688.6776922871,869362.2427233678,70.59067527131653,255673.56503108062,0.41,0.61,0.16925203228649968,0.021814694071200718,0.5846157089999906,tm_tw_refined_gated_offline_best_beta,context_noise_refinement
tm_tw_refined,20263225,100,20,2,0.0,0.45,0.1,gated_offline,0.5,0.5,beta,20.0,0.1,0.95,False,7749.873457742094,774987.3457742094,843117.7646353268,91.91922863936026,68130.41886111745,0.6,0.82,0.17323870774512268,0.021744679206129696,0.580501125000012,tm_tw_refined_gated_offline_best_beta,context_noise_refinement
tm_tw_refined,20263226,100,20,2,0.0,0.45,0.1,gated_offline,0.5,0.5,beta,20.0,0.1,0.95,False,5435.301797609817,543530.1797609817,740648.396219478,73.38572290648912,197118.2164584963,0.41,0.73,0.17212988454753894,0.022176999977110437,0.5918862909999802,tm_tw_refined_gated_offline_best_beta,context_noise_refinement
tm_tw_refined,20264173,100,20,2,0.0,0.45,0.1,gated_offline_low_rank,1.0,1.0,deterministic,20.0,0.1,0.95,False,7497.766304245837,749776.6304245837,946058.2802547956,79.25268940330518,196281.649830212,0.47,0.77,0.1710272149587791,0.0218169375282343,0.7238380000000006,tm_tw_refined_gated_offline_low_rank,context_noise_refinement
tm_tw_refined,20264174,100,20,2,0.0,0.45,0.1,gated_offline_low_rank,1.0,1.0,deterministic,20.0,0.1,0.95,False,8478.729655283989,847872.9655283989,1007923.0005505128,84.12080734989708,160050.03502211382,0.66,0.91,0.1758892462761611,0.022475848397767,0.721214625000016,tm_tw_refined_gated_offline_low_rank,context_noise_refinement
tm_tw_refined,20264175,100,20,2,0.0,0.45,0.1,gated_offline_low_rank,1.0,1.0,deterministic,20.0,0.1,0.95,False,7477.474759581583,747747.4759581584,953942.442332956,78.38496776906912,206194.96637479763,0.45,0.69,0.1754164491736361,0.0226120625409706,0.7247956669999951,tm_tw_refined_gated_offline_low_rank,context_noise_refinement
tm_tw_refined,20264176,100,20,2,0.0,0.45,0.1,gated_offline_low_rank,1.0,1.0,deterministic,20.0,0.1,0.95,False,7872.309857675897,787230.9857675896,928632.5561654981,84.77314095235013,141401.57039790845,0.55,0.79,0.17477512245693652,0.022512568503145054,0.7012739169999804,tm_tw_refined_gated_offline_low_rank,context_noise_refinement
tm_tw_refined,20264177,100,20,2,0.0,0.45,0.1,gated_offline_low_rank,1.0,1.0,deterministic,20.0,0.1,0.95,False,6365.328217344181,636532.8217344182,868454.254739692,73.2949166015901,231921.4330052738,0.49,0.88,0.17129168218681612,0.02197761210056804,0.7043928749999964,tm_tw_refined_gated_offline_low_rank,context_noise_refinement
tm_tw_refined,20264178,100,20,2,0.0,0.45,0.1,gated_offline_low_rank,1.0,1.0,deterministic,20.0,0.1,0.95,False,3776.0289367115347,377602.89367115346,438001.3893185915,86.21043286154838,60398.495647438045,0.5,0.77,0.17673349607248415,0.02177842489823342,0.7027754590000086,tm_tw_refined_gated_offline_low_rank,context_noise_refinement
tm_tw_refined,20264179,100,20,2,0.0,0.45,0.1,gated_offline_low_rank,1.0,1.0,deterministic,20.0,0.1,0.95,False,6763.552389607419,676355.2389607419,1195386.5045041817,56.580464679185766,519031.2655434398,0.43,0.66,0.1731123380635585,0.022250468982363335,0.696234416999971,tm_tw_refined_gated_offline_low_rank,context_noise_refinement
tm_tw_refined,20264180,100,20,2,0.0,0.45,0.1,gated_offline_low_rank,1.0,1.0,deterministic,20.0,0.1,0.95,False,4840.10274041923,484010.274041923,904111.8923483553,53.53433332070731,420101.61830643227,0.4,0.54,0.1697742453633113,0.021992829884987332,0.6985945829999878,tm_tw_refined_gated_offline_low_rank,context_noise_refinement
tm_tw_refined,20264181,100,20,2,0.0,0.45,0.1,gated_offline_low_rank,1.0,1.0,deterministic,20.0,0.1,0.95,False,7473.864808559801,747386.4808559801,892736.8709833252,83.7185631229451,145350.3901273451,0.58,0.81,0.17455447711699876,0.02289936023755898,0.6979874999999538,tm_tw_refined_gated_offline_low_rank,context_noise_refinement
tm_tw_refined,20264182,100,20,2,0.0,0.45,0.1,gated_offline_low_rank,1.0,1.0,deterministic,20.0,0.1,0.95,False,6291.857239481291,629185.7239481291,733912.4798368155,85.73034813197722,104726.7558886864,0.59,0.76,0.17344466731444141,0.021930340836382747,0.6965303339999878,tm_tw_refined_gated_offline_low_rank,context_noise_refinement
tm_tw_refined,20264173,100,20,2,0.0,0.45,0.1,gated_offline_low_rank,0.5,1.0,beta,20.0,0.1,0.95,False,9480.734191157197,948073.4191157196,1051562.0143096938,90.15858372728404,103488.59519397408,0.53,0.82,0.1746816389238449,0.0222637469253916,0.7724418749999984,tm_tw_refined_gated_offline_low_rank_best_beta,context_noise_refinement
tm_tw_refined,20264174,100,20,2,0.0,0.45,0.1,gated_offline_low_rank,0.5,1.0,beta,20.0,0.1,0.95,False,8971.776562801557,897177.6562801556,961929.3678644352,93.26855861277696,64751.71158427955,0.71,0.87,0.1714965058883317,0.0222956152078807,0.7692572919999918,tm_tw_refined_gated_offline_low_rank_best_beta,context_noise_refinement
tm_tw_refined,20264175,100,20,2,0.0,0.45,0.1,gated_offline_low_rank,0.5,1.0,beta,20.0,0.1,0.95,False,10640.515953897911,1064051.5953897913,1344011.0422827548,79.16985515108102,279959.4468929635,0.47,0.71,0.1767967196188005,0.0225770099797241,0.7722777090000079,tm_tw_refined_gated_offline_low_rank_best_beta,context_noise_refinement
tm_tw_refined,20264176,100,20,2,0.0,0.45,0.1,gated_offline_low_rank,0.5,1.0,beta,20.0,0.1,0.95,False,7210.975305182047,721097.5305182047,928273.8066579206,77.68155530687481,207176.27613971592,0.51,0.78,0.17239121668515242,0.022018249482524965,0.7157262499999888,tm_tw_refined_gated_offline_low_rank_best_beta,context_noise_refinement
tm_tw_refined,20264177,100,20,2,0.0,0.45,0.1,gated_offline_low_rank,0.5,1.0,beta,20.0,0.1,0.95,False,8157.987374006489,815798.7374006489,887261.435329884,91.9456999838311,71462.69792923518,0.57,0.86,0.17312698491720802,0.022786837418839367,0.7171802089999915,tm_tw_refined_gated_offline_low_rank_best_beta,context_noise_refinement
tm_tw_refined,20264178,100,20,2,0.0,0.45,0.1,gated_offline_low_rank,0.5,1.0,beta,20.0,0.1,0.95,False,3544.0686247367707,354406.8624736771,487120.1301306759,72.75553617104741,132713.26765699883,0.46,0.76,0.17281154242112187,0.02184470578569967,0.7090272910000408,tm_tw_refined_gated_offline_low_rank_best_beta,context_noise_refinement
tm_tw_refined,20264179,100,20,2,0.0,0.45,0.1,gated_offline_low_rank,0.5,1.0,beta,20.0,0.1,0.95,False,8651.721454735569,865172.145473557,1205722.8556193013,71.7554736099926,340550.7101457444,0.35,0.62,0.17329600736975162,0.021874405044301725,0.7316173749999848,tm_tw_refined_gated_offline_low_rank_best_beta,context_noise_refinement
tm_tw_refined,20264180,100,20,2,0.0,0.45,0.1,gated_offline_low_rank,0.5,1.0,beta,20.0,0.1,0.95,False,5419.951992900149,541995.1992900149,864878.8152950696,62.66718408464001,322883.6160050547,0.31,0.59,0.17591163428184836,0.02275699099971606,0.716626749999989,tm_tw_refined_gated_offline_low_rank_best_beta,context_noise_refinement
tm_tw_refined,20264181,100,20,2,0.0,0.45,0.1,gated_offline_low_rank,0.5,1.0,beta,20.0,0.1,0.95,False,8439.67997681918,843967.997681918,904404.7761910137,93.31750781285886,60436.77850909578,0.66,0.85,0.16951479721392423,0.02151801564641189,0.7180226250000032,tm_tw_refined_gated_offline_low_rank_best_beta,context_noise_refinement
tm_tw_refined,20264182,100,20,2,0.0,0.45,0.1,gated_offline_low_rank,0.5,1.0,beta,20.0,0.1,0.95,False,6786.528706441971,678652.8706441971,759201.9036692189,89.39030149480281,80549.03302502178,0.66,0.85,0.17493123236414057,0.021881402640676915,0.7075117499999806,tm_tw_refined_gated_offline_low_rank_best_beta,context_noise_refinement
tm_tw_refined,20265065,100,20,2,0.0,0.45,0.1,support_gated_offline_low_rank,0.5,0.25,beta,20.0,0.1,0.95,True,7981.279087697113,798127.9087697113,957738.6647473,83.33462333175177,159610.7559775886,0.46,0.75,0.0890019076496357,0.0044397988681595,0.7946652499999942,tm_tw_refined_support_gated_offline_low_rank_best_beta,context_noise_refinement
tm_tw_refined,20265066,100,20,2,0.0,0.45,0.1,support_gated_offline_low_rank,0.5,0.25,beta,20.0,0.1,0.95,True,8602.12677272329,860212.677272329,966926.1192371764,88.96364056759215,106713.44196484728,0.68,0.89,0.0932182543304029,0.0038380174394175,0.8043451249999976,tm_tw_refined_support_gated_offline_low_rank_best_beta,context_noise_refinement
tm_tw_refined,20265067,100,20,2,0.0,0.45,0.1,support_gated_offline_low_rank,0.5,0.25,beta,20.0,0.1,0.95,True,14277.42932739835,1427742.932739835,1597416.0938394945,89.37827396668838,169673.16109965928,0.6,0.85,0.087499359307967,0.0043614125331037,0.8004642920000009,tm_tw_refined_support_gated_offline_low_rank_best_beta,context_noise_refinement
tm_tw_refined,20265068,100,20,2,0.0,0.45,0.1,support_gated_offline_low_rank,0.5,0.25,beta,20.0,0.1,0.95,True,9558.891521070986,955889.1521070986,1022387.0939764854,93.49581560045434,66497.94186938682,0.74,0.88,0.08847738546882596,0.0034611151859670307,0.7095466249999731,tm_tw_refined_support_gated_offline_low_rank_best_beta,context_noise_refinement
tm_tw_refined,20265069,100,20,2,0.0,0.45,0.1,support_gated_offline_low_rank,0.5,0.25,beta,20.0,0.1,0.95,True,6732.98177598499,673298.177598499,807992.9414798396,83.32971032709185,134694.76388134062,0.54,0.81,0.0926439721008564,0.003920608547750517,0.706990458000007,tm_tw_refined_support_gated_offline_low_rank_best_beta,context_noise_refinement
tm_tw_refined,20265070,100,20,2,0.0,0.45,0.1,support_gated_offline_low_rank,0.5,0.25,beta,20.0,0.1,0.95,True,4237.1631349480185,423716.31349480187,502105.2900827439,84.38794051044076,78388.97658794204,0.6,0.8,0.09277702272015907,0.004461562531818508,0.7113635830000362,tm_tw_refined_support_gated_offline_low_rank_best_beta,context_noise_refinement
tm_tw_refined,20265071,100,20,2,0.0,0.45,0.1,support_gated_offline_low_rank,0.5,0.25,beta,20.0,0.1,0.95,True,8354.245277404894,835424.5277404895,1269937.907530249,65.78467520236536,434513.37978975964,0.48,0.69,0.08743757968739777,0.003187686023830505,0.7116746670000111,tm_tw_refined_support_gated_offline_low_rank_best_beta,context_noise_refinement
tm_tw_refined,20265072,100,20,2,0.0,0.45,0.1,support_gated_offline_low_rank,0.5,0.25,beta,20.0,0.1,0.95,True,7684.26905329755,768426.905329755,1037798.5667627425,74.04393587926683,269371.6614329874,0.4,0.69,0.09186140475137924,0.0036246075864662997,0.7092045839999628,tm_tw_refined_support_gated_offline_low_rank_best_beta,context_noise_refinement
tm_tw_refined,20265073,100,20,2,0.0,0.45,0.1,support_gated_offline_low_rank,0.5,0.25,beta,20.0,0.1,0.95,True,7812.456803632882,781245.6803632881,877261.440097363,89.05505755235082,96015.75973407482,0.59,0.82,0.09248872118696037,0.00433575308534114,0.7063689160000308,tm_tw_refined_support_gated_offline_low_rank_best_beta,context_noise_refinement
tm_tw_refined,20265074,100,20,2,0.0,0.45,0.1,support_gated_offline_low_rank,0.5,0.25,beta,20.0,0.1,0.95,True,7271.490859632711,727149.0859632711,733469.4173669853,99.1382965323349,6320.331403714255,0.68,0.85,0.08922559472749654,0.0032038219549497364,0.7083278340000447,tm_tw_refined_support_gated_offline_low_rank_best_beta,context_noise_refinement
tm_tw_refined,20263497,100,20,2,0.0,0.45,0.1,support_offline,1.0,1.0,deterministic,20.0,0.1,0.95,True,8108.651934214426,810865.1934214425,1044326.6026865392,77.64478960274351,233461.40926509665,0.49,0.74,0.0882555326151533,0.0039210273242967,0.591372750000005,tm_tw_refined_support_offline,context_noise_refinement
tm_tw_refined,20263498,100,20,2,0.0,0.45,0.1,support_offline,1.0,1.0,deterministic,20.0,0.1,0.95,True,7171.339283581291,717133.9283581291,870828.8460763183,82.35073190206201,153694.9177181892,0.65,0.81,0.0827939785950113,0.0041802504384929,0.590549999999979,tm_tw_refined_support_offline,context_noise_refinement
tm_tw_refined,20263499,100,20,2,0.0,0.45,0.1,support_offline,1.0,1.0,deterministic,20.0,0.1,0.95,True,8975.580327687172,897558.0327687173,1165625.191894489,77.00228504069283,268067.15912577184,0.4,0.65,0.0970661408448619,0.0047968576502273,0.5937024170000029,tm_tw_refined_support_offline,context_noise_refinement
tm_tw_refined,20263500,100,20,2,0.0,0.45,0.1,support_offline,1.0,1.0,deterministic,20.0,0.1,0.95,True,7011.388471607706,701138.8471607707,881603.6787917273,79.52993664020428,180464.8316309566,0.55,0.75,0.09038186189832165,0.004198329225030143,0.5764186669999845,tm_tw_refined_support_offline,context_noise_refinement
tm_tw_refined,20263501,100,20,2,0.0,0.45,0.1,support_offline,1.0,1.0,deterministic,20.0,0.1,0.95,True,7074.996908747283,707499.6908747283,871733.1908146244,81.16011852360216,164233.49993989617,0.54,0.86,0.09260075395181165,0.00373605681583433,0.5742372079999996,tm_tw_refined_support_offline,context_noise_refinement
tm_tw_refined,20263502,100,20,2,0.0,0.45,0.1,support_offline,1.0,1.0,deterministic,20.0,0.1,0.95,True,3851.7522021842487,385175.22021842486,473338.48276140343,81.37416124954726,88163.26254297857,0.44,0.67,0.08730637263889819,0.003853040825980467,0.5735830840000062,tm_tw_refined_support_offline,context_noise_refinement
tm_tw_refined,20263503,100,20,2,0.0,0.45,0.1,support_offline,1.0,1.0,deterministic,20.0,0.1,0.95,True,7219.26636157996,721926.636157996,1195493.5781217695,60.38732866237636,473566.94196377345,0.34,0.62,0.08736850712380488,0.0035226623960105787,0.572346542000048,tm_tw_refined_support_offline,context_noise_refinement
tm_tw_refined,20263504,100,20,2,0.0,0.45,0.1,support_offline,1.0,1.0,deterministic,20.0,0.1,0.95,True,4209.983719506813,420998.37195068126,883934.3549196626,47.62778701920056,462935.9829689813,0.28,0.49,0.08651284557074328,0.0037193009452478193,0.5727912079999555,tm_tw_refined_support_offline,context_noise_refinement
tm_tw_refined,20263505,100,20,2,0.0,0.45,0.1,support_offline,1.0,1.0,deterministic,20.0,0.1,0.95,True,7186.612770996555,718661.2770996555,836021.2746023535,85.96208002499466,117359.99750269798,0.57,0.8,0.09001386718527703,0.0043838741990756365,0.5733319170000186,tm_tw_refined_support_offline,context_noise_refinement
tm_tw_refined,20263506,100,20,2,0.0,0.45,0.1,support_offline,1.0,1.0,deterministic,20.0,0.1,0.95,True,5543.428252733515,554342.8252733515,669208.5064021274,82.83559159366794,114865.68112877593,0.48,0.73,0.09409548827586794,0.003934750971591339,0.5729657919999909,tm_tw_refined_support_offline,context_noise_refinement
tm_tw,20262669,100,20,2,0.0,0.45,0.1,support_offline,1.0,1.0,deterministic,20.0,0.1,0.95,True,6140.185857597675,614018.5857597674,1086320.7969015937,56.522768183309445,472302.211141826,0.32,0.57,0.0928568568163422,0.0033398695592541,0.5907721250000009,tm_tw_support_offline,context_noise_refinement
tm_tw,20262670,100,20,2,0.0,0.45,0.1,support_offline,1.0,1.0,deterministic,20.0,0.1,0.95,True,6110.308921704505,611030.8921704505,958428.5737574316,63.753409372485606,347397.68158698105,0.49,0.71,0.0858227228751069,0.003588922433871,0.5884252500000002,tm_tw_support_offline,context_noise_refinement
tm_tw,20262671,100,20,2,0.0,0.45,0.1,support_offline,1.0,1.0,deterministic,20.0,0.1,0.95,True,7475.11217603333,747511.217603333,1142801.4764919097,65.41041755546112,395290.2588885768,0.5,0.72,0.095277307623161,0.0041606349665615,0.5859572919999891,tm_tw_support_offline,context_noise_refinement
tm_tw,20262672,100,20,2,0.0,0.45,0.1,support_offline,1.0,1.0,deterministic,20.0,0.1,0.95,True,6382.055604441055,638205.5604441055,913721.0356819691,69.84687180456248,275515.4752378636,0.45,0.6,0.08685060747650239,0.0031465664243566227,0.573991833999969,tm_tw_support_offline,context_noise_refinement
tm_tw,20262673,100,20,2,0.0,0.45,0.1,support_offline,1.0,1.0,deterministic,20.0,0.1,0.95,True,3485.145082703812,348514.5082703812,753251.2916468735,46.26802663801682,404736.78337649227,0.27,0.53,0.08811026087422565,0.0036269193344913345,0.5750996670000177,tm_tw_support_offline,context_noise_refinement
tm_tw,20262674,100,20,2,0.0,0.45,0.1,support_offline,1.0,1.0,deterministic,20.0,0.1,0.95,True,3063.418958962482,306341.8958962482,534452.3850596516,57.31883783474119,228110.48916340334,0.39,0.61,0.09111792341490854,0.004043363078351201,0.5724149170000032,tm_tw_support_offline,context_noise_refinement
tm_tw,20262675,100,20,2,0.0,0.45,0.1,support_offline,1.0,1.0,deterministic,20.0,0.1,0.95,True,10427.105234750401,1042710.5234750401,1448729.2508555586,71.97414719549971,406018.72738051845,0.45,0.62,0.10277524858295849,0.0041088352590573215,0.5718691249999779,tm_tw_support_offline,context_noise_refinement
tm_tw,20262676,100,20,2,0.0,0.45,0.1,support_offline,1.0,1.0,deterministic,20.0,0.1,0.95,True,6432.252657936013,643225.2657936013,1070065.613221317,60.11082477991616,426840.3474277158,0.32,0.55,0.0865418745489587,0.004138419922602385,0.5800963329999718,tm_tw_support_offline,context_noise_refinement
tm_tw,20262677,100,20,2,0.0,0.45,0.1,support_offline,1.0,1.0,deterministic,20.0,0.1,0.95,True,4515.027605939813,451502.76059398125,857213.103558423,52.67100546173688,405710.34296444175,0.29,0.51,0.09749308185163655,0.0038562041520947546,0.5762482499999919,tm_tw_support_offline,context_noise_refinement
tm_tw,20262678,100,20,2,0.0,0.45,0.1,support_offline,1.0,1.0,deterministic,20.0,0.1,0.95,True,4694.782510838902,469478.25108389027,676202.0548494934,69.42869334941389,206723.80376560317,0.41,0.62,0.09362641454449122,0.005072919016657189,0.5760308330000043,tm_tw_support_offline,context_noise_refinement
tw,20261245,100,20,2,0.0,0.45,0.1,dense,1.0,1.0,deterministic,20.0,0.1,0.95,False,6561.320031821448,656132.0031821447,953043.4865718412,68.8459668868095,296911.4833896966,0.34,0.56,0.2602675040122157,0.0317690734530962,0.5821653750000024,tw_dense,context_noise_refinement
tw,20261246,100,20,2,0.0,0.45,0.1,dense,1.0,1.0,deterministic,20.0,0.1,0.95,False,5930.795169154499,593079.5169154499,999405.462602344,59.34323346313666,406325.945686894,0.46,0.67,0.2414771443605188,0.0294906755552261,0.5841361250000148,tw_dense,context_noise_refinement
tw,20261247,100,20,2,0.0,0.45,0.1,dense,1.0,1.0,deterministic,20.0,0.1,0.95,False,9125.132832475363,912513.2832475364,1300542.4640122994,70.16405142453745,388029.1807647632,0.46,0.65,0.2561708507229615,0.0311316918934607,0.5820046659999889,tw_dense,context_noise_refinement
tw,20261248,100,20,2,0.0,0.45,0.1,dense,1.0,1.0,deterministic,20.0,0.1,0.95,False,6216.7317771069465,621673.1777106946,1000010.6226249915,62.16665739798095,378337.44491429685,0.4,0.63,0.24860629813463556,0.028400810633335594,0.5673295830000029,tw_dense,context_noise_refinement
tw,20261249,100,20,2,0.0,0.45,0.1,dense,1.0,1.0,deterministic,20.0,0.1,0.95,False,6614.467358611698,661446.7358611698,918176.8351366242,72.03914437274459,256730.0992754544,0.48,0.71,0.2457337396961805,0.02914724378490427,0.5671199579999779,tw_dense,context_noise_refinement
tw,20261250,100,20,2,0.0,0.45,0.1,dense,1.0,1.0,deterministic,20.0,0.1,0.95,False,2211.6089698244045,221160.89698244043,519230.4409148003,42.59397746264464,298069.54393235984,0.23,0.45,0.2520336235323737,0.029589088356563393,0.5661960420000014,tw_dense,context_noise_refinement
tw,20261251,100,20,2,0.0,0.45,0.1,dense,1.0,1.0,deterministic,20.0,0.1,0.95,False,6843.884494978412,684388.4494978412,1447065.5621520819,47.29491651228406,762677.1126542407,0.38,0.59,0.24571142230566623,0.028624646197042775,0.5611292080000112,tw_dense,context_noise_refinement
tw,20261252,100,20,2,0.0,0.45,0.1,dense,1.0,1.0,deterministic,20.0,0.1,0.95,False,4005.282568099514,400528.2568099514,944352.7181994887,42.41299348124947,543824.4613895373,0.32,0.56,0.2562754105089083,0.030291075622744666,0.5678381249999802,tw_dense,context_noise_refinement
tw,20261253,100,20,2,0.0,0.45,0.1,dense,1.0,1.0,deterministic,20.0,0.1,0.95,False,5406.319737165252,540631.9737165252,924458.871465882,58.48091141786157,383826.8977493568,0.38,0.57,0.24762068838747095,0.029422245174384975,0.5680700409999986,tw_dense,context_noise_refinement
tw,20261254,100,20,2,0.0,0.45,0.1,dense,1.0,1.0,deterministic,20.0,0.1,0.95,False,4390.536601983173,439053.66019831726,695966.8896213593,63.08542356622516,256913.22942304204,0.32,0.62,0.2435858149305692,0.029280508364673843,0.5676767919999861,tw_dense,context_noise_refinement
tw,20262069,100,20,2,0.0,0.45,0.1,gated_offline,1.0,1.0,deterministic,20.0,0.1,0.95,False,3140.334193785891,314033.4193785891,971688.7111648888,32.31831509106622,657655.2917862998,0.23,0.5,0.1703427180726743,0.0220187128456487,0.583937290999998,tw_gated_offline,context_noise_refinement
tw,20262070,100,20,2,0.0,0.45,0.1,gated_offline,1.0,1.0,deterministic,20.0,0.1,0.95,False,3426.6841346001606,342668.4134600161,938915.0201693974,36.49621170169293,596246.6067093813,0.23,0.57,0.1682090919536875,0.0220633329827041,0.5810902080000062,tw_gated_offline,context_noise_refinement
tw,20262071,100,20,2,0.0,0.45,0.1,gated_offline,1.0,1.0,deterministic,20.0,0.1,0.95,False,8637.754353520973,863775.4353520973,1340361.715159998,64.44345773103412,476586.2798079008,0.5,0.67,0.1741736662815228,0.0215710295700634,0.5787833339999793,tw_gated_offline,context_noise_refinement
tw,20262072,100,20,2,0.0,0.45,0.1,gated_offline,1.0,1.0,deterministic,20.0,0.1,0.95,False,6358.860162727684,635886.0162727684,931844.5105645909,68.2394980131926,295958.49429182254,0.47,0.68,0.17269148690228614,0.021680269696086617,0.5667457920000061,tw_gated_offline,context_noise_refinement
tw,20262073,100,20,2,0.0,0.45,0.1,gated_offline,1.0,1.0,deterministic,20.0,0.1,0.95,False,7375.9557994070965,737595.5799407096,892539.282923617,82.64012509618948,154943.70298290742,0.6,0.79,0.1743534747586439,0.022063989603550733,0.5646908749999966,tw_gated_offline,context_noise_refinement
tw,20262074,100,20,2,0.0,0.45,0.1,gated_offline,1.0,1.0,deterministic,20.0,0.1,0.95,False,3354.018055402267,335401.8055402267,499136.9477421643,67.19634902954186,163735.14220193762,0.44,0.68,0.17583429502165457,0.022804424779250782,0.5628847499999665,tw_gated_offline,context_noise_refinement
tw,20262075,100,20,2,0.0,0.45,0.1,gated_offline,1.0,1.0,deterministic,20.0,0.1,0.95,False,6666.521452419192,666652.1452419192,1174840.4673728247,56.74405706612108,508188.32213090546,0.41,0.6,0.17825853531826744,0.02248941735999401,0.5631282079999664,tw_gated_offline,context_noise_refinement
tw,20262076,100,20,2,0.0,0.45,0.1,gated_offline,1.0,1.0,deterministic,20.0,0.1,0.95,False,6028.058646954995,602805.8646954995,992705.9094959535,60.72350924168209,389900.04480045394,0.34,0.61,0.17010560865106347,0.02147235879757874,0.5664992499999926,tw_gated_offline,context_noise_refinement
tw,20262077,100,20,2,0.0,0.45,0.1,gated_offline,1.0,1.0,deterministic,20.0,0.1,0.95,False,4885.457914919415,488545.79149194155,866909.5939700872,56.35487193706139,378363.8024781457,0.4,0.58,0.17456286956046674,0.022101133942476904,0.5643048750000048,tw_gated_offline,context_noise_refinement
tw,20262078,100,20,2,0.0,0.45,0.1,gated_offline,1.0,1.0,deterministic,20.0,0.1,0.95,False,4198.685271146725,419868.5271146725,759209.2492858161,55.30339988740133,339340.72217114357,0.4,0.67,0.17224083550964447,0.02208295910632715,0.5639881249999803,tw_gated_offline,context_noise_refinement
tw,20263025,100,20,2,0.0,0.45,0.1,gated_offline_low_rank,1.0,1.0,deterministic,20.0,0.1,0.95,False,3589.2179698809514,358921.7969880952,817202.6847648277,43.92078044767862,458280.88777673256,0.23,0.52,0.1685358442897199,0.0215650613318493,0.7110668330000038,tw_gated_offline_low_rank,context_noise_refinement
tw,20263026,100,20,2,0.0,0.45,0.1,gated_offline_low_rank,1.0,1.0,deterministic,20.0,0.1,0.95,False,6368.5987877341695,636859.878773417,893149.1508046295,71.30498620523525,256289.27203121255,0.51,0.64,0.1725574418328185,0.0216046259021175,0.7094924579999997,tw_gated_offline_low_rank,context_noise_refinement
tw,20263027,100,20,2,0.0,0.45,0.1,gated_offline_low_rank,1.0,1.0,deterministic,20.0,0.1,0.95,False,4791.855437802354,479185.54378023534,1213272.754678007,39.49528594725656,734087.2108977716,0.22,0.41,0.1728971751249166,0.021861038067434,0.7130382080000004,tw_gated_offline_low_rank,context_noise_refinement
tw,20263028,100,20,2,0.0,0.45,0.1,gated_offline_low_rank,1.0,1.0,deterministic,20.0,0.1,0.95,False,4469.041004393514,446904.10043935146,821592.8646072617,54.3948371135113,374688.76416791027,0.37,0.6,0.17011212053183214,0.021970336242222162,0.693396875000019,tw_gated_offline_low_rank,context_noise_refinement
tw,20263029,100,20,2,0.0,0.45,0.1,gated_offline_low_rank,1.0,1.0,deterministic,20.0,0.1,0.95,False,3686.687387109907,368668.7387109907,758903.1223078737,48.579156927151004,390234.383596883,0.35,0.58,0.17358370503245354,0.021349204385783332,0.6925244999999904,tw_gated_offline_low_rank,context_noise_refinement
tw,20263030,100,20,2,0.0,0.45,0.1,gated_offline_low_rank,1.0,1.0,deterministic,20.0,0.1,0.95,False,2691.4062292760686,269140.62292760686,511857.1845615334,52.58119472488363,242716.56163392653,0.33,0.56,0.1745236869121379,0.02239957799602763,0.6944277079999779,tw_gated_offline_low_rank,context_noise_refinement
tw,20263031,100,20,2,0.0,0.45,0.1,gated_offline_low_rank,1.0,1.0,deterministic,20.0,0.1,0.95,False,4507.360373733805,450736.0373733805,1250663.6319065595,36.039749287844984,799927.594533179,0.2,0.52,0.17799252567514137,0.022662061279902383,0.6914171669999973,tw_gated_offline_low_rank,context_noise_refinement
tw,20263032,100,20,2,0.0,0.45,0.1,gated_offline_low_rank,1.0,1.0,deterministic,20.0,0.1,0.95,False,4447.927794411703,444792.77944117034,884086.3002981726,50.311013674927054,439293.5208570023,0.35,0.6,0.18190800453296824,0.022591669064068332,0.6867595830000255,tw_gated_offline_low_rank,context_noise_refinement
tw,20263033,100,20,2,0.0,0.45,0.1,gated_offline_low_rank,1.0,1.0,deterministic,20.0,0.1,0.95,False,3900.93389445343,390093.389445343,845388.6143486273,46.14367674515115,455295.2249032843,0.28,0.54,0.17298718877218974,0.02167137109000325,0.686521416000005,tw_gated_offline_low_rank,context_noise_refinement
tw,20263034,100,20,2,0.0,0.45,0.1,gated_offline_low_rank,1.0,1.0,deterministic,20.0,0.1,0.95,False,6289.946673160432,628994.6673160432,844732.193778486,74.46083764163774,215737.52646244282,0.56,0.73,0.17026898887849476,0.02173580741359077,0.7080816250000339,tw_gated_offline_low_rank,context_noise_refinement
tw,20262349,100,20,2,0.0,0.45,0.1,support_offline,1.0,1.0,deterministic,20.0,0.1,0.95,True,6151.361050746466,615136.1050746466,1033545.6114047508,59.51707387529613,418409.5063301042,0.41,0.66,0.1011856170819444,0.0037667902898183,0.5818106660000097,tw_support_offline,context_noise_refinement
tw,20262350,100,20,2,0.0,0.45,0.1,support_offline,1.0,1.0,deterministic,20.0,0.1,0.95,True,5411.510904558731,541151.0904558732,913518.8412388272,59.238087494946,372367.7507829539,0.39,0.69,0.094489754712144,0.0031131054195509,0.5779938750000042,tw_support_offline,context_noise_refinement
tw,20262351,100,20,2,0.0,0.45,0.1,support_offline,1.0,1.0,deterministic,20.0,0.1,0.95,True,14373.350880171389,1437335.088017139,1585245.81781038,90.66953981953772,147910.729793241,0.68,0.83,0.088712642799801,0.0033288294388126,0.5784301249999828,tw_support_offline,context_noise_refinement
tw,20262352,100,20,2,0.0,0.45,0.1,support_offline,1.0,1.0,deterministic,20.0,0.1,0.95,True,4589.470908301154,458947.0908301154,900052.8486345017,50.99112696842174,441105.75780438626,0.37,0.58,0.10459563459332086,0.004315228232064577,0.5675822090000224,tw_support_offline,context_noise_refinement
tw,20262353,100,20,2,0.0,0.45,0.1,support_offline,1.0,1.0,deterministic,20.0,0.1,0.95,True,4348.325444217271,434832.54442172707,812231.8344819209,53.535521012800906,377399.29006019386,0.34,0.64,0.09719350409826259,0.0041441303355473835,0.5662201250000294,tw_support_offline,context_noise_refinement
tw,20262354,100,20,2,0.0,0.45,0.1,support_offline,1.0,1.0,deterministic,20.0,0.1,0.95,True,2943.2013417250587,294320.1341725059,488072.31475039467,60.30256691019738,193752.1805778888,0.34,0.58,0.08764344221057441,0.0028292738676631733,0.5674102090000019,tw_support_offline,context_noise_refinement
tw,20262355,100,20,2,0.0,0.45,0.1,support_offline,1.0,1.0,deterministic,20.0,0.1,0.95,True,5067.873036901933,506787.3036901933,1116490.9129544715,45.39108180908761,609703.6092642783,0.23,0.53,0.0984108002996095,0.0027370803811215577,0.5644900409999991,tw_support_offline,context_noise_refinement
tw,20262356,100,20,2,0.0,0.45,0.1,support_offline,1.0,1.0,deterministic,20.0,0.1,0.95,True,7044.345399737707,704434.5399737707,1146842.4566718726,61.42382817061324,442407.9166981019,0.35,0.61,0.09868676104966828,0.004826398260621852,0.5653077910000093,tw_support_offline,context_noise_refinement
tw,20262357,100,20,2,0.0,0.45,0.1,support_offline,1.0,1.0,deterministic,20.0,0.1,0.95,True,5057.493312743393,505749.3312743393,829599.9990714602,60.96303421412793,323850.6677971209,0.43,0.63,0.09218421229532159,0.003986632282294548,0.5639564159999964,tw_support_offline,context_noise_refinement
tw,20262358,100,20,2,0.0,0.45,0.1,support_offline,1.0,1.0,deterministic,20.0,0.1,0.95,True,3101.762426712004,310176.2426712004,704545.1520446739,44.02503399122569,394368.9093734735,0.28,0.53,0.09735129701084011,0.0038712626515603433,0.5612631249999822,tw_support_offline,context_noise_refinement
exp4,20261395,100,20,2,0.0,0.45,0.2,dense,1.0,1.0,deterministic,20.0,0.1,0.95,False,6040.565515074301,604056.5515074302,975725.5248162508,61.90845029099618,371668.9733088205,0.42,0.63,0.2741740037451735,0.0353078029119398,0.5967087920000154,exp4_dense,context_noise_refinement
exp4,20261396,100,20,2,0.0,0.45,0.2,dense,1.0,1.0,deterministic,20.0,0.1,0.95,False,6916.727232363232,691672.7232363232,977404.2561037596,70.76628927252148,285731.5328674363,0.57,0.74,0.2749780357115514,0.0368361740494408,0.600005791000001,exp4_dense,context_noise_refinement
exp4,20261397,100,20,2,0.0,0.45,0.2,dense,1.0,1.0,deterministic,20.0,0.1,0.95,False,8141.294407960481,814129.4407960481,1105261.866471401,73.65941642365657,291132.4256753528,0.47,0.69,0.2695435118333589,0.0359776849398818,0.5950574169999925,exp4_dense,context_noise_refinement
exp4,20261398,100,20,2,0.0,0.45,0.2,dense,1.0,1.0,deterministic,20.0,0.1,0.95,False,7764.402994014714,776440.2994014714,959187.0631174825,80.94774515389517,182746.76371601108,0.55,0.76,0.2613514742300551,0.033900640807916126,0.5806452090000107,exp4_dense,context_noise_refinement
exp4,20261399,100,20,2,0.0,0.45,0.2,dense,1.0,1.0,deterministic,20.0,0.1,0.95,False,5384.0420436703425,538404.2043670343,890497.0642160685,60.461086959450874,352092.8598490342,0.36,0.64,0.26421311801029407,0.03458848418976807,0.5789096670000049,exp4_dense,context_noise_refinement
exp4,20261400,100,20,2,0.0,0.45,0.2,dense,1.0,1.0,deterministic,20.0,0.1,0.95,False,2880.8378251607483,288083.78251607483,503779.84908615286,57.184459251129915,215696.06657007802,0.32,0.55,0.2656891893041661,0.0342981794715033,0.5833355830000073,exp4_dense,context_noise_refinement
exp4,20261401,100,20,2,0.0,0.45,0.2,dense,1.0,1.0,deterministic,20.0,0.1,0.95,False,8201.332250606198,820133.2250606198,1289674.0202697632,63.59228860709089,469540.7952091434,0.38,0.59,0.27998963656726605,0.037856469295484994,0.5790714589999766,exp4_dense,context_noise_refinement
exp4,20261402,100,20,2,0.0,0.45,0.2,dense,1.0,1.0,deterministic,20.0,0.1,0.95,False,4404.171559438867,440417.15594388667,880781.0895790431,50.003021313091295,440363.9336351564,0.27,0.58,0.2716923679356425,0.0356851183766305,0.5820129580000071,exp4_dense,context_noise_refinement
exp4,20261403,100,20,2,0.0,0.45,0.2,dense,1.0,1.0,deterministic,20.0,0.1,0.95,False,4883.752856154996,488375.2856154996,857233.134201047,56.97111627289956,368857.8485855474,0.38,0.57,0.26626336601000267,0.0338105710662772,0.5805168750000007,exp4_dense,context_noise_refinement
exp4,20261404,100,20,2,0.0,0.45,0.2,dense,1.0,1.0,deterministic,20.0,0.1,0.95,False,4388.91582470694,438891.58247069403,715562.946599181,61.33514662219324,276671.364128487,0.37,0.57,0.27128598816906047,0.03511500114246192,0.5813390420000246,exp4_dense,context_noise_refinement
global_ucb_tw,20262374,100,20,2,0.0,0.45,0.2,dense,1.0,1.0,deterministic,20.0,0.1,0.95,False,5458.219004903782,545821.9004903781,969669.5010848067,56.2894780004678,423847.6005944286,0.28,0.57,0.2707714753279,0.0351987122086979,0.5921861249999836,global_ucb_tw_dense,context_noise_refinement
global_ucb_tw,20262375,100,20,2,0.0,0.45,0.2,dense,1.0,1.0,deterministic,20.0,0.1,0.95,False,4182.975311085409,418297.5311085409,853592.101839109,49.00438162528647,435294.5707305681,0.36,0.54,0.2733015869497967,0.0346895555308536,0.590567582999995,global_ucb_tw_dense,context_noise_refinement
global_ucb_tw,20262376,100,20,2,0.0,0.45,0.2,dense,1.0,1.0,deterministic,20.0,0.1,0.95,False,9640.858082403256,964085.8082403257,1497354.3249237144,64.38595008495686,533268.5166833889,0.49,0.68,0.2730766950972638,0.0348475476021838,0.5892740410000101,global_ucb_tw_dense,context_noise_refinement
global_ucb_tw,20262377,100,20,2,0.0,0.45,0.2,dense,1.0,1.0,deterministic,20.0,0.1,0.95,False,3201.7796281095348,320177.9628109535,823052.363560477,38.90128708529335,502874.40074952354,0.12,0.44,0.27395972408244934,0.03429162935653663,0.5756383340000184,global_ucb_tw_dense,context_noise_refinement
global_ucb_tw,20262378,100,20,2,0.0,0.45,0.2,dense,1.0,1.0,deterministic,20.0,0.1,0.95,False,5914.547033433188,591454.7033433188,909718.870266098,65.0151077079796,318264.1669227792,0.46,0.66,0.267003110054311,0.03468710909474104,0.569262459000015,global_ucb_tw_dense,context_noise_refinement
global_ucb_tw,20262379,100,20,2,0.0,0.45,0.2,dense,1.0,1.0,deterministic,20.0,0.1,0.95,False,2095.13364559027,209513.36455902702,454354.12550863455,46.112349992306925,244840.76094960753,0.26,0.44,0.2637632084899072,0.034182349272220885,0.572038042000031,global_ucb_tw_dense,context_noise_refinement
global_ucb_tw,20262380,100,20,2,0.0,0.45,0.2,dense,1.0,1.0,deterministic,20.0,0.1,0.95,False,7535.684395303321,753568.4395303321,1311689.9774218139,57.45019421521425,558121.5378914818,0.26,0.48,0.27074977665026734,0.033759117051913055,0.5792323340000394,global_ucb_tw_dense,context_noise_refinement
global_ucb_tw,20262381,100,20,2,0.0,0.45,0.2,dense,1.0,1.0,deterministic,20.0,0.1,0.95,False,5366.595562011015,536659.5562011015,953378.2230410469,56.29030989288667,416718.66683994536,0.36,0.54,0.27275004778263207,0.03589529182182535,0.5705452920000198,global_ucb_tw_dense,context_noise_refinement
global_ucb_tw,20262382,100,20,2,0.0,0.45,0.2,dense,1.0,1.0,deterministic,20.0,0.1,0.95,False,3984.008992573825,398400.8992573825,809368.9026016153,49.223647952963425,410968.0033442328,0.33,0.5,0.27435751618985615,0.03530582882009416,0.5772162499999922,global_ucb_tw_dense,context_noise_refinement
global_ucb_tw,20262383,100,20,2,0.0,0.45,0.2,dense,1.0,1.0,deterministic,20.0,0.1,0.95,False,3092.9190897897706,309291.90897897707,743894.1020616078,41.577411102173535,434602.1930826307,0.28,0.41,0.26528577014974286,0.033722120326970535,0.573308333,global_ucb_tw_dense,context_noise_refinement
local_ucb_tw,20262272,100,20,2,0.0,0.45,0.2,dense,1.0,1.0,deterministic,20.0,0.1,0.95,False,7357.81778506456,735781.778506456,1046182.5283884844,70.33015353829676,310400.7498820283,0.48,0.7,0.272208095730971,0.0346431767234192,0.5934913330000029,local_ucb_tw_dense,context_noise_refinement
local_ucb_tw,20262273,100,20,2,0.0,0.45,0.2,dense,1.0,1.0,deterministic,20.0,0.1,0.95,False,5381.754695696449,538175.4695696449,1032959.9715583264,52.100321831227575,494784.5019886816,0.4,0.65,0.2708317624463764,0.0353467423367566,0.5906127089999984,local_ucb_tw_dense,context_noise_refinement
local_ucb_tw,20262274,100,20,2,0.0,0.45,0.2,dense,1.0,1.0,deterministic,20.0,0.1,0.95,False,9801.436082578435,980143.6082578436,1197119.1942586305,81.87518945135963,216975.5860007869,0.39,0.6,0.2664596628479296,0.0345430095740366,0.5885101670000097,local_ucb_tw_dense,context_noise_refinement
local_ucb_tw,20262275,100,20,2,0.0,0.45,0.2,dense,1.0,1.0,deterministic,20.0,0.1,0.95,False,5816.451756470887,581645.1756470887,1009248.3923900209,57.6315186660524,427603.2167429322,0.47,0.63,0.26816052351994624,0.03343206417136516,0.5754024170000207,local_ucb_tw_dense,context_noise_refinement
local_ucb_tw,20262276,100,20,2,0.0,0.45,0.2,dense,1.0,1.0,deterministic,20.0,0.1,0.95,False,5626.124632201587,562612.4632201587,800896.8202938685,70.24780832738512,238284.35707370983,0.48,0.68,0.26042262567866437,0.03404135557737555,0.573054500000012,local_ucb_tw_dense,context_noise_refinement
local_ucb_tw,20262277,100,20,2,0.0,0.45,0.2,dense,1.0,1.0,deterministic,20.0,0.1,0.95,False,3069.138141004251,306913.8141004251,525339.6432337641,58.42197862913907,218425.829133339,0.34,0.51,0.27274839120407024,0.03450206569464773,0.5744307920000438,local_ucb_tw_dense,context_noise_refinement
local_ucb_tw,20262278,100,20,2,0.0,0.45,0.2,dense,1.0,1.0,deterministic,20.0,0.1,0.95,False,6442.455359354469,644245.5359354469,1176874.454005353,54.74207837062258,532628.9180699061,0.28,0.51,0.2731436197896599,0.03508197318611014,0.5746065000000158,local_ucb_tw_dense,context_noise_refinement
local_ucb_tw,20262279,100,20,2,0.0,0.45,0.2,dense,1.0,1.0,deterministic,20.0,0.1,0.95,False,4783.936418882986,478393.6418882986,852154.610273965,56.13930102830712,373760.96838566643,0.32,0.51,0.2738219778662333,0.035654163398813894,0.576696792000007,local_ucb_tw_dense,context_noise_refinement
local_ucb_tw,20262280,100,20,2,0.0,0.45,0.2,dense,1.0,1.0,deterministic,20.0,0.1,0.95,False,4604.964964194086,460496.4964194086,804580.3681032046,57.23436895496562,344083.87168379605,0.27,0.6,0.2819985115588825,0.03536981080419026,0.5740870829999949,local_ucb_tw_dense,context_noise_refinement
local_ucb_tw,20262281,100,20,2,0.0,0.45,0.2,dense,1.0,1.0,deterministic,20.0,0.1,0.95,False,4289.404024847144,428940.40248471434,748092.9449409065,57.337848911086475,319152.54245619214,0.37,0.61,0.26966217660186537,0.034417597777084225,0.5736167499999851,local_ucb_tw_dense,context_noise_refinement
oracle,20261640,100,20,2,0.0,0.45,0.2,dense,1.0,1.0,deterministic,20.0,0.1,0.95,False,9855.511444788344,985551.1444788344,1084327.5458184134,90.8905384059919,98776.40133957902,0.81,0.93,0.2634913120030656,0.0342576766235824,0.0221973339999976,oracle,context_noise_refinement
oracle,20261641,100,20,2,0.0,0.45,0.2,dense,1.0,1.0,deterministic,20.0,0.1,0.95,False,9637.017586665856,963701.7586665855,1026210.379995306,93.90879077553215,62508.62132872048,0.89,0.97,0.2754114430462241,0.035734677630184,0.0219465000000127,oracle,context_noise_refinement
oracle,20261642,100,20,2,0.0,0.45,0.2,dense,1.0,1.0,deterministic,20.0,0.1,0.95,False,14671.677083112983,1467167.7083112984,1622893.6249461153,90.40442859340288,155725.9166348169,0.87,0.96,0.2604940752902484,0.0347323330101504,0.0220256249999977,oracle,context_noise_refinement
oracle,20261643,100,20,2,0.0,0.45,0.2,dense,1.0,1.0,deterministic,20.0,0.1,0.95,False,9478.1507079154,947815.07079154,994470.0245832856,95.30856107892286,46654.95379174559,0.83,0.93,0.2735462370779878,0.03466468279699378,0.021732166999981928,oracle,context_noise_refinement
oracle,20261644,100,20,2,0.0,0.45,0.2,dense,1.0,1.0,deterministic,20.0,0.1,0.95,False,8290.047589355392,829004.7589355393,922005.9454878243,89.9131684554291,93001.18655228498,0.81,0.95,0.2613227099829088,0.03364543848923307,0.021652833000018745,oracle,context_noise_refinement
oracle,20261645,100,20,2,0.0,0.45,0.2,dense,1.0,1.0,deterministic,20.0,0.1,0.95,False,4688.873508995126,468887.35089951265,534095.127560167,87.79098080176577,65207.776660654345,0.78,0.91,0.27138639936397724,0.03419429057232195,0.021639458999970884,oracle,context_noise_refinement
oracle,20261646,100,20,2,0.0,0.45,0.2,dense,1.0,1.0,deterministic,20.0,0.1,0.95,False,13257.467380569344,1325746.7380569344,1387460.8397680898,95.55201127539782,61714.10171115538,0.76,0.9,0.2735374820266283,0.035285628858382066,0.0216350000000034,oracle,context_noise_refinement
oracle,20261647,100,20,2,0.0,0.45,0.2,dense,1.0,1.0,deterministic,20.0,0.1,0.95,False,9018.425101276813,901842.5101276812,1100817.0703305285,81.92482969553663,198974.56020284735,0.76,0.9,0.2686364475020902,0.03432625830343376,0.021648540999990473,oracle,context_noise_refinement
oracle,20261648,100,20,2,0.0,0.45,0.2,dense,1.0,1.0,deterministic,20.0,0.1,0.95,False,8286.34606649388,828634.606649388,946936.562418583,87.50687633530187,118301.95576919499,0.8,0.95,0.26581007251287886,0.033428922401104996,0.021629959000051713,oracle,context_noise_refinement
oracle,20261649,100,20,2,0.0,0.45,0.2,dense,1.0,1.0,deterministic,20.0,0.1,0.95,False,6818.716719068185,681871.6719068185,818952.1263344855,83.26148134675223,137080.45442766696,0.71,0.84,0.26955273499788013,0.035190734530962775,0.021615541999949528,oracle,context_noise_refinement
state_thompson,20262538,100,20,2,0.0,0.45,0.2,dense,1.0,1.0,deterministic,20.0,0.1,0.95,False,4696.033692215614,469603.3692215614,943528.8256094748,49.770961572712935,473925.4563879135,0.3,0.55,0.2690772457892978,0.0344374702805515,0.0243084580000072,state_thompson,context_noise_refinement
state_thompson,20262539,100,20,2,0.0,0.45,0.2,dense,1.0,1.0,deterministic,20.0,0.1,0.95,False,4229.789960040564,422978.9960040565,1042638.6765668124,40.56812829894594,619659.680562756,0.28,0.54,0.2695801419235676,0.0350400165296741,0.0241434170000047,state_thompson,context_noise_refinement
state_thompson,20262540,100,20,2,0.0,0.45,0.2,dense,1.0,1.0,deterministic,20.0,0.1,0.95,False,6612.3625631931645,661236.2563193165,1201815.1851362628,55.01979543088773,540578.9288169463,0.15,0.35,0.267647266270057,0.0335390783728872,0.0241323749999935,state_thompson,context_noise_refinement
state_thompson,20262541,100,20,2,0.0,0.45,0.2,dense,1.0,1.0,deterministic,20.0,0.1,0.95,False,5082.067399757586,508206.7399757586,898858.8909779626,56.539101418113276,390652.15100220405,0.33,0.58,0.26270510391854424,0.03529807757625161,0.023914624999974876,state_thompson,context_noise_refinement
state_thompson,20262542,100,20,2,0.0,0.45,0.2,dense,1.0,1.0,deterministic,20.0,0.1,0.95,False,4381.007318518809,438100.7318518809,766737.8808570431,57.138266256283224,328637.1490051622,0.31,0.58,0.2687601162555158,0.0348728645740058,0.023874125000020285,state_thompson,context_noise_refinement
state_thompson,20262543,100,20,2,0.0,0.45,0.2,dense,1.0,1.0,deterministic,20.0,0.1,0.95,False,3754.8479276084418,375484.79276084417,490821.7880637083,76.50124788512986,115336.99530286412,0.42,0.61,0.26538874265932927,0.034605373070422996,0.024447291000001314,state_thompson,context_noise_refinement
state_thompson,20262544,100,20,2,0.0,0.45,0.2,dense,1.0,1.0,deterministic,20.0,0.1,0.95,False,5614.2346878337985,561423.4687833799,1233765.6225726306,45.50487211766426,672342.1537892508,0.23,0.48,0.25918394663685523,0.03371341034144173,0.024468083999977353,state_thompson,context_noise_refinement
state_thompson,20262545,100,20,2,0.0,0.45,0.2,dense,1.0,1.0,deterministic,20.0,0.1,0.95,False,3452.9432365659823,345294.3236565982,970507.5439458586,35.5787366940716,625213.2202892604,0.24,0.54,0.2666791346455579,0.03437737421082642,0.02374358399998755,state_thompson,context_noise_refinement
state_thompson,20262546,100,20,2,0.0,0.45,0.2,dense,1.0,1.0,deterministic,20.0,0.1,0.95,False,5775.620728269904,577562.0728269904,862407.3291338043,66.97091424386312,284845.2563068139,0.36,0.59,0.2683440846394898,0.03451082199620003,0.02377441699997007,state_thompson,context_noise_refinement
state_thompson,20262547,100,20,2,0.0,0.45,0.2,dense,1.0,1.0,deterministic,20.0,0.1,0.95,False,5699.710459974336,569971.0459974336,813440.6783535001,70.06915945623992,243469.6323560665,0.52,0.69,0.27495165604499683,0.03587535922628647,0.024170584000046347,state_thompson,context_noise_refinement
tm_tw,20261565,100,20,2,0.0,0.45,0.2,dense,1.0,1.0,deterministic,20.0,0.1,0.95,False,6165.43199652005,616543.199652005,954887.5331083824,64.56710117944598,338344.3334563774,0.4,0.67,0.2584727815475937,0.0324966065793455,0.5918143749999842,tm_tw_dense,context_noise_refinement
tm_tw,20261566,100,20,2,0.0,0.45,0.2,dense,1.0,1.0,deterministic,20.0,0.1,0.95,False,6965.466851778714,696546.6851778714,991023.7820189018,70.28556708890223,294477.0968410304,0.49,0.67,0.2649215035999736,0.0338454418857414,0.5931116669999881,tm_tw_dense,context_noise_refinement
tm_tw,20261567,100,20,2,0.0,0.45,0.2,dense,1.0,1.0,deterministic,20.0,0.1,0.95,False,8431.278172674198,843127.8172674198,1209615.0735249757,69.70215862228267,366487.2562575559,0.53,0.68,0.2648982861345498,0.0335393243624342,0.5933903339999915,tm_tw_dense,context_noise_refinement
tm_tw,20261568,100,20,2,0.0,0.45,0.2,dense,1.0,1.0,deterministic,20.0,0.1,0.95,False,6302.970372407715,630297.0372407716,958642.3747847783,65.74892304153335,328345.33754400676,0.48,0.62,0.26885730288265924,0.034283702626427305,0.5716338340000107,tm_tw_dense,context_noise_refinement
tm_tw,20261569,100,20,2,0.0,0.45,0.2,dense,1.0,1.0,deterministic,20.0,0.1,0.95,False,5399.432347989953,539943.2347989953,890412.2116290979,60.63969336304534,350468.9768301026,0.43,0.66,0.2546476994062907,0.03239119285374635,0.5788307920000193,tm_tw_dense,context_noise_refinement
tm_tw,20261570,100,20,2,0.0,0.45,0.2,dense,1.0,1.0,deterministic,20.0,0.1,0.95,False,2674.0572381605352,267405.72381605353,529394.8902844205,50.51158005555895,261989.16646836692,0.29,0.51,0.2717794717360858,0.0346209578977054,0.5878181250000125,tm_tw_dense,context_noise_refinement
tm_tw,20261571,100,20,2,0.0,0.45,0.2,dense,1.0,1.0,deterministic,20.0,0.1,0.95,False,6808.617665864189,680861.7665864188,1152719.6534051092,59.065685622273186,471857.88681869034,0.32,0.54,0.2633938380248743,0.03200765140708079,0.5714667080000027,tm_tw_dense,context_noise_refinement
tm_tw,20261572,100,20,2,0.0,0.45,0.2,dense,1.0,1.0,deterministic,20.0,0.1,0.95,False,2439.907978475783,243990.79784757827,896694.0638971697,27.210038258439774,652703.2660495914,0.2,0.35,0.258487748587214,0.032880584425876866,0.5726482919999967,tm_tw_dense,context_noise_refinement
tm_tw,20261573,100,20,2,0.0,0.45,0.2,dense,1.0,1.0,deterministic,20.0,0.1,0.95,False,3874.793785782547,387479.37857825466,823077.4043734105,47.07690631760613,435598.02579515585,0.28,0.47,0.2723045202555004,0.034817052736453594,0.5768376660000172,tm_tw_dense,context_noise_refinement
tm_tw,20261574,100,20,2,0.0,0.45,0.2,dense,1.0,1.0,deterministic,20.0,0.1,0.95,False,4634.233755579728,463423.37555797276,763015.0943098105,60.7358070651492,299591.7187518378,0.36,0.66,0.2717021478103888,0.03432252729043029,0.575373041999967,tm_tw_dense,context_noise_refinement
tm_tw,20262389,100,20,2,0.0,0.45,0.2,gated_offline,1.0,1.0,deterministic,20.0,0.1,0.95,False,6593.952067217162,659395.2067217162,981568.1775092232,67.17772864183144,322172.970787507,0.45,0.72,0.1934153323485578,0.025429534572328,0.5894601250000164,tm_tw_gated_offline,context_noise_refinement
tm_tw,20262390,100,20,2,0.0,0.45,0.2,gated_offline,1.0,1.0,deterministic,20.0,0.1,0.95,False,7249.117947577354,724911.7947577354,1017943.2880811092,71.21337733109301,293031.4933233737,0.57,0.7,0.1967442316429088,0.0264841347973646,0.5896063329999777,tm_tw_gated_offline,context_noise_refinement
tm_tw,20262391,100,20,2,0.0,0.45,0.2,gated_offline,1.0,1.0,deterministic,20.0,0.1,0.95,False,4925.398434866436,492539.8434866436,1153469.8814198936,42.70071125570605,660930.03793325,0.47,0.71,0.1922190119781443,0.0254735768684702,0.5927153750000116,tm_tw_gated_offline,context_noise_refinement
tm_tw,20262392,100,20,2,0.0,0.45,0.2,gated_offline,1.0,1.0,deterministic,20.0,0.1,0.95,False,7221.77612591354,722177.6125913541,1031604.1278938839,70.0053046574898,309426.5153025298,0.5,0.73,0.19369274983275087,0.025563974055971554,0.5776145000000383,tm_tw_gated_offline,context_noise_refinement
tm_tw,20262393,100,20,2,0.0,0.45,0.2,gated_offline,1.0,1.0,deterministic,20.0,0.1,0.95,False,5574.593128038135,557459.3128038135,859868.1301754758,64.8307912854092,302408.81737166236,0.47,0.72,0.1953832354691038,0.025648754889482053,0.5744178330000409,tm_tw_gated_offline,context_noise_refinement
tm_tw,20262394,100,20,2,0.0,0.45,0.2,gated_offline,1.0,1.0,deterministic,20.0,0.1,0.95,False,2517.8723591381354,251787.23591381352,549064.7527283474,45.85747576449995,297277.5168145339,0.32,0.51,0.19506992217611696,0.025770048267205397,0.5771409579999727,tm_tw_gated_offline,context_noise_refinement
tm_tw,20262395,100,20,2,0.0,0.45,0.2,gated_offline,1.0,1.0,deterministic,20.0,0.1,0.95,False,11792.15938897468,1179215.938897468,1487460.7154161083,79.27711479543775,308244.77651864034,0.48,0.66,0.18839240011926986,0.024523981080223002,0.5789730000000191,tm_tw_gated_offline,context_noise_refinement
tm_tw,20262396,100,20,2,0.0,0.45,0.2,gated_offline,1.0,1.0,deterministic,20.0,0.1,0.95,False,6837.002213034488,683700.2213034488,1118045.5777854887,61.15137297512083,434345.3564820399,0.39,0.58,0.18745705832291473,0.025282205237750686,0.5746264169999904,tm_tw_gated_offline,context_noise_refinement
tm_tw,20262397,100,20,2,0.0,0.45,0.2,gated_offline,1.0,1.0,deterministic,20.0,0.1,0.95,False,5726.688604371573,572668.8604371573,842965.9225530769,67.93499536763296,270297.06211591954,0.43,0.65,0.1901212160042536,0.02486243018321621,0.5748003330000415,tm_tw_gated_offline,context_noise_refinement
tm_tw,20262398,100,20,2,0.0,0.45,0.2,gated_offline,1.0,1.0,deterministic,20.0,0.1,0.95,False,3910.464871790299,391046.4871790299,733445.6759745646,53.31635320631314,342399.1887955347,0.31,0.54,0.1881177036355851,0.0252091741921219,0.5749663330000203,tm_tw_gated_offline,context_noise_refinement
tm_tw,20263345,100,20,2,0.0,0.45,0.2,gated_offline_low_rank,1.0,1.0,deterministic,20.0,0.1,0.95,False,8043.225240116769,804322.5240116769,1145052.964732177,70.24325937619875,340730.4407205004,0.51,0.73,0.1864988384971625,0.0242942187532534,0.7201320420000172,tm_tw_gated_offline_low_rank,context_noise_refinement
tm_tw,20263346,100,20,2,0.0,0.45,0.2,gated_offline_low_rank,1.0,1.0,deterministic,20.0,0.1,0.95,False,7134.921452540022,713492.1452540022,991978.6708338766,71.92615791368043,278486.5255798744,0.53,0.75,0.1920758087333479,0.0251431399916118,0.7222940000000051,tm_tw_gated_offline_low_rank,context_noise_refinement
tm_tw,20263347,100,20,2,0.0,0.45,0.2,gated_offline_low_rank,1.0,1.0,deterministic,20.0,0.1,0.95,False,4439.42026026441,443942.02602644096,1325235.4676996004,33.49910539272347,881293.4416731594,0.38,0.57,0.1932603634485941,0.0253434313353795,0.7229605830000025,tm_tw_gated_offline_low_rank,context_noise_refinement
tm_tw,20263348,100,20,2,0.0,0.45,0.2,gated_offline_low_rank,1.0,1.0,deterministic,20.0,0.1,0.95,False,4535.296851955956,453529.68519559567,918189.1564075068,49.39392738747527,464659.4712119111,0.28,0.52,0.19268724104451435,0.025309106174300815,0.6999397920000092,tm_tw_gated_offline_low_rank,context_noise_refinement
tm_tw,20263349,100,20,2,0.0,0.45,0.2,gated_offline_low_rank,1.0,1.0,deterministic,20.0,0.1,0.95,False,5509.616070349745,550961.6070349745,757899.908982349,72.69582704855635,206938.30194737448,0.4,0.66,0.18454875867509934,0.024850681976248287,0.7016710830000079,tm_tw_gated_offline_low_rank,context_noise_refinement
tm_tw,20263350,100,20,2,0.0,0.45,0.2,gated_offline_low_rank,1.0,1.0,deterministic,20.0,0.1,0.95,False,2851.2432250570896,285124.32250570896,474885.3868578502,60.04066041961756,189761.06435214123,0.35,0.56,0.19305152140571818,0.025985621259782418,0.7000729580000211,tm_tw_gated_offline_low_rank,context_noise_refinement
tm_tw,20263351,100,20,2,0.0,0.45,0.2,gated_offline_low_rank,1.0,1.0,deterministic,20.0,0.1,0.95,False,6825.2897438269165,682528.9743826917,1321693.931163824,51.64047123842715,639164.9567811323,0.38,0.59,0.19100888338636404,0.025274909267763324,0.700975249999999,tm_tw_gated_offline_low_rank,context_noise_refinement
tm_tw,20263352,100,20,2,0.0,0.45,0.2,gated_offline_low_rank,1.0,1.0,deterministic,20.0,0.1,0.95,False,7284.0697527073,728406.97527073,1001882.4729040612,72.70383452855165,273475.4976333312,0.42,0.59,0.1882294812601294,0.025285313446593002,0.6987983749999671,tm_tw_gated_offline_low_rank,context_noise_refinement
tm_tw,20263353,100,20,2,0.0,0.45,0.2,gated_offline_low_rank,1.0,1.0,deterministic,20.0,0.1,0.95,False,5476.1905997114345,547619.0599711435,811720.9251955876,67.46395749736183,264101.8652244441,0.37,0.6,0.19042267210310906,0.024989170111396713,0.7022443749999638,tm_tw_gated_offline_low_rank,context_noise_refinement
tm_tw,20263354,100,20,2,0.0,0.45,0.2,gated_offline_low_rank,1.0,1.0,deterministic,20.0,0.1,0.95,False,4298.9402150947335,429894.0215094734,756244.326227025,56.84591693457796,326350.3047175516,0.4,0.61,0.1929435653017417,0.025206104873988115,0.7016891659999942,tm_tw_gated_offline_low_rank,context_noise_refinement
tm_tw_refined,20262393,100,20,2,0.0,0.45,0.2,dense,1.0,1.0,deterministic,20.0,0.1,0.95,False,7588.242312163419,758824.231216342,981029.8161081392,77.34976233716188,222205.5848917974,0.44,0.64,0.2745785636388915,0.0356145082132956,0.593962624999989,tm_tw_refined_dense,context_noise_refinement
tm_tw_refined,20262394,100,20,2,0.0,0.45,0.2,dense,1.0,1.0,deterministic,20.0,0.1,0.95,False,6008.246145539328,600824.6145539328,940799.541209472,63.86319170410365,339974.9266555393,0.48,0.75,0.2709908722602708,0.0356140743865422,0.5947777920000021,tm_tw_refined_dense,context_noise_refinement
tm_tw_refined,20262395,100,20,2,0.0,0.45,0.2,dense,1.0,1.0,deterministic,20.0,0.1,0.95,False,8746.545343597742,874654.5343597741,1258619.03216267,69.49319150663611,383964.497802896,0.46,0.62,0.2750616112124632,0.0358985313703573,0.5940492500000119,tm_tw_refined_dense,context_noise_refinement
tm_tw_refined,20262396,100,20,2,0.0,0.45,0.2,dense,1.0,1.0,deterministic,20.0,0.1,0.95,False,7445.801486243624,744580.1486243624,899656.6538024147,82.76270124578986,155076.50517805223,0.54,0.82,0.2720712526557923,0.03507595776390355,0.5864620830000149,tm_tw_refined_dense,context_noise_refinement
tm_tw_refined,20262397,100,20,2,0.0,0.45,0.2,dense,1.0,1.0,deterministic,20.0,0.1,0.95,False,6681.363832959206,668136.3832959206,742181.3055322652,90.02333773642515,74044.92223634466,0.59,0.81,0.2722291455915072,0.036330343376705716,0.5795080409999969,tm_tw_refined_dense,context_noise_refinement
tm_tw_refined,20262398,100,20,2,0.0,0.45,0.2,dense,1.0,1.0,deterministic,20.0,0.1,0.95,False,3594.3447754804424,359434.47754804423,485759.007853087,73.99440293174176,126324.53030504275,0.49,0.7,0.2573880615618919,0.03344146683875643,0.5785288339999966,tm_tw_refined_dense,context_noise_refinement
tm_tw_refined,20262399,100,20,2,0.0,0.45,0.2,dense,1.0,1.0,deterministic,20.0,0.1,0.95,False,6830.652886999394,683065.2886999394,1036977.4247789094,65.87079644916798,353912.13607897004,0.41,0.6,0.27789676575883365,0.03512083696142184,0.5787708330000214,tm_tw_refined_dense,context_noise_refinement
tm_tw_refined,20262400,100,20,2,0.0,0.45,0.2,dense,1.0,1.0,deterministic,20.0,0.1,0.95,False,4462.202363281652,446220.23632816516,844470.1761623119,52.84025995518391,398249.93983414676,0.28,0.55,0.27977366870337067,0.03630763154265294,0.5747900000000072,tm_tw_refined_dense,context_noise_refinement
tm_tw_refined,20262401,100,20,2,0.0,0.45,0.2,dense,1.0,1.0,deterministic,20.0,0.1,0.95,False,6230.915533385457,623091.5533385457,865346.673567575,72.00484757972417,242255.12022902933,0.39,0.7,0.2692551224761903,0.03496699005543514,0.5769540829999755,tm_tw_refined_dense,context_noise_refinement
tm_tw_refined,20262402,100,20,2,0.0,0.45,0.2,dense,1.0,1.0,deterministic,20.0,0.1,0.95,False,6486.962483624516,648696.2483624516,847994.4649643003,76.49769841242549,199298.21660184872,0.56,0.74,0.2608389697797578,0.034131433117524416,0.5774812500000053,tm_tw_refined_dense,context_noise_refinement
tm_tw_refined,20263217,100,20,2,0.0,0.45,0.2,gated_offline,1.0,1.0,deterministic,20.0,0.1,0.95,False,7131.270882345907,713127.0882345907,951467.740568423,74.95021195448587,238340.65233383223,0.44,0.74,0.187558197441699,0.0252546673038302,0.592815542000011,tm_tw_refined_gated_offline,context_noise_refinement
tm_tw_refined,20263218,100,20,2,0.0,0.45,0.2,gated_offline,1.0,1.0,deterministic,20.0,0.1,0.95,False,8565.352113604436,856535.2113604436,960394.2379203942,89.18579241116197,103859.02655995057,0.62,0.82,0.1927738940590229,0.0257542501495743,0.5909105839999995,tm_tw_refined_gated_offline,context_noise_refinement
tm_tw_refined,20263219,100,20,2,0.0,0.45,0.2,gated_offline,1.0,1.0,deterministic,20.0,0.1,0.95,False,9858.924217057,985892.4217057,1164096.0718255262,84.69167155247172,178203.6501198263,0.47,0.73,0.1927798281716564,0.0256467898562443,0.5924281670000084,tm_tw_refined_gated_offline,context_noise_refinement
tm_tw_refined,20263220,100,20,2,0.0,0.45,0.2,gated_offline,1.0,1.0,deterministic,20.0,0.1,0.95,False,7858.506750787767,785850.6750787767,886045.4134538891,88.69191839901931,100194.73837511241,0.6,0.86,0.19014824668450014,0.025255295859968448,0.5764467500000023,tm_tw_refined_gated_offline,context_noise_refinement
tm_tw_refined,20263221,100,20,2,0.0,0.45,0.2,gated_offline,1.0,1.0,deterministic,20.0,0.1,0.95,False,5619.374929952247,561937.4929952247,759476.5913513451,73.99010047108405,197539.0983561204,0.39,0.75,0.19181495496155496,0.025899574387227075,0.5779969580000284,tm_tw_refined_gated_offline,context_noise_refinement
tm_tw_refined,20263222,100,20,2,0.0,0.45,0.2,gated_offline,1.0,1.0,deterministic,20.0,0.1,0.95,False,3569.0015008911155,356900.1500891115,462890.7025875739,77.10246675814145,105990.55249846238,0.48,0.7,0.18901275182947816,0.02482031567193649,0.5760157919999642,tm_tw_refined_gated_offline,context_noise_refinement
tm_tw_refined,20263223,100,20,2,0.0,0.45,0.2,gated_offline,1.0,1.0,deterministic,20.0,0.1,0.95,False,7566.088674228678,756608.8674228678,1145288.119971444,66.06275348789376,388679.2525485761,0.4,0.62,0.18687668674396743,0.0248785492453891,0.5753761669999449,tm_tw_refined_gated_offline,context_noise_refinement
tm_tw_refined,20263224,100,20,2,0.0,0.45,0.2,gated_offline,1.0,1.0,deterministic,20.0,0.1,0.95,False,5566.645964476493,556664.5964476493,1001432.4437014888,55.58683463360832,444767.8472538395,0.36,0.52,0.188481374183088,0.025181966978829313,0.5802347919999988,tm_tw_refined_gated_offline,context_noise_refinement
tm_tw_refined,20263225,100,20,2,0.0,0.45,0.2,gated_offline,1.0,1.0,deterministic,20.0,0.1,0.95,False,6936.701709892317,693670.1709892317,827152.4549912403,83.8624327115825,133482.28400200862,0.49,0.71,0.18588431082760962,0.025078206051844243,0.5760685409999837,tm_tw_refined_gated_offline,context_noise_refinement
tm_tw_refined,20263226,100,20,2,0.0,0.45,0.2,gated_offline,1.0,1.0,deterministic,20.0,0.1,0.95,False,5225.059783724959,522505.97837249585,708007.6324711321,73.79948384861518,185501.65409863624,0.45,0.7,0.1915876862403088,0.02524389886441004,0.5758119589999637,tm_tw_refined_gated_offline,context_noise_refinement
tm_tw_refined,20263217,100,20,2,0.0,0.45,0.2,gated_offline,2.0,0.25,beta,20.0,0.1,0.95,False,8914.232565631835,891423.2565631835,1075662.7283303165,82.8720037503655,184239.47176713275,0.51,0.76,0.1882572439930245,0.0250463527139784,0.628709917000009,tm_tw_refined_gated_offline_best_beta,context_noise_refinement
tm_tw_refined,20263218,100,20,2,0.0,0.45,0.2,gated_offline,2.0,0.25,beta,20.0,0.1,0.95,False,8214.85587618648,821485.5876186481,1020865.2619495824,80.46954071586568,199379.6743309344,0.6,0.84,0.1939170063361925,0.0259921913117582,0.6319675409999945,tm_tw_refined_gated_offline_best_beta,context_noise_refinement
tm_tw_refined,20263219,100,20,2,0.0,0.45,0.2,gated_offline,2.0,0.25,beta,20.0,0.1,0.95,False,11015.457805586377,1101545.7805586376,1279960.9823207203,86.060887462476,178415.20176208275,0.47,0.69,0.1921922078960695,0.0257075166832728,0.6373993750000011,tm_tw_refined_gated_offline_best_beta,context_noise_refinement
tm_tw_refined,20263220,100,20,2,0.0,0.45,0.2,gated_offline,2.0,0.25,beta,20.0,0.1,0.95,False,6929.240140833993,692924.0140833993,911581.3122318002,76.01340711855227,218657.29814840085,0.47,0.71,0.18973142948904242,0.025668191836284746,0.5777262920000226,tm_tw_refined_gated_offline_best_beta,context_noise_refinement
tm_tw_refined,20263221,100,20,2,0.0,0.45,0.2,gated_offline,2.0,0.25,beta,20.0,0.1,0.95,False,5906.296243393015,590629.6243393015,816253.5633858272,72.3585967440515,225623.93904652575,0.45,0.71,0.19836980310046556,0.02608267814918381,0.5784257079999975,tm_tw_refined_gated_offline_best_beta,context_noise_refinement
tm_tw_refined,20263222,100,20,2,0.0,0.45,0.2,gated_offline,2.0,0.25,beta,20.0,0.1,0.95,False,4000.3128960253443,400031.28960253444,534499.4739445333,74.84222325802457,134468.18434199883,0.5,0.75,0.18640717517645014,0.0247017925891794,0.5807886669999789,tm_tw_refined_gated_offline_best_beta,context_noise_refinement
tm_tw_refined,20263223,100,20,2,0.0,0.45,0.2,gated_offline,2.0,0.25,beta,20.0,0.1,0.95,False,9040.43717622065,904043.717622065,1078999.1679100634,83.78539525411558,174955.45028799842,0.43,0.62,0.19399869259892705,0.025954078292010487,0.5785546249999811,tm_tw_refined_gated_offline_best_beta,context_noise_refinement
tm_tw_refined,20263224,100,20,2,0.0,0.45,0.2,gated_offline,2.0,0.25,beta,20.0,0.1,0.95,False,5044.765921620241,504476.5921620241,885903.9751568168,56.9448389790468,381427.38299479266,0.34,0.56,0.18717955196283534,0.02556096364474662,0.5763639999999555,tm_tw_refined_gated_offline_best_beta,context_noise_refinement
tm_tw_refined,20263225,100,20,2,0.0,0.45,0.2,gated_offline,2.0,0.25,beta,20.0,0.1,0.95,False,7300.691326671109,730069.1326671109,820300.9913179666,89.00015243113612,90231.85865085572,0.56,0.79,0.1865618122880287,0.024564114501079735,0.5808259169999701,tm_tw_refined_gated_offline_best_beta,context_noise_refinement
tm_tw_refined,20263226,100,20,2,0.0,0.45,0.2,gated_offline,2.0,0.25,beta,20.0,0.1,0.95,False,5336.337878709484,533633.7878709484,658603.8729238943,81.0249999748503,124970.08505294588,0.48,0.78,0.18959339658612315,0.025300196313549933,0.5936887090000482,tm_tw_refined_gated_offline_best_beta,context_noise_refinement
tm_tw_refined,20264173,100,20,2,0.0,0.45,0.2,gated_offline_low_rank,1.0,1.0,deterministic,20.0,0.1,0.95,False,7396.859431390955,739685.9431390956,1059674.6769346814,69.80311592221715,319988.7337955858,0.45,0.61,0.188005022541423,0.0245970591808893,0.7219131660000073,tm_tw_refined_gated_offline_low_rank,context_noise_refinement
tm_tw_refined,20264174,100,20,2,0.0,0.45,0.2,gated_offline_low_rank,1.0,1.0,deterministic,20.0,0.1,0.95,False,7627.797735791188,762779.7735791188,960292.621834748,79.43201439179461,197512.8482556292,0.58,0.72,0.1907539024054108,0.0258988635498408,0.7219673749999913,tm_tw_refined_gated_offline_low_rank,context_noise_refinement
tm_tw_refined,20264175,100,20,2,0.0,0.45,0.2,gated_offline_low_rank,1.0,1.0,deterministic,20.0,0.1,0.95,False,11005.473472937108,1100547.3472937108,1420117.8286725455,77.49690378314924,319570.4813788349,0.37,0.66,0.1853349837640784,0.025106792327428,0.7200706250000053,tm_tw_refined_gated_offline_low_rank,context_noise_refinement
tm_tw_refined,20264176,100,20,2,0.0,0.45,0.2,gated_offline_low_rank,1.0,1.0,deterministic,20.0,0.1,0.95,False,8453.389797342386,845338.9797342387,948521.2865686101,89.12177214202057,103182.30683437141,0.68,0.85,0.18697904515593464,0.02501512522213807,0.703846207999959,tm_tw_refined_gated_offline_low_rank,context_noise_refinement
tm_tw_refined,20264177,100,20,2,0.0,0.45,0.2,gated_offline_low_rank,1.0,1.0,deterministic,20.0,0.1,0.95,False,7020.4204166964455,702042.0416696445,830376.8818112562,84.54498879331976,128334.84014161164,0.54,0.76,0.19032299813317796,0.02582663601256402,0.7035935839999752,tm_tw_refined_gated_offline_low_rank,context_noise_refinement
tm_tw_refined,20264178,100,20,2,0.0,0.45,0.2,gated_offline_low_rank,1.0,1.0,deterministic,20.0,0.1,0.95,False,3750.065131653796,375006.5131653796,470889.7421179666,79.6378599114681,95883.228952587,0.48,0.73,0.18482719445917445,0.02456776333419583,0.6988993329999857,tm_tw_refined_gated_offline_low_rank,context_noise_refinement
tm_tw_refined,20264179,100,20,2,0.0,0.45,0.2,gated_offline_low_rank,1.0,1.0,deterministic,20.0,0.1,0.95,False,5934.860797324978,593486.0797324978,1054480.7481316978,56.282305844276564,460994.66839919996,0.31,0.58,0.1887129079290221,0.02511569547806341,0.7039672079999946,tm_tw_refined_gated_offline_low_rank,context_noise_refinement
tm_tw_refined,20264180,100,20,2,0.0,0.45,0.2,gated_offline_low_rank,1.0,1.0,deterministic,20.0,0.1,0.95,False,6880.348160459602,688034.8160459602,991325.4822131052,69.40554120629912,303290.666167145,0.4,0.55,0.1893065756021562,0.02523114195416623,0.6978468750000388,tm_tw_refined_gated_offline_low_rank,context_noise_refinement
tm_tw_refined,20264181,100,20,2,0.0,0.45,0.2,gated_offline_low_rank,1.0,1.0,deterministic,20.0,0.1,0.95,False,7036.484827050583,703648.4827050583,889811.7413973607,79.07835443933887,186163.2586923024,0.54,0.74,0.18684869584275327,0.025145715891834352,0.6988866250000001,tm_tw_refined_gated_offline_low_rank,context_noise_refinement
tm_tw_refined,20264182,100,20,2,0.0,0.45,0.2,gated_offline_low_rank,1.0,1.0,deterministic,20.0,0.1,0.95,False,5952.119984288147,595211.9984288147,763737.0875131261,77.93414882691356,168525.0890843114,0.51,0.69,0.18956159623497196,0.025503576163458695,0.7029244580000409,tm_tw_refined_gated_offline_low_rank,context_noise_refinement
tm_tw_refined,20264173,100,20,2,0.0,0.45,0.2,gated_offline_low_rank,0.5,0.25,beta,20.0,0.1,0.95,False,8597.389667396912,859738.9667396912,962834.8200418513,89.29246728969787,103095.85330215991,0.51,0.78,0.1901464232162598,0.0251409678162844,0.7854204589999938,tm_tw_refined_gated_offline_low_rank_best_beta,context_noise_refinement
tm_tw_refined,20264174,100,20,2,0.0,0.45,0.2,gated_offline_low_rank,0.5,0.25,beta,20.0,0.1,0.95,False,7825.860180113333,782586.0180113333,939765.1622920368,83.2746359848718,157179.1442807035,0.61,0.74,0.1878780336061922,0.0252079606259206,0.8139216249999777,tm_tw_refined_gated_offline_low_rank_best_beta,context_noise_refinement
tm_tw_refined,20264175,100,20,2,0.0,0.45,0.2,gated_offline_low_rank,0.5,0.25,beta,20.0,0.1,0.95,False,14737.2193545491,1473721.93545491,1604061.1934971912,91.87442109000128,130339.25804228126,0.6,0.79,0.1895112721783708,0.0254356920828921,0.7873516249999852,tm_tw_refined_gated_offline_low_rank_best_beta,context_noise_refinement
tm_tw_refined,20264176,100,20,2,0.0,0.45,0.2,gated_offline_low_rank,0.5,0.25,beta,20.0,0.1,0.95,False,6380.4850428444215,638048.5042844422,875018.7964461758,72.91826265627996,236970.2921617336,0.51,0.74,0.18813884939264497,0.02511914773957204,0.7056520000000432,tm_tw_refined_gated_offline_low_rank_best_beta,context_noise_refinement
tm_tw_refined,20264177,100,20,2,0.0,0.45,0.2,gated_offline_low_rank,0.5,0.25,beta,20.0,0.1,0.95,False,6200.879800735989,620087.9800735989,789050.5053412814,78.58660198251789,168962.5252676825,0.44,0.72,0.1882354679433905,0.025260960133058185,0.7074528329999907,tm_tw_refined_gated_offline_low_rank_best_beta,context_noise_refinement
tm_tw_refined,20264178,100,20,2,0.0,0.45,0.2,gated_offline_low_rank,0.5,0.25,beta,20.0,0.1,0.95,False,3907.826984743143,390782.6984743143,506585.45999432204,77.14052797304808,115802.76152000774,0.55,0.78,0.18895147494379302,0.025189652486419904,0.7093439170000124,tm_tw_refined_gated_offline_low_rank_best_beta,context_noise_refinement
tm_tw_refined,20264179,100,20,2,0.0,0.45,0.2,gated_offline_low_rank,0.5,0.25,beta,20.0,0.1,0.95,False,7598.679907172371,759867.9907172371,1200926.5981097997,63.2734749911637,441058.60739256255,0.38,0.61,0.19147797651278903,0.025559878234561087,0.7066317080000317,tm_tw_refined_gated_offline_low_rank_best_beta,context_noise_refinement
tm_tw_refined,20264180,100,20,2,0.0,0.45,0.2,gated_offline_low_rank,0.5,0.25,beta,20.0,0.1,0.95,False,4538.065787016525,453806.57870165247,938368.21215312,48.36124804999274,484561.6334514675,0.29,0.54,0.18992744297745848,0.025039475910173355,0.7045046250000269,tm_tw_refined_gated_offline_low_rank_best_beta,context_noise_refinement
tm_tw_refined,20264181,100,20,2,0.0,0.45,0.2,gated_offline_low_rank,0.5,0.25,beta,20.0,0.1,0.95,False,6871.55264376275,687155.264376275,844264.4971476415,81.39099378190578,157109.23277136649,0.5,0.71,0.18863899370290443,0.025041545376136537,0.7054178340000021,tm_tw_refined_gated_offline_low_rank_best_beta,context_noise_refinement
tm_tw_refined,20264182,100,20,2,0.0,0.45,0.2,gated_offline_low_rank,0.5,0.25,beta,20.0,0.1,0.95,False,6480.923810843265,648092.3810843264,793945.8084546118,81.62929688435737,145853.42737028538,0.55,0.8,0.19172421081066526,0.02520142936109074,0.708222166999974,tm_tw_refined_gated_offline_low_rank_best_beta,context_noise_refinement
tm_tw_refined,20265065,100,20,2,0.0,0.45,0.2,support_gated_offline_low_rank,0.5,0.25,beta,20.0,0.1,0.95,True,7899.709803009261,789970.9803009261,941994.7050649842,83.86150962986882,152023.72476405802,0.54,0.77,0.0964475798217631,0.0073526378949554,0.7751560000000097,tm_tw_refined_support_gated_offline_low_rank_best_beta,context_noise_refinement
tm_tw_refined,20265066,100,20,2,0.0,0.45,0.2,support_gated_offline_low_rank,0.5,0.25,beta,20.0,0.1,0.95,True,7830.476316372748,783047.6316372749,953915.9422296071,82.0876973506745,170868.31059233227,0.57,0.86,0.0967742032758486,0.0063106468341938,0.7805140420000072,tm_tw_refined_support_gated_offline_low_rank_best_beta,context_noise_refinement
tm_tw_refined,20265067,100,20,2,0.0,0.45,0.2,support_gated_offline_low_rank,0.5,0.25,beta,20.0,0.1,0.95,True,9807.794787844894,980779.4787844894,1218703.5473796048,80.47728103305454,237924.06859511533,0.52,0.77,0.0999844641909002,0.0073514272590989,0.7790898749999968,tm_tw_refined_support_gated_offline_low_rank_best_beta,context_noise_refinement
tm_tw_refined,20265068,100,20,2,0.0,0.45,0.2,support_gated_offline_low_rank,0.5,0.25,beta,20.0,0.1,0.95,True,6167.2804051208,616728.0405120801,881479.4553481966,69.96510659099411,264751.4148361165,0.51,0.69,0.09749431899545334,0.007445530241391276,0.7087530839999658,tm_tw_refined_support_gated_offline_low_rank_best_beta,context_noise_refinement
tm_tw_refined,20265069,100,20,2,0.0,0.45,0.2,support_gated_offline_low_rank,0.5,0.25,beta,20.0,0.1,0.95,True,6906.00610275669,690600.610275669,856147.1949672125,80.66377070850729,165546.58469154348,0.57,0.82,0.09783805313741803,0.006275965074849308,0.7050476660000413,tm_tw_refined_support_gated_offline_low_rank_best_beta,context_noise_refinement
tm_tw_refined,20265070,100,20,2,0.0,0.45,0.2,support_gated_offline_low_rank,0.5,0.25,beta,20.0,0.1,0.95,True,3204.4527485357567,320445.2748535757,484837.50542155135,66.09333462661027,164392.23056797567,0.4,0.7,0.10065971290445344,0.007429344034528597,0.7063600419999716,tm_tw_refined_support_gated_offline_low_rank_best_beta,context_noise_refinement
tm_tw_refined,20265071,100,20,2,0.0,0.45,0.2,support_gated_offline_low_rank,0.5,0.25,beta,20.0,0.1,0.95,True,7473.265353940422,747326.5353940421,1081992.6117421894,69.06946750687338,334666.07634814724,0.38,0.64,0.09230580289032896,0.006744525360350015,0.7062155830000165,tm_tw_refined_support_gated_offline_low_rank_best_beta,context_noise_refinement
tm_tw_refined,20265072,100,20,2,0.0,0.45,0.2,support_gated_offline_low_rank,0.5,0.25,beta,20.0,0.1,0.95,True,4576.192627737105,457619.2627737105,972464.5922138802,47.057678648423575,514845.3294401697,0.37,0.59,0.09818117863118023,0.007357826131884877,0.7076050839999652,tm_tw_refined_support_gated_offline_low_rank_best_beta,context_noise_refinement
tm_tw_refined,20265073,100,20,2,0.0,0.45,0.2,support_gated_offline_low_rank,0.5,0.25,beta,20.0,0.1,0.95,True,7482.92708671891,748292.708671891,879852.5569152638,85.04751197125373,131559.84824337275,0.58,0.84,0.09695955797853163,0.007021171978274917,0.7024315419999994,tm_tw_refined_support_gated_offline_low_rank_best_beta,context_noise_refinement
tm_tw_refined,20265074,100,20,2,0.0,0.45,0.2,support_gated_offline_low_rank,0.5,0.25,beta,20.0,0.1,0.95,True,5579.678393485676,557967.8393485675,690817.3858544428,80.76922364344387,132849.5465058753,0.59,0.8,0.10419977281407965,0.0066671135207866635,0.707443875000024,tm_tw_refined_support_gated_offline_low_rank_best_beta,context_noise_refinement
tm_tw_refined,20263497,100,20,2,0.0,0.45,0.2,support_offline,1.0,1.0,deterministic,20.0,0.1,0.95,True,8124.562108338226,812456.2108338226,1089667.8917208298,74.55998446928378,277211.68088700715,0.43,0.68,0.0950999578664507,0.0077553389972172,0.5909432500000094,tm_tw_refined_support_offline,context_noise_refinement
tm_tw_refined,20263498,100,20,2,0.0,0.45,0.2,support_offline,1.0,1.0,deterministic,20.0,0.1,0.95,True,7539.778526567783,753977.8526567783,947044.642713944,79.61376039212949,193066.79005716575,0.62,0.88,0.0951782890534151,0.0072936525004276,0.5907799160000025,tm_tw_refined_support_offline,context_noise_refinement
tm_tw_refined,20263499,100,20,2,0.0,0.45,0.2,support_offline,1.0,1.0,deterministic,20.0,0.1,0.95,True,9055.014325432574,905501.4325432574,1269286.876555235,71.33938349703351,363785.4440119775,0.48,0.68,0.096936823319186,0.0064691922406965,0.5909314170000073,tm_tw_refined_support_offline,context_noise_refinement
tm_tw_refined,20263500,100,20,2,0.0,0.45,0.2,support_offline,1.0,1.0,deterministic,20.0,0.1,0.95,True,6397.331924574491,639733.192457449,947746.2995264066,67.5004685090437,308013.1070689575,0.44,0.66,0.1070033860455092,0.007733835929684152,0.5714100410000356,tm_tw_refined_support_offline,context_noise_refinement
tm_tw_refined,20263501,100,20,2,0.0,0.45,0.2,support_offline,1.0,1.0,deterministic,20.0,0.1,0.95,True,5926.2943472404695,592629.434724047,784023.440307109,75.58822915956551,191394.00558306207,0.47,0.75,0.10253560551906571,0.007403262413018657,0.5711157079999793,tm_tw_refined_support_offline,context_noise_refinement
tm_tw_refined,20263502,100,20,2,0.0,0.45,0.2,support_offline,1.0,1.0,deterministic,20.0,0.1,0.95,True,3756.3603688122716,375636.03688122716,452946.1354174931,82.93172355582479,77310.09853626596,0.43,0.7,0.10137900096420435,0.0075190441041990816,0.5729744160000223,tm_tw_refined_support_offline,context_noise_refinement
tm_tw_refined,20263503,100,20,2,0.0,0.45,0.2,support_offline,1.0,1.0,deterministic,20.0,0.1,0.95,True,11153.12624089854,1115312.624089854,1362380.3845163917,81.86499429715145,247067.7604265376,0.51,0.71,0.09982240310773507,0.007194862664475953,0.5748578749999638,tm_tw_refined_support_offline,context_noise_refinement
tm_tw_refined,20263504,100,20,2,0.0,0.45,0.2,support_offline,1.0,1.0,deterministic,20.0,0.1,0.95,True,6445.758182192187,644575.8182192186,924116.8151635502,69.75046959892636,279540.99694433156,0.42,0.59,0.10072235326581012,0.007057017906977128,0.5724492499999769,tm_tw_refined_support_offline,context_noise_refinement
tm_tw_refined,20263505,100,20,2,0.0,0.45,0.2,support_offline,1.0,1.0,deterministic,20.0,0.1,0.95,True,7199.412918278714,719941.2918278713,854664.164869257,84.23674718338108,134722.87304138567,0.53,0.75,0.10029536333606694,0.007710720741095401,0.5931357919999982,tm_tw_refined_support_offline,context_noise_refinement
tm_tw_refined,20263506,100,20,2,0.0,0.45,0.2,support_offline,1.0,1.0,deterministic,20.0,0.1,0.95,True,6181.155049136941,618115.5049136941,707643.0369601775,87.34848965220279,89527.53204648336,0.56,0.76,0.09917261555092828,0.007021469681126486,0.5779745410000032,tm_tw_refined_support_offline,context_noise_refinement
tm_tw,20262669,100,20,2,0.0,0.45,0.2,support_offline,1.0,1.0,deterministic,20.0,0.1,0.95,True,6925.21806879678,692521.806879678,979332.1416156108,70.71368103340508,286810.3347359329,0.45,0.67,0.1009732304529983,0.0077036245148191,0.5899612499999876,tm_tw_support_offline,context_noise_refinement
tm_tw,20262670,100,20,2,0.0,0.45,0.2,support_offline,1.0,1.0,deterministic,20.0,0.1,0.95,True,4913.296151335493,491329.6151335493,1004917.2394286992,48.89254516251238,513587.6242951498,0.38,0.55,0.1130816248992388,0.0084395089334618,0.5881013339999868,tm_tw_support_offline,context_noise_refinement
tm_tw,20262671,100,20,2,0.0,0.45,0.2,support_offline,1.0,1.0,deterministic,20.0,0.1,0.95,True,8106.472169268735,810647.2169268735,1226222.6903862664,66.10929835848295,415575.4734593929,0.47,0.64,0.1057283523703536,0.007943366555614,0.5888451659999987,tm_tw_support_offline,context_noise_refinement
tm_tw,20262672,100,20,2,0.0,0.45,0.2,support_offline,1.0,1.0,deterministic,20.0,0.1,0.95,True,4033.6431861266365,403364.31861266366,883082.0982088484,45.67687641169556,479717.77959618473,0.23,0.58,0.10385400552544047,0.007948294136049586,0.5741953750000448,tm_tw_support_offline,context_noise_refinement
tm_tw,20262673,100,20,2,0.0,0.45,0.2,support_offline,1.0,1.0,deterministic,20.0,0.1,0.95,True,2952.1773496951423,295217.73496951425,722213.2331369643,40.87681053519655,426995.49816745,0.2,0.49,0.10637476280901922,0.008202383356845803,0.5859864170000151,tm_tw_support_offline,context_noise_refinement
tm_tw,20262674,100,20,2,0.0,0.45,0.2,support_offline,1.0,1.0,deterministic,20.0,0.1,0.95,True,2319.2358856001306,231923.58856001307,498206.12948251003,46.551733275725375,266282.54092249693,0.32,0.53,0.10803313081924758,0.007051207789380404,0.593034375000002,tm_tw_support_offline,context_noise_refinement
tm_tw,20262675,100,20,2,0.0,0.45,0.2,support_offline,1.0,1.0,deterministic,20.0,0.1,0.95,True,5665.841719637812,566584.1719637812,1279798.474261006,44.27135860518539,713214.3022972249,0.2,0.44,0.09685743000129135,0.007274817493596877,0.5885843749999822,tm_tw_support_offline,context_noise_refinement
tm_tw,20262676,100,20,2,0.0,0.45,0.2,support_offline,1.0,1.0,deterministic,20.0,0.1,0.95,True,7288.007840053265,728800.7840053265,1131752.0305403254,64.39580087675033,402951.246534999,0.36,0.6,0.0989335044160034,0.007665197849977015,0.5891070410000339,tm_tw_support_offline,context_noise_refinement
tm_tw,20262677,100,20,2,0.0,0.45,0.2,support_offline,1.0,1.0,deterministic,20.0,0.1,0.95,True,2845.2923491517995,284529.23491517996,871493.1701628246,32.64847558839964,586963.9352476445,0.16,0.34,0.09725219249298186,0.007472421942382257,0.5890582499999937,tm_tw_support_offline,context_noise_refinement
tm_tw,20262678,100,20,2,0.0,0.45,0.2,support_offline,1.0,1.0,deterministic,20.0,0.1,0.95,True,2914.418914254215,291441.8914254215,698764.4564031531,41.708173441677424,407322.5649777316,0.24,0.47,0.0986168115329226,0.007441889366492648,0.5836140000000114,tm_tw_support_offline,context_noise_refinement
tw,20261245,100,20,2,0.0,0.45,0.2,dense,1.0,1.0,deterministic,20.0,0.1,0.95,False,4481.236007353435,448123.60073534347,915942.876553297,48.924841516496905,467819.2758179536,0.28,0.52,0.2800920518376754,0.0360298312006585,0.5815712079999855,tw_dense,context_noise_refinement
tw,20261246,100,20,2,0.0,0.45,0.2,dense,1.0,1.0,deterministic,20.0,0.1,0.95,False,6107.915950406392,610791.5950406392,1029879.2074479234,59.30711005946048,419087.6124072842,0.46,0.72,0.2711175681879651,0.0335132273416866,0.5843341670000086,tw_dense,context_noise_refinement
tw,20261247,100,20,2,0.0,0.45,0.2,dense,1.0,1.0,deterministic,20.0,0.1,0.95,False,10248.432775655465,1024843.2775655465,1284735.242963427,79.77077636646736,259891.96539788065,0.5,0.62,0.2678516293035285,0.0346171172701129,0.5803300000000036,tw_dense,context_noise_refinement
tw,20261248,100,20,2,0.0,0.45,0.2,dense,1.0,1.0,deterministic,20.0,0.1,0.95,False,5401.251450684138,540125.1450684138,952870.6621222062,56.68399359315593,412745.51705379237,0.43,0.61,0.2698045582013395,0.03343667776192741,0.5653508329999681,tw_dense,context_noise_refinement
tw,20261249,100,20,2,0.0,0.45,0.2,dense,1.0,1.0,deterministic,20.0,0.1,0.95,False,4984.75263901464,498475.26390146406,761912.3202484895,65.42422935737432,263437.05634702544,0.36,0.64,0.2706028086478048,0.03409368290609375,0.5713234169999737,tw_dense,context_noise_refinement
tw,20261250,100,20,2,0.0,0.45,0.2,dense,1.0,1.0,deterministic,20.0,0.1,0.95,False,2451.6315281013813,245163.15281013813,490094.14235099783,50.02368557887315,244930.9895408597,0.28,0.51,0.2647978854873385,0.03463025815522249,0.5634896660000095,tw_dense,context_noise_refinement
tw,20261251,100,20,2,0.0,0.45,0.2,dense,1.0,1.0,deterministic,20.0,0.1,0.95,False,7355.415803628887,735541.5803628888,1293582.8100270063,56.86080354975749,558041.2296641176,0.27,0.46,0.2612876941154985,0.03334709022155527,0.56333699999999,tw_dense,context_noise_refinement
tw,20261252,100,20,2,0.0,0.45,0.2,dense,1.0,1.0,deterministic,20.0,0.1,0.95,False,2333.430921209699,233343.09212096993,941975.0693396296,24.77168448678316,708631.9772186597,0.11,0.32,0.2721737233865892,0.03442001598813296,0.5656186249999564,tw_dense,context_noise_refinement
tw,20261253,100,20,2,0.0,0.45,0.2,dense,1.0,1.0,deterministic,20.0,0.1,0.95,False,3373.8228830983153,337382.2883098315,818714.4921249449,41.20878420438944,481332.2038151134,0.23,0.45,0.2652550897580932,0.032452397934922904,0.5648014999999873,tw_dense,context_noise_refinement
tw,20261254,100,20,2,0.0,0.45,0.2,dense,1.0,1.0,deterministic,20.0,0.1,0.95,False,3236.230961271346,323623.09612713463,804735.4143470553,40.21484457593001,481112.3182199206,0.19,0.42,0.26316017045978596,0.03332583271064013,0.5669392909999829,tw_dense,context_noise_refinement
tw,20262069,100,20,2,0.0,0.45,0.2,gated_offline,1.0,1.0,deterministic,20.0,0.1,0.95,False,3867.501606763805,386750.1606763805,978288.4621191048,39.5333458025895,591538.3014427242,0.2,0.51,0.1947409381805653,0.0254596262998695,0.5814259579999828,tw_gated_offline,context_noise_refinement
tw,20262070,100,20,2,0.0,0.45,0.2,gated_offline,1.0,1.0,deterministic,20.0,0.1,0.95,False,3891.62251303126,389162.251303126,975662.6729005938,39.88696730050839,586500.4215974679,0.28,0.5,0.1927753576291112,0.0262705490521506,0.5827649999999949,tw_gated_offline,context_noise_refinement
tw,20262071,100,20,2,0.0,0.45,0.2,gated_offline,1.0,1.0,deterministic,20.0,0.1,0.95,False,6841.418748399438,684141.8748399438,1572508.1601889555,43.50641174146504,888366.2853490119,0.44,0.74,0.1895010485554448,0.0255781077292568,0.580108249999995,tw_gated_offline,context_noise_refinement
tw,20262072,100,20,2,0.0,0.45,0.2,gated_offline,1.0,1.0,deterministic,20.0,0.1,0.95,False,4790.046609970842,479004.6609970842,904741.6358482726,52.94380649874441,425736.97485118837,0.33,0.57,0.1855113552045733,0.024149033723102824,0.5647114999999872,tw_gated_offline,context_noise_refinement
tw,20262073,100,20,2,0.0,0.45,0.2,gated_offline,1.0,1.0,deterministic,20.0,0.1,0.95,False,6855.600792621528,685560.0792621528,948445.3664541526,72.28250603671354,262885.28719199984,0.47,0.72,0.19271763973552142,0.025651215621856464,0.5632101250000119,tw_gated_offline,context_noise_refinement
tw,20262074,100,20,2,0.0,0.45,0.2,gated_offline,1.0,1.0,deterministic,20.0,0.1,0.95,False,3089.675162457535,308967.5162457535,503148.5138385536,61.40682278650088,194180.99759280012,0.34,0.6,0.18629032118419703,0.0244554781906349,0.5661743339999816,tw_gated_offline,context_noise_refinement
tw,20262075,100,20,2,0.0,0.45,0.2,gated_offline,1.0,1.0,deterministic,20.0,0.1,0.95,False,6084.938433322021,608493.8433322022,1203120.2514385055,50.57631127101877,594626.4081063033,0.37,0.58,0.1860702210490155,0.024764745795952038,0.5639599579999981,tw_gated_offline,context_noise_refinement
tw,20262076,100,20,2,0.0,0.45,0.2,gated_offline,1.0,1.0,deterministic,20.0,0.1,0.95,False,3334.11676411238,333411.67641123803,936398.7889485185,35.605735541972,602987.1125372804,0.22,0.44,0.19555796999726366,0.02555301033696216,0.5675510000000372,tw_gated_offline,context_noise_refinement
tw,20262077,100,20,2,0.0,0.45,0.2,gated_offline,1.0,1.0,deterministic,20.0,0.1,0.95,False,4349.309509242464,434930.95092424634,872324.449632856,49.85885138348468,437393.4987086096,0.3,0.55,0.19615198217865415,0.02580683371828945,0.5676831250000305,tw_gated_offline,context_noise_refinement
tw,20262078,100,20,2,0.0,0.45,0.2,gated_offline,1.0,1.0,deterministic,20.0,0.1,0.95,False,5156.955269080005,515695.52690800047,756077.0058831213,68.2067465212293,240381.47897512082,0.43,0.68,0.18948490575120217,0.025213823707555302,0.5677435420000165,tw_gated_offline,context_noise_refinement
tw,20263025,100,20,2,0.0,0.45,0.2,gated_offline_low_rank,1.0,1.0,deterministic,20.0,0.1,0.95,False,6568.64558977798,656864.558977798,1083101.0620393744,60.64665449971822,426236.5030615764,0.39,0.61,0.1870088832524572,0.0249209974435378,0.7128625410000211,tw_gated_offline_low_rank,context_noise_refinement
tw,20263026,100,20,2,0.0,0.45,0.2,gated_offline_low_rank,1.0,1.0,deterministic,20.0,0.1,0.95,False,6020.873689546621,602087.3689546621,877509.5764695462,68.61319637980696,275422.20751488407,0.46,0.72,0.1901763777821093,0.0252075855054085,0.7119328329999917,tw_gated_offline_low_rank,context_noise_refinement
tw,20263027,100,20,2,0.0,0.45,0.2,gated_offline_low_rank,1.0,1.0,deterministic,20.0,0.1,0.95,False,10408.419201178353,1040841.9201178352,1441536.74809467,72.2036341767598,400694.8279768349,0.39,0.56,0.1891484240853379,0.0247627914986882,0.7136831659999814,tw_gated_offline_low_rank,context_noise_refinement
tw,20263028,100,20,2,0.0,0.45,0.2,gated_offline_low_rank,1.0,1.0,deterministic,20.0,0.1,0.95,False,4274.984141362968,427498.41413629684,927474.1261527172,46.09275904111909,499975.7120164203,0.34,0.6,0.18956197654530096,0.024997011240822826,0.6896956670000236,tw_gated_offline_low_rank,context_noise_refinement
tw,20263029,100,20,2,0.0,0.45,0.2,gated_offline_low_rank,1.0,1.0,deterministic,20.0,0.1,0.95,False,5766.028252026612,576602.8252026612,840696.692524297,68.58630827621542,264093.86732163583,0.43,0.55,0.18770306812658324,0.02481996663474871,0.694004542000016,tw_gated_offline_low_rank,context_noise_refinement
tw,20263030,100,20,2,0.0,0.45,0.2,gated_offline_low_rank,1.0,1.0,deterministic,20.0,0.1,0.95,False,2750.8458909667056,275084.58909667056,535068.8648427738,51.41106260733415,259984.2757461032,0.35,0.56,0.18808397112143774,0.025189619431044176,0.6914774170000442,tw_gated_offline_low_rank,context_noise_refinement
tw,20263031,100,20,2,0.0,0.45,0.2,gated_offline_low_rank,1.0,1.0,deterministic,20.0,0.1,0.95,False,4323.245496491697,432324.54964916967,1171008.6445759796,36.9189887411731,738684.0949268099,0.22,0.52,0.18978805931094864,0.024990729711773345,0.6903985409999791,tw_gated_offline_low_rank,context_noise_refinement
tw,20263032,100,20,2,0.0,0.45,0.2,gated_offline_low_rank,1.0,1.0,deterministic,20.0,0.1,0.95,False,3364.1553457658224,336415.53457658226,898114.6128930285,37.45797359792559,561699.0783164463,0.3,0.49,0.18744149202039762,0.02509945268264716,0.6920419999999581,tw_gated_offline_low_rank,context_noise_refinement
tw,20263033,100,20,2,0.0,0.45,0.2,gated_offline_low_rank,1.0,1.0,deterministic,20.0,0.1,0.95,False,4892.462077710008,489246.2077710008,828646.3202611768,59.04161954364291,339400.112490176,0.36,0.58,0.18969835342328226,0.025234953031881408,0.7375435840000364,tw_gated_offline_low_rank,context_noise_refinement
tw,20263034,100,20,2,0.0,0.45,0.2,gated_offline_low_rank,1.0,1.0,deterministic,20.0,0.1,0.95,False,5126.607487099275,512660.74870992755,741589.5340342281,69.12998703218831,228928.78532430052,0.39,0.75,0.19517331787449038,0.02590154027140648,0.8230143330000033,tw_gated_offline_low_rank,context_noise_refinement
tw,20262349,100,20,2,0.0,0.45,0.2,support_offline,1.0,1.0,deterministic,20.0,0.1,0.95,True,5965.612266380736,596561.2266380736,1026903.3149487926,58.093222405053936,430342.088310719,0.41,0.65,0.0996485855647479,0.0063261310505803,0.5804506249999974,tw_support_offline,context_noise_refinement
tw,20262350,100,20,2,0.0,0.45,0.2,support_offline,1.0,1.0,deterministic,20.0,0.1,0.95,True,7069.727609277611,706972.7609277611,1020170.8680155864,69.2994461117037,313198.1070878252,0.55,0.77,0.0964910938441847,0.0067288424838075,0.5789580000000001,tw_support_offline,context_noise_refinement
tw,20262351,100,20,2,0.0,0.45,0.2,support_offline,1.0,1.0,deterministic,20.0,0.1,0.95,True,14425.101411364849,1442510.1411364847,1565841.4667616324,92.1236390628859,123331.32562514769,0.76,0.85,0.0987427963925941,0.0074487890502378,0.5794773340000177,tw_support_offline,context_noise_refinement
tw,20262352,100,20,2,0.0,0.45,0.2,support_offline,1.0,1.0,deterministic,20.0,0.1,0.95,True,3232.0460130013803,323204.60130013805,770660.6180045123,41.9386424775433,447456.0167043742,0.23,0.52,0.10387354981741262,0.007038073093773956,0.5878090420000035,tw_support_offline,context_noise_refinement
tw,20262353,100,20,2,0.0,0.45,0.2,support_offline,1.0,1.0,deterministic,20.0,0.1,0.95,True,4648.662043547614,464866.20435476146,763608.3689782802,60.87756803618583,298742.16462351877,0.36,0.56,0.10009316606686161,0.007633322597229016,0.5795674579999854,tw_support_offline,context_noise_refinement
tw,20262354,100,20,2,0.0,0.45,0.2,support_offline,1.0,1.0,deterministic,20.0,0.1,0.95,True,2658.2262664036375,265822.6266403638,505319.01525203686,52.604912662504894,239496.3886116731,0.35,0.56,0.10476816558483555,0.008180128465011888,0.5791414170000166,tw_support_offline,context_noise_refinement
tw,20262355,100,20,2,0.0,0.45,0.2,support_offline,1.0,1.0,deterministic,20.0,0.1,0.95,True,4555.708909041192,455570.8909041192,1053992.348332092,43.22335846413355,598421.4574279727,0.27,0.45,0.10286200574052286,0.007271983031446121,0.5811595839999768,tw_support_offline,context_noise_refinement
tw,20262356,100,20,2,0.0,0.45,0.2,support_offline,1.0,1.0,deterministic,20.0,0.1,0.95,True,6847.166481810943,684716.6481810943,1105864.2298529637,61.916881810358824,421147.5816718694,0.29,0.54,0.0992392541626152,0.006379267688448934,0.5833207090000201,tw_support_offline,context_noise_refinement
tw,20262357,100,20,2,0.0,0.45,0.2,support_offline,1.0,1.0,deterministic,20.0,0.1,0.95,True,6107.282696574594,610728.2696574595,857734.6071319681,71.2024750522273,247006.33747450868,0.48,0.63,0.09962953331259121,0.006977133656233074,0.5785050410000281,tw_support_offline,context_noise_refinement
tw,20262358,100,20,2,0.0,0.45,0.2,support_offline,1.0,1.0,deterministic,20.0,0.1,0.95,True,4123.118406326199,412311.8406326199,654708.7480086181,62.976375661195924,242396.9073759982,0.26,0.55,0.10429575347324006,0.007045397502548265,0.613052792000019,tw_support_offline,context_noise_refinement
exp4,20261395,100,20,2,0.0,0.45,0.3,dense,1.0,1.0,deterministic,20.0,0.1,0.95,False,6096.210602233325,609621.0602233325,936809.723799634,65.07416017745338,327188.66357630165,0.43,0.71,0.2888702906381434,0.038308843716119,0.5963894159999938,exp4_dense,context_noise_refinement
exp4,20261396,100,20,2,0.0,0.45,0.3,dense,1.0,1.0,deterministic,20.0,0.1,0.95,False,6761.476930664399,676147.6930664399,952250.0684851626,71.00526589008854,276102.37541872263,0.54,0.74,0.2940600261778139,0.0395374803513177,0.599735083000013,exp4_dense,context_noise_refinement
exp4,20261397,100,20,2,0.0,0.45,0.3,dense,1.0,1.0,deterministic,20.0,0.1,0.95,False,11267.09067633976,1126709.067633976,1560693.8058625872,72.19283266208966,433984.7382286112,0.44,0.69,0.2925144812387218,0.0396058432374409,0.5997359579999966,exp4_dense,context_noise_refinement
exp4,20261398,100,20,2,0.0,0.45,0.3,dense,1.0,1.0,deterministic,20.0,0.1,0.95,False,6473.717930209237,647371.7930209237,882642.6663371456,73.34472009011688,235270.87331622187,0.44,0.68,0.2813513944504514,0.03792593671980263,0.6325041669999791,exp4_dense,context_noise_refinement
exp4,20261399,100,20,2,0.0,0.45,0.3,dense,1.0,1.0,deterministic,20.0,0.1,0.95,False,3744.676764554895,374467.6764554895,808545.4365143284,46.31374559107458,434077.7600588389,0.27,0.53,0.2840993220956206,0.036906867739963316,0.6133422500000165,exp4_dense,context_noise_refinement
exp4,20261400,100,20,2,0.0,0.45,0.3,dense,1.0,1.0,deterministic,20.0,0.1,0.95,False,3578.1632626789055,357816.3262678906,492104.52029553056,72.71144878998592,134288.19402763998,0.46,0.67,0.2878789812419899,0.03824991892716571,0.5875783339999998,exp4_dense,context_noise_refinement
exp4,20261401,100,20,2,0.0,0.45,0.3,dense,1.0,1.0,deterministic,20.0,0.1,0.95,False,8738.242743216257,873824.2743216257,1300958.834431912,67.16771132141143,427134.56011028634,0.44,0.6,0.28559090949444044,0.039229187637532865,0.5880760410000221,exp4_dense,context_noise_refinement
exp4,20261402,100,20,2,0.0,0.45,0.3,dense,1.0,1.0,deterministic,20.0,0.1,0.95,False,5324.052700191363,532405.2700191364,938687.9513487851,56.71802533037013,406282.6813296487,0.35,0.6,0.29483726059426424,0.03982555996072401,0.5837176250000198,exp4_dense,context_noise_refinement
exp4,20261403,100,20,2,0.0,0.45,0.3,dense,1.0,1.0,deterministic,20.0,0.1,0.95,False,4400.626241223113,440062.62412231124,815949.4336009168,53.932585280468146,375886.8094786055,0.37,0.57,0.2846126299276794,0.037899781388369115,0.5789941250000084,exp4_dense,context_noise_refinement
exp4,20261404,100,20,2,0.0,0.45,0.3,dense,1.0,1.0,deterministic,20.0,0.1,0.95,False,5288.07249141302,528807.249141302,720585.0329866539,73.38582192715292,191777.7838453519,0.44,0.71,0.2885491260630164,0.03937079321851076,0.5909781670000029,exp4_dense,context_noise_refinement
global_ucb_tw,20262374,100,20,2,0.0,0.45,0.3,dense,1.0,1.0,deterministic,20.0,0.1,0.95,False,5188.89576682452,518889.57668245205,1032773.967169524,50.242317600679726,513884.390487072,0.37,0.55,0.2847630687309732,0.037417467933873,0.5926616250000052,global_ucb_tw_dense,context_noise_refinement
global_ucb_tw,20262375,100,20,2,0.0,0.45,0.3,dense,1.0,1.0,deterministic,20.0,0.1,0.95,False,3390.011015741449,339001.1015741449,1013809.0739832956,33.43835740611358,674807.9724091508,0.14,0.41,0.2895528887425569,0.038076787849969,0.5884289169999875,global_ucb_tw_dense,context_noise_refinement
global_ucb_tw,20262376,100,20,2,0.0,0.45,0.3,dense,1.0,1.0,deterministic,20.0,0.1,0.95,False,1693.9734707905698,169397.34707905698,1062800.6359394433,15.938769826696737,893403.2888603862,0.13,0.4,0.2871075282536163,0.0375854983501203,0.5930134999999837,global_ucb_tw_dense,context_noise_refinement
global_ucb_tw,20262377,100,20,2,0.0,0.45,0.3,dense,1.0,1.0,deterministic,20.0,0.1,0.95,False,4717.5299176030585,471752.9917603059,945117.4730136625,49.91474660351415,473364.4812533566,0.32,0.54,0.2872081900617585,0.038154490184090756,0.5762769170000297,global_ucb_tw_dense,context_noise_refinement
global_ucb_tw,20262378,100,20,2,0.0,0.45,0.3,dense,1.0,1.0,deterministic,20.0,0.1,0.95,False,4907.509919350843,490750.99193508434,828815.0817065341,59.21115611514039,338064.0897714498,0.28,0.53,0.28642787462240193,0.038017505160871774,0.5757709169999998,global_ucb_tw_dense,context_noise_refinement
global_ucb_tw,20262379,100,20,2,0.0,0.45,0.3,dense,1.0,1.0,deterministic,20.0,0.1,0.95,False,2328.2921492455425,232829.21492455425,497828.7715929066,46.76893506567907,264999.55666835234,0.25,0.45,0.28962362650512147,0.037480885891727544,0.5725509580000221,global_ucb_tw_dense,context_noise_refinement
global_ucb_tw,20262380,100,20,2,0.0,0.45,0.3,dense,1.0,1.0,deterministic,20.0,0.1,0.95,False,5582.093294875248,558209.3294875248,1279036.7316462728,43.642947514810054,720827.402158748,0.21,0.42,0.28789434626560817,0.037848000588728115,0.5916205419999869,global_ucb_tw_dense,context_noise_refinement
global_ucb_tw,20262381,100,20,2,0.0,0.45,0.3,dense,1.0,1.0,deterministic,20.0,0.1,0.95,False,4466.711568449655,446671.1568449655,883900.3427203828,50.534108344187786,437229.1858754174,0.37,0.57,0.28843240768119627,0.0382491894695889,0.5952752919999966,global_ucb_tw_dense,context_noise_refinement
global_ucb_tw,20262382,100,20,2,0.0,0.45,0.3,dense,1.0,1.0,deterministic,20.0,0.1,0.95,False,3376.572224386065,337657.2224386065,833372.4212544543,40.516966223857,495715.1988158478,0.26,0.42,0.28728867906955796,0.03776616120446363,0.595658291999996,global_ucb_tw_dense,context_noise_refinement
global_ucb_tw,20262383,100,20,2,0.0,0.45,0.3,dense,1.0,1.0,deterministic,20.0,0.1,0.95,False,4193.473759091075,419347.3759091075,755933.4187044326,55.47411525049548,336586.04279532505,0.3,0.59,0.29340238998458706,0.03902388260020215,0.6007682919999979,global_ucb_tw_dense,context_noise_refinement
local_ucb_tw,20262272,100,20,2,0.0,0.45,0.3,dense,1.0,1.0,deterministic,20.0,0.1,0.95,False,6953.405356158959,695340.5356158959,1068266.9646319558,65.09052124956965,372926.42901606,0.36,0.7,0.2812527934435864,0.0375354857933317,0.589611375000004,local_ucb_tw_dense,context_noise_refinement
local_ucb_tw,20262273,100,20,2,0.0,0.45,0.3,dense,1.0,1.0,deterministic,20.0,0.1,0.95,False,6162.067862756079,616206.7862756079,976898.5659964482,63.077867828280574,360691.7797208403,0.44,0.64,0.2895888391916105,0.0392065308680857,0.5945370000000025,local_ucb_tw_dense,context_noise_refinement
local_ucb_tw,20262274,100,20,2,0.0,0.45,0.3,dense,1.0,1.0,deterministic,20.0,0.1,0.95,False,3913.101731544608,391310.1731544608,1270067.5330778016,30.810186306092277,878757.3599233408,0.19,0.45,0.2885896765472193,0.0374454903948484,0.5919753750000041,local_ucb_tw_dense,context_noise_refinement
local_ucb_tw,20262275,100,20,2,0.0,0.45,0.3,dense,1.0,1.0,deterministic,20.0,0.1,0.95,False,5705.433653821554,570543.3653821554,913675.7711596556,62.444839120338095,343132.40577750024,0.42,0.62,0.2845550810296936,0.03826856191834794,0.6010227500000269,local_ucb_tw_dense,context_noise_refinement
local_ucb_tw,20262276,100,20,2,0.0,0.45,0.3,dense,1.0,1.0,deterministic,20.0,0.1,0.95,False,6370.935486432424,637093.5486432425,803180.1747035674,79.32137379740192,166086.62606032495,0.47,0.68,0.29206235918096846,0.03883701803031332,0.5945422499999609,local_ucb_tw_dense,context_noise_refinement
local_ucb_tw,20262277,100,20,2,0.0,0.45,0.3,dense,1.0,1.0,deterministic,20.0,0.1,0.95,False,3056.6245238610636,305662.45238610636,516263.5234523909,59.20667227118054,210601.07106628455,0.4,0.63,0.28832601584173956,0.038640994209467816,0.5920747499999948,local_ucb_tw_dense,context_noise_refinement
local_ucb_tw,20262278,100,20,2,0.0,0.45,0.3,dense,1.0,1.0,deterministic,20.0,0.1,0.95,False,4881.184027258345,488118.40272583446,1308227.980996676,37.31141741472006,820109.5782708416,0.23,0.51,0.29403126740383023,0.038638527623905655,0.5976737500000127,local_ucb_tw_dense,context_noise_refinement
local_ucb_tw,20262279,100,20,2,0.0,0.45,0.3,dense,1.0,1.0,deterministic,20.0,0.1,0.95,False,5120.496655208376,512049.6655208376,1086074.8406373183,47.14681220498233,574025.1751164808,0.4,0.6,0.2862290495327968,0.036821029739004064,0.5869142919999604,local_ucb_tw_dense,context_noise_refinement
local_ucb_tw,20262280,100,20,2,0.0,0.45,0.3,dense,1.0,1.0,deterministic,20.0,0.1,0.95,False,5517.770737940113,551777.0737940113,858412.1446543359,64.27880560988568,306635.07086032466,0.37,0.59,0.28689853000793636,0.03807803941184826,0.5945341249999956,local_ucb_tw_dense,context_noise_refinement
local_ucb_tw,20262281,100,20,2,0.0,0.45,0.3,dense,1.0,1.0,deterministic,20.0,0.1,0.95,False,3510.5584532759303,351055.84532759304,727953.6982634263,48.22502394933306,376897.8529358333,0.31,0.56,0.2897841562528904,0.03793655888413378,0.6187990000000241,local_ucb_tw_dense,context_noise_refinement
oracle,20261640,100,20,2,0.0,0.45,0.3,dense,1.0,1.0,deterministic,20.0,0.1,0.95,False,8895.429969985005,889542.9969985005,1023424.9253164122,86.91824627228817,133881.9283179117,0.68,0.86,0.2856617334987997,0.0385075659797485,0.0221315419999825,oracle,context_noise_refinement
oracle,20261641,100,20,2,0.0,0.45,0.3,dense,1.0,1.0,deterministic,20.0,0.1,0.95,False,7980.483896576434,798048.3896576434,965509.732817904,82.65565457620882,167461.3431602606,0.74,0.89,0.2936581363981046,0.0389795000133801,0.0221562499999947,oracle,context_noise_refinement
oracle,20261642,100,20,2,0.0,0.45,0.3,dense,1.0,1.0,deterministic,20.0,0.1,0.95,False,12895.434271825228,1289543.4271825228,1364364.579990258,94.51604403214064,74821.15280773514,0.8,0.89,0.2821324196419884,0.0379126572428997,0.0223655419999886,oracle,context_noise_refinement
oracle,20261643,100,20,2,0.0,0.45,0.3,dense,1.0,1.0,deterministic,20.0,0.1,0.95,False,8580.014207725166,858001.4207725165,959729.0256580593,89.40038259072232,101727.60488554277,0.76,0.83,0.2901886840776944,0.03817792478562807,0.022922750000020642,oracle,context_noise_refinement
oracle,20261644,100,20,2,0.0,0.45,0.3,dense,1.0,1.0,deterministic,20.0,0.1,0.95,False,8002.626165814644,800262.6165814644,876894.141878063,91.26102893874109,76631.52529659856,0.73,0.92,0.2878501413860703,0.03840974345039965,0.023310291000029792,oracle,context_noise_refinement
oracle,20261645,100,20,2,0.0,0.45,0.3,dense,1.0,1.0,deterministic,20.0,0.1,0.95,False,4264.4723823022305,426447.238230223,513232.03583676385,83.09053380406222,86784.79760654084,0.67,0.83,0.2857301774176481,0.03791359959583925,0.02285237500001358,oracle,context_noise_refinement
oracle,20261646,100,20,2,0.0,0.45,0.3,dense,1.0,1.0,deterministic,20.0,0.1,0.95,False,12044.759731696251,1204475.973169625,1502888.5084925522,80.1440669992051,298412.5353229272,0.7,0.9,0.2853279719806785,0.037418529085433506,0.02253154199996743,oracle,context_noise_refinement
oracle,20261647,100,20,2,0.0,0.45,0.3,dense,1.0,1.0,deterministic,20.0,0.1,0.95,False,9970.840928300895,997084.0928300895,1143954.4851996666,87.16116818721662,146870.39236957708,0.68,0.85,0.2811872353380551,0.038309540792065756,0.022437665999973433,oracle,context_noise_refinement
oracle,20261648,100,20,2,0.0,0.45,0.3,dense,1.0,1.0,deterministic,20.0,0.1,0.95,False,6957.036287732644,695703.6287732645,878332.6153775785,79.20730900721415,182628.98660431406,0.67,0.86,0.28886120285539313,0.03850019812965605,0.02301129100004573,oracle,context_noise_refinement
oracle,20261649,100,20,2,0.0,0.45,0.3,dense,1.0,1.0,deterministic,20.0,0.1,0.95,False,6550.547774071098,655054.7774071097,790258.4665571742,82.89120650119821,135203.68915006449,0.66,0.81,0.2884358436626111,0.03883442227450787,0.022433125000020482,oracle,context_noise_refinement
state_thompson,20262538,100,20,2,0.0,0.45,0.3,dense,1.0,1.0,deterministic,20.0,0.1,0.95,False,5250.2512524275335,525025.1252427533,892673.6925569382,58.81489839124672,367648.56731418485,0.25,0.52,0.2820132533439519,0.0375542422389783,0.0242890830000135,state_thompson,context_noise_refinement
state_thompson,20262539,100,20,2,0.0,0.45,0.3,dense,1.0,1.0,deterministic,20.0,0.1,0.95,False,6967.684925032207,696768.4925032207,975631.207203993,71.41720020416841,278862.7147007723,0.52,0.7,0.2863789130376128,0.037524545948583,0.0241917090000072,state_thompson,context_noise_refinement
state_thompson,20262540,100,20,2,0.0,0.45,0.3,dense,1.0,1.0,deterministic,20.0,0.1,0.95,False,9983.560636675144,998356.0636675146,1545453.7205745035,64.59954448175827,547097.6569069889,0.46,0.7,0.2812572841709707,0.0378333762053448,0.0245078330000012,state_thompson,context_noise_refinement
state_thompson,20262541,100,20,2,0.0,0.45,0.3,dense,1.0,1.0,deterministic,20.0,0.1,0.95,False,4807.701355077872,480770.13550778717,854213.2361695017,56.28221562846257,373443.1006617145,0.34,0.58,0.28835341605674764,0.039313967574666576,0.02453374999998914,state_thompson,context_noise_refinement
state_thompson,20262542,100,20,2,0.0,0.45,0.3,dense,1.0,1.0,deterministic,20.0,0.1,0.95,False,5243.903824193419,524390.3824193418,846686.8269739194,61.9343971954219,322296.4445545776,0.34,0.54,0.28472111089513447,0.03882727579125582,0.03633333400000538,state_thompson,context_noise_refinement
state_thompson,20262543,100,20,2,0.0,0.45,0.3,dense,1.0,1.0,deterministic,20.0,0.1,0.95,False,3254.4677188886917,325446.7718888692,518095.13327269093,62.81602566561373,192648.36138382176,0.36,0.5,0.2820789198921535,0.03830917489548017,0.03403037499998618,state_thompson,context_noise_refinement
state_thompson,20262544,100,20,2,0.0,0.45,0.3,dense,1.0,1.0,deterministic,20.0,0.1,0.95,False,3912.733607870556,391273.36078705563,1177753.276637248,33.22201419844312,786479.9158501923,0.21,0.42,0.2871509474004643,0.03908624043574115,0.026206957999988845,state_thompson,context_noise_refinement
state_thompson,20262545,100,20,2,0.0,0.45,0.3,dense,1.0,1.0,deterministic,20.0,0.1,0.95,False,5276.751395974351,527675.1395974351,1029000.6646683665,51.28034973305852,501325.5250709314,0.26,0.41,0.28767464324949577,0.038225913094672014,0.02701324999998178,state_thompson,context_noise_refinement
state_thompson,20262546,100,20,2,0.0,0.45,0.3,dense,1.0,1.0,deterministic,20.0,0.1,0.95,False,6036.925190704593,603692.5190704593,897936.8146468654,67.23106895977703,294244.29557640606,0.45,0.64,0.28293566976082,0.03823075877997419,0.032177332999992814,state_thompson,context_noise_refinement
state_thompson,20262547,100,20,2,0.0,0.45,0.3,dense,1.0,1.0,deterministic,20.0,0.1,0.95,False,3937.6601440860245,393766.01440860244,765251.7876159113,51.455745779484296,371485.7732073089,0.29,0.48,0.28919748535844186,0.038773934062450464,0.02574666700002126,state_thompson,context_noise_refinement
tm_tw,20261565,100,20,2,0.0,0.45,0.3,dense,1.0,1.0,deterministic,20.0,0.1,0.95,False,5951.6525243438255,595165.2524343826,971253.8175246016,61.27803481393341,376088.5650902189,0.3,0.63,0.2831838375180872,0.0367204164119285,0.5952763340000047,tm_tw_dense,context_noise_refinement
tm_tw,20261566,100,20,2,0.0,0.45,0.3,dense,1.0,1.0,deterministic,20.0,0.1,0.95,False,6823.832341282902,682383.2341282902,985775.2348305986,69.22300439466356,303392.0007023084,0.46,0.77,0.2860068659701928,0.0384754602268867,0.5955262919999882,tm_tw_dense,context_noise_refinement
tm_tw,20261567,100,20,2,0.0,0.45,0.3,dense,1.0,1.0,deterministic,20.0,0.1,0.95,False,7881.433212771513,788143.3212771513,1045301.1671712652,75.39868375063429,257157.845894114,0.5,0.64,0.2807729695224586,0.0363073330616126,0.5891221250000171,tm_tw_dense,context_noise_refinement
tm_tw,20261568,100,20,2,0.0,0.45,0.3,dense,1.0,1.0,deterministic,20.0,0.1,0.95,False,5018.022289618181,501802.2289618181,863602.3272534461,58.1057059628038,361800.098291628,0.41,0.6,0.28430760902348023,0.03867467419250586,0.6281700830000432,tm_tw_dense,context_noise_refinement
tm_tw,20261569,100,20,2,0.0,0.45,0.3,dense,1.0,1.0,deterministic,20.0,0.1,0.95,False,5095.558917644688,509555.8917644688,818575.6167866786,62.24909236421337,309019.72502220975,0.39,0.6,0.27718681903925024,0.036340023742306195,0.6215955830000439,tm_tw_dense,context_noise_refinement
tm_tw,20261570,100,20,2,0.0,0.45,0.3,dense,1.0,1.0,deterministic,20.0,0.1,0.95,False,2721.9599842398193,272195.99842398195,484444.52635797265,56.18723788053434,212248.5279339907,0.33,0.53,0.2844179302366023,0.03716572902450221,0.6032691670000077,tm_tw_dense,context_noise_refinement
tm_tw,20261571,100,20,2,0.0,0.45,0.3,dense,1.0,1.0,deterministic,20.0,0.1,0.95,False,7828.16148662042,782816.148662042,1425861.3001104482,54.90128307721127,643045.1514484062,0.36,0.63,0.284136758020385,0.0381635187209367,0.5950580420000051,tm_tw_dense,context_noise_refinement
tm_tw,20261572,100,20,2,0.0,0.45,0.3,dense,1.0,1.0,deterministic,20.0,0.1,0.95,False,6666.967570730683,666696.7570730683,1005619.1895010384,66.29713951698412,338922.4324279701,0.44,0.61,0.28705737074498333,0.03777679279034486,0.5945622919999778,tm_tw_dense,context_noise_refinement
tm_tw,20261573,100,20,2,0.0,0.45,0.3,dense,1.0,1.0,deterministic,20.0,0.1,0.95,False,5046.472787971485,504647.2787971485,848972.8489022325,59.442098701941354,344325.570105084,0.32,0.61,0.27999833520630046,0.037536252066209266,0.6096610419999706,tm_tw_dense,context_noise_refinement
tm_tw,20261574,100,20,2,0.0,0.45,0.3,dense,1.0,1.0,deterministic,20.0,0.1,0.95,False,3408.5597081565334,340855.97081565333,709918.8308438531,48.01337223446954,369062.86002819974,0.19,0.46,0.28772866992527485,0.03790554258706898,0.6167650000000435,tm_tw_dense,context_noise_refinement
tm_tw,20262389,100,20,2,0.0,0.45,0.3,gated_offline,1.0,1.0,deterministic,20.0,0.1,0.95,False,6835.593203349592,683559.3203349592,989992.8652609958,69.04689360107153,306433.5449260366,0.44,0.71,0.2000457225276851,0.0273121506178363,0.5936883329999887,tm_tw_gated_offline,context_noise_refinement
tm_tw,20262390,100,20,2,0.0,0.45,0.3,gated_offline,1.0,1.0,deterministic,20.0,0.1,0.95,False,3789.249053417225,378924.90534172254,1000479.9689061308,37.874312042050974,621555.0635644082,0.27,0.59,0.2066371970089245,0.0276423045679588,0.5975578329999962,tm_tw_gated_offline,context_noise_refinement
tm_tw,20262391,100,20,2,0.0,0.45,0.3,gated_offline,1.0,1.0,deterministic,20.0,0.1,0.95,False,8031.043489056719,803104.348905672,1440029.344539787,55.769998851122914,636924.995634115,0.43,0.6,0.2085439441899698,0.0287408042862248,0.5926987500000109,tm_tw_gated_offline,context_noise_refinement
tm_tw,20262392,100,20,2,0.0,0.45,0.3,gated_offline,1.0,1.0,deterministic,20.0,0.1,0.95,False,6864.79300716176,686479.300716176,1004483.2767853863,68.34153604956893,318003.9760692102,0.42,0.62,0.2034483327346173,0.02791866671649195,0.6023803749999956,tm_tw_gated_offline,context_noise_refinement
tm_tw,20262393,100,20,2,0.0,0.45,0.3,gated_offline,1.0,1.0,deterministic,20.0,0.1,0.95,False,5506.28696421439,550628.696421439,857852.0239545581,64.18690881944072,307223.3275331191,0.44,0.62,0.20615449950245796,0.027958389893601533,0.6043936250000002,tm_tw_gated_offline,context_noise_refinement
tm_tw,20262394,100,20,2,0.0,0.45,0.3,gated_offline,1.0,1.0,deterministic,20.0,0.1,0.95,False,3049.642562077277,304964.2562077277,512360.53805828677,59.52141774295557,207396.28185055905,0.37,0.64,0.20413191959886,0.027654546244992403,0.5870583750000264,tm_tw_gated_offline,context_noise_refinement
tm_tw,20262395,100,20,2,0.0,0.45,0.3,gated_offline,1.0,1.0,deterministic,20.0,0.1,0.95,False,7514.340118193615,751434.0118193615,1271832.712800021,59.08277120542303,520398.7009806596,0.38,0.63,0.2039979157905927,0.027282600525173693,0.594191042000034,tm_tw_gated_offline,context_noise_refinement
tm_tw,20262396,100,20,2,0.0,0.45,0.3,gated_offline,1.0,1.0,deterministic,20.0,0.1,0.95,False,6685.381546911222,668538.1546911222,1057639.4136705978,63.21040479863761,389101.2589794756,0.37,0.68,0.1984249540062004,0.02669192726961484,0.5896460830000478,tm_tw_gated_offline,context_noise_refinement
tm_tw,20262397,100,20,2,0.0,0.45,0.3,gated_offline,1.0,1.0,deterministic,20.0,0.1,0.95,False,5189.871391899366,518987.1391899366,864799.6241127502,60.01241498253386,345812.48492281354,0.37,0.65,0.20378894174477458,0.027525044542968394,0.5998752919999788,tm_tw_gated_offline,context_noise_refinement
tm_tw,20262398,100,20,2,0.0,0.45,0.3,gated_offline,1.0,1.0,deterministic,20.0,0.1,0.95,False,5611.969124519836,561196.9124519837,731269.578271525,76.74282222685432,170072.66581954132,0.39,0.73,0.20321472575317168,0.02789315490526582,0.5994810830000006,tm_tw_gated_offline,context_noise_refinement
tm_tw,20263345,100,20,2,0.0,0.45,0.3,gated_offline_low_rank,1.0,1.0,deterministic,20.0,0.1,0.95,False,4089.369969155408,408936.9969155408,1080623.362697302,37.84269441434331,671686.3657817612,0.25,0.6,0.2020542328237768,0.0276734520168233,0.7243615000000148,tm_tw_gated_offline_low_rank,context_noise_refinement
tm_tw,20263346,100,20,2,0.0,0.45,0.3,gated_offline_low_rank,1.0,1.0,deterministic,20.0,0.1,0.95,False,6515.704426745622,651570.4426745622,1059985.40604689,61.46975599452159,408414.9633723277,0.47,0.69,0.2071348910297241,0.0278824509542415,0.724488459000014,tm_tw_gated_offline_low_rank,context_noise_refinement
tm_tw,20263347,100,20,2,0.0,0.45,0.3,gated_offline_low_rank,1.0,1.0,deterministic,20.0,0.1,0.95,False,2661.6230719202053,266162.3071920205,1049725.8255802095,25.35541192814857,783563.5183881891,0.23,0.46,0.2078953380482133,0.0283350184094249,0.7221372920000135,tm_tw_gated_offline_low_rank,context_noise_refinement
tm_tw,20263348,100,20,2,0.0,0.45,0.3,gated_offline_low_rank,1.0,1.0,deterministic,20.0,0.1,0.95,False,2432.8163793063663,243281.6379306366,803103.6371110567,30.29268287288239,559821.9991804201,0.14,0.41,0.20399777518922071,0.027236564208088468,0.7117978329999914,tm_tw_gated_offline_low_rank,context_noise_refinement
tm_tw,20263349,100,20,2,0.0,0.45,0.3,gated_offline_low_rank,1.0,1.0,deterministic,20.0,0.1,0.95,False,4694.7530943534375,469475.3094353438,767366.2425666774,61.18008369315913,297890.9331313336,0.31,0.56,0.2088318139199755,0.027586442183783158,0.8014158329999646,tm_tw_gated_offline_low_rank,context_noise_refinement
tm_tw,20263350,100,20,2,0.0,0.45,0.3,gated_offline_low_rank,1.0,1.0,deterministic,20.0,0.1,0.95,False,2599.213392854634,259921.33928546341,492304.35400328325,52.7968800543515,232383.01471781984,0.25,0.48,0.20319763735232757,0.027818839124687987,0.7264821249999613,tm_tw_gated_offline_low_rank,context_noise_refinement
tm_tw,20263351,100,20,2,0.0,0.45,0.3,gated_offline_low_rank,1.0,1.0,deterministic,20.0,0.1,0.95,False,9361.911726735218,936191.1726735218,1369093.8076265564,68.38035257032466,432902.6349530346,0.36,0.53,0.19906083617215228,0.026844412322274986,0.7033102499999586,tm_tw_gated_offline_low_rank,context_noise_refinement
tm_tw,20263352,100,20,2,0.0,0.45,0.3,gated_offline_low_rank,1.0,1.0,deterministic,20.0,0.1,0.95,False,6910.61735251071,691061.7352510709,1056687.3781424758,65.39888235117097,365625.6428914049,0.3,0.61,0.20048582771551512,0.027453492243678768,0.698766916000011,tm_tw_gated_offline_low_rank,context_noise_refinement
tm_tw,20263353,100,20,2,0.0,0.45,0.3,gated_offline_low_rank,1.0,1.0,deterministic,20.0,0.1,0.95,False,4136.568579928455,413656.8579928455,845401.2813291715,48.930237879753236,431744.423336326,0.26,0.51,0.20844764845026353,0.02808258329678433,0.6991046249999613,tm_tw_gated_offline_low_rank,context_noise_refinement
tm_tw,20263354,100,20,2,0.0,0.45,0.3,gated_offline_low_rank,1.0,1.0,deterministic,20.0,0.1,0.95,False,4097.51213122062,409751.213122062,684692.3031868326,59.844577077165255,274941.0900647706,0.31,0.53,0.20443453165533532,0.027491549156473213,0.6990154999999731,tm_tw_gated_offline_low_rank,context_noise_refinement
tm_tw_refined,20262393,100,20,2,0.0,0.45,0.3,dense,1.0,1.0,deterministic,20.0,0.1,0.95,False,7739.339958280221,773933.9958280221,920626.9680594364,84.06597054824233,146692.97223141417,0.45,0.67,0.2840491644323956,0.0382992277179153,0.5902584159999833,tm_tw_refined_dense,context_noise_refinement
tm_tw_refined,20262394,100,20,2,0.0,0.45,0.3,dense,1.0,1.0,deterministic,20.0,0.1,0.95,False,7628.094802508996,762809.4802508997,927110.197796018,82.27818894283509,164300.71754511818,0.55,0.72,0.288396041206056,0.0386603471025724,0.5993302919999905,tm_tw_refined_dense,context_noise_refinement
tm_tw_refined,20262395,100,20,2,0.0,0.45,0.3,dense,1.0,1.0,deterministic,20.0,0.1,0.95,False,6688.727293223931,668872.7293223931,1241585.111479592,53.87248309745758,572712.382157199,0.44,0.67,0.2843488739732668,0.0373693054449117,0.5900359579999872,tm_tw_refined_dense,context_noise_refinement
tm_tw_refined,20262396,100,20,2,0.0,0.45,0.3,dense,1.0,1.0,deterministic,20.0,0.1,0.95,False,7752.8343655143535,775283.4365514354,981965.9608916709,78.95217017985449,206682.5243402355,0.5,0.69,0.28704211568474797,0.03936746669877911,0.571243958000025,tm_tw_refined_dense,context_noise_refinement
tm_tw_refined,20262397,100,20,2,0.0,0.45,0.3,dense,1.0,1.0,deterministic,20.0,0.1,0.95,False,5571.21560461637,557121.560461637,789400.4516469208,70.57527764258535,232278.89118528378,0.39,0.62,0.29203956490345745,0.04004012408577315,0.5701550829999746,tm_tw_refined_dense,context_noise_refinement
tm_tw_refined,20262398,100,20,2,0.0,0.45,0.3,dense,1.0,1.0,deterministic,20.0,0.1,0.95,False,3238.4076010395434,323840.76010395435,500641.6546127069,64.68514098262068,176800.89450875256,0.46,0.63,0.2931229852559419,0.03963444049214377,0.570468041999959,tm_tw_refined_dense,context_noise_refinement
tm_tw_refined,20262399,100,20,2,0.0,0.45,0.3,dense,1.0,1.0,deterministic,20.0,0.1,0.95,False,11275.980422408215,1127598.0422408215,1397167.281191069,80.70601548009036,269569.2389502474,0.47,0.65,0.2883547318613136,0.03832663243397908,0.5923622920000184,tm_tw_refined_dense,context_noise_refinement
tm_tw_refined,20262400,100,20,2,0.0,0.45,0.3,dense,1.0,1.0,deterministic,20.0,0.1,0.95,False,5562.54623680471,556254.623680471,905867.4661698807,61.4057402935977,349612.8424894097,0.37,0.56,0.2797006251063311,0.03707039441775534,0.5993286249999983,tm_tw_refined_dense,context_noise_refinement
tm_tw_refined,20262401,100,20,2,0.0,0.45,0.3,dense,1.0,1.0,deterministic,20.0,0.1,0.95,False,6501.654100294525,650165.4100294525,817543.5612526066,79.52669935205604,167378.15122315404,0.43,0.71,0.27878051092896544,0.03725797561924524,0.6015652090000003,tm_tw_refined_dense,context_noise_refinement
tm_tw_refined,20262402,100,20,2,0.0,0.45,0.3,dense,1.0,1.0,deterministic,20.0,0.1,0.95,False,5913.028114529136,591302.8114529136,762075.8634289475,77.59106931852645,170773.05197603395,0.46,0.76,0.2935193777991126,0.03911379949896355,0.6092150000000061,tm_tw_refined_dense,context_noise_refinement
tm_tw_refined,20263217,100,20,2,0.0,0.45,0.3,gated_offline,1.0,1.0,deterministic,20.0,0.1,0.95,False,8463.648021657425,846364.8021657426,1026437.0649091369,82.4565705098213,180072.26274339424,0.46,0.74,0.2105170051601736,0.0287861889643789,0.5930938749999939,tm_tw_refined_gated_offline,context_noise_refinement
tm_tw_refined,20263218,100,20,2,0.0,0.45,0.3,gated_offline,1.0,1.0,deterministic,20.0,0.1,0.95,False,6734.174903063966,673417.4903063966,872851.9844982967,77.15139591433336,199434.49419190013,0.47,0.8,0.2047004973263484,0.0280664527190214,0.5931108749999794,tm_tw_refined_gated_offline,context_noise_refinement
tm_tw_refined,20263219,100,20,2,0.0,0.45,0.3,gated_offline,1.0,1.0,deterministic,20.0,0.1,0.95,False,9715.743322158502,971574.3322158502,1294886.0137298375,75.03164926596831,323311.6815139875,0.52,0.71,0.2067225322485771,0.0276012077257879,0.5942446669999981,tm_tw_refined_gated_offline,context_noise_refinement
tm_tw_refined,20263220,100,20,2,0.0,0.45,0.3,gated_offline,1.0,1.0,deterministic,20.0,0.1,0.95,False,8388.729969988386,838872.9969988386,1005935.6054755447,83.39231581352277,167062.60847670608,0.57,0.8,0.1987531941251052,0.02708975999317123,0.5980561250000278,tm_tw_refined_gated_offline,context_noise_refinement
tm_tw_refined,20263221,100,20,2,0.0,0.45,0.3,gated_offline,1.0,1.0,deterministic,20.0,0.1,0.95,False,7673.083184551072,767308.3184551072,872588.5653617432,87.9347207738173,105280.24690663605,0.53,0.74,0.20355808219716423,0.02752695351580515,0.5937280420000093,tm_tw_refined_gated_offline,context_noise_refinement
tm_tw_refined,20263222,100,20,2,0.0,0.45,0.3,gated_offline,1.0,1.0,deterministic,20.0,0.1,0.95,False,3464.8891365159493,346488.91365159495,475792.99558639014,72.82345828243339,129304.08193479519,0.41,0.63,0.20894747375041442,0.02877023759597943,0.5913205839999591,tm_tw_refined_gated_offline,context_noise_refinement
tm_tw_refined,20263223,100,20,2,0.0,0.45,0.3,gated_offline,1.0,1.0,deterministic,20.0,0.1,0.95,False,6837.264543785436,683726.4543785437,1172905.2834207579,58.29340732309325,489178.8290422142,0.38,0.6,0.19991992846413048,0.027346687549815306,0.5927537919999963,tm_tw_refined_gated_offline,context_noise_refinement
tm_tw_refined,20263224,100,20,2,0.0,0.45,0.3,gated_offline,1.0,1.0,deterministic,20.0,0.1,0.95,False,4291.173041961272,429117.3041961272,821010.4021258731,52.26697531297991,391893.0979297459,0.24,0.55,0.20709076574315055,0.028433968907191444,0.5828161670000327,tm_tw_refined_gated_offline,context_noise_refinement
tm_tw_refined,20263225,100,20,2,0.0,0.45,0.3,gated_offline,1.0,1.0,deterministic,20.0,0.1,0.95,False,7541.2609812767505,754126.098127675,905742.6442271986,83.26052692054856,151616.54609952355,0.53,0.77,0.19635080677677966,0.02682920083395729,0.5926734170000145,tm_tw_refined_gated_offline,context_noise_refinement
tm_tw_refined,20263226,100,20,2,0.0,0.45,0.3,gated_offline,1.0,1.0,deterministic,20.0,0.1,0.95,False,4914.202300560972,491420.23005609715,754597.5723014483,65.12348410521834,263177.3422453512,0.41,0.69,0.20756197683866695,0.028628450970652558,0.5874032909999869,tm_tw_refined_gated_offline,context_noise_refinement
tm_tw_refined,20263217,100,20,2,0.0,0.45,0.3,gated_offline,2.0,1.0,beta,20.0,0.1,0.95,False,8054.531107436166,805453.1107436166,1073635.0370237457,75.02112756830627,268181.9262801291,0.44,0.7,0.2009916143410321,0.0274696581042957,0.6274108750000096,tm_tw_refined_gated_offline_best_beta,context_noise_refinement
tm_tw_refined,20263218,100,20,2,0.0,0.45,0.3,gated_offline,2.0,1.0,beta,20.0,0.1,0.95,False,8347.262861375268,834726.2861375269,930529.9800984062,89.70439469873418,95803.69396087936,0.67,0.82,0.2050360108575227,0.0279817183294562,0.626971707999985,tm_tw_refined_gated_offline_best_beta,context_noise_refinement
tm_tw_refined,20263219,100,20,2,0.0,0.45,0.3,gated_offline,2.0,1.0,beta,20.0,0.1,0.95,False,10174.63707799169,1017463.7077991692,1251315.7252331104,81.31150973984792,233852.01743394125,0.45,0.76,0.2021878895760278,0.0274016017796159,0.6274977919999856,tm_tw_refined_gated_offline_best_beta,context_noise_refinement
tm_tw_refined,20263220,100,20,2,0.0,0.45,0.3,gated_offline,2.0,1.0,beta,20.0,0.1,0.95,False,7200.7131314791495,720071.313147915,950195.0652530865,75.78141999254885,230123.75210517156,0.5,0.77,0.2003389344111629,0.027046028057545274,0.5881679160000317,tm_tw_refined_gated_offline_best_beta,context_noise_refinement
tm_tw_refined,20263221,100,20,2,0.0,0.45,0.3,gated_offline,2.0,1.0,beta,20.0,0.1,0.95,False,7363.311053998765,736331.1053998765,881427.7274479441,83.5384549941292,145096.62204806763,0.51,0.82,0.20354238170691621,0.02759216258320116,0.5950987079999663,tm_tw_refined_gated_offline_best_beta,context_noise_refinement
tm_tw_refined,20263222,100,20,2,0.0,0.45,0.3,gated_offline,2.0,1.0,beta,20.0,0.1,0.95,False,3575.2728470758407,357527.28470758407,513452.8824354485,69.63195590834619,155925.59772786446,0.51,0.68,0.20076700273928605,0.027670280332184976,0.5896150840000018,tm_tw_refined_gated_offline_best_beta,context_noise_refinement
tm_tw_refined,20263223,100,20,2,0.0,0.45,0.3,gated_offline,2.0,1.0,beta,20.0,0.1,0.95,False,8191.517515725868,819151.7515725868,1244214.3027163371,65.83686988521475,425062.5511437503,0.39,0.66,0.20635097038415293,0.02804094413109787,0.5974404170000298,tm_tw_refined_gated_offline_best_beta,context_noise_refinement
tm_tw_refined,20263224,100,20,2,0.0,0.45,0.3,gated_offline,2.0,1.0,beta,20.0,0.1,0.95,False,4861.118792959282,486111.8792959282,924235.0369917671,52.59613191879658,438123.15769583895,0.32,0.6,0.2070168812762188,0.02837071463627936,0.5928092920000836,tm_tw_refined_gated_offline_best_beta,context_noise_refinement
tm_tw_refined,20263225,100,20,2,0.0,0.45,0.3,gated_offline,2.0,1.0,beta,20.0,0.1,0.95,False,7198.233779088327,719823.3779088326,833176.153851926,86.39510079362657,113352.77594309335,0.58,0.79,0.20568908204352337,0.028481952290325272,0.5807821670000521,tm_tw_refined_gated_offline_best_beta,context_noise_refinement
tm_tw_refined,20263226,100,20,2,0.0,0.45,0.3,gated_offline,2.0,1.0,beta,20.0,0.1,0.95,False,6432.978886784911,643297.8886784911,803607.6764731981,80.05123737763925,160309.787794707,0.59,0.81,0.19941823887060275,0.026873238599712586,0.5789359999999988,tm_tw_refined_gated_offline_best_beta,context_noise_refinement
tm_tw_refined,20264173,100,20,2,0.0,0.45,0.3,gated_offline_low_rank,1.0,1.0,deterministic,20.0,0.1,0.95,False,7081.246687894434,708124.6687894434,993116.5444999328,71.30327983268144,284991.87571048934,0.45,0.77,0.2021747963985054,0.0274657751747364,0.7244372079999835,tm_tw_refined_gated_offline_low_rank,context_noise_refinement
tm_tw_refined,20264174,100,20,2,0.0,0.45,0.3,gated_offline_low_rank,1.0,1.0,deterministic,20.0,0.1,0.95,False,7363.87591437095,736387.5914370951,954936.1358027244,77.1138051884573,218548.54436562944,0.52,0.81,0.2093788576996059,0.0288819416410903,0.7245922080000184,tm_tw_refined_gated_offline_low_rank,context_noise_refinement
tm_tw_refined,20264175,100,20,2,0.0,0.45,0.3,gated_offline_low_rank,1.0,1.0,deterministic,20.0,0.1,0.95,False,9635.03689789818,963503.689789818,1194890.2808078297,80.63532738239549,231386.59101801144,0.51,0.71,0.206294066071435,0.0283202226777424,0.7235065829999883,tm_tw_refined_gated_offline_low_rank,context_noise_refinement
tm_tw_refined,20264176,100,20,2,0.0,0.45,0.3,gated_offline_low_rank,1.0,1.0,deterministic,20.0,0.1,0.95,False,7268.520674270448,726852.0674270447,906943.7645504364,80.14301391523857,180091.69712339167,0.6,0.78,0.20519028346634777,0.0280592603047213,0.7026831660000425,tm_tw_refined_gated_offline_low_rank,context_noise_refinement
tm_tw_refined,20264177,100,20,2,0.0,0.45,0.3,gated_offline_low_rank,1.0,1.0,deterministic,20.0,0.1,0.95,False,6087.820289519546,608782.0289519547,848264.7559084772,71.76792678365605,239482.72695652256,0.5,0.71,0.20389757051828122,0.027220316736205834,0.7015830830000596,tm_tw_refined_gated_offline_low_rank,context_noise_refinement
tm_tw_refined,20264178,100,20,2,0.0,0.45,0.3,gated_offline_low_rank,1.0,1.0,deterministic,20.0,0.1,0.95,False,3819.7823973021023,381978.2397302102,513949.44826812187,74.32214219071139,131971.20853791165,0.49,0.68,0.2077781928631647,0.028239080978170964,0.7017547919999743,tm_tw_refined_gated_offline_low_rank,context_noise_refinement
tm_tw_refined,20264179,100,20,2,0.0,0.45,0.3,gated_offline_low_rank,1.0,1.0,deterministic,20.0,0.1,0.95,False,8994.648641056465,899464.8641056465,1192706.2535745613,75.41377949599364,293241.38946891483,0.47,0.68,0.2103692128595055,0.02899990449727884,0.6948247499999525,tm_tw_refined_gated_offline_low_rank,context_noise_refinement
tm_tw_refined,20264180,100,20,2,0.0,0.45,0.3,gated_offline_low_rank,1.0,1.0,deterministic,20.0,0.1,0.95,False,3974.478989189254,397447.89891892544,865666.1230053804,45.91237757336326,468218.22408645495,0.23,0.49,0.20219982850523469,0.027512139264148267,0.695802083999979,tm_tw_refined_gated_offline_low_rank,context_noise_refinement
tm_tw_refined,20264181,100,20,2,0.0,0.45,0.3,gated_offline_low_rank,1.0,1.0,deterministic,20.0,0.1,0.95,False,6567.933008939148,656793.3008939148,810865.3697754731,80.99905673315158,154072.06888155837,0.52,0.7,0.19969012792649282,0.02724362475963766,0.6956342500000119,tm_tw_refined_gated_offline_low_rank,context_noise_refinement
tm_tw_refined,20264182,100,20,2,0.0,0.45,0.3,gated_offline_low_rank,1.0,1.0,deterministic,20.0,0.1,0.95,False,5395.164095707133,539516.4095707133,778843.9693904099,69.27143699821995,239327.5598196966,0.46,0.68,0.2035152187640943,0.02736808027837556,0.6995126670000218,tm_tw_refined_gated_offline_low_rank,context_noise_refinement
tm_tw_refined,20264173,100,20,2,0.0,0.45,0.3,gated_offline_low_rank,0.5,1.0,beta,20.0,0.1,0.95,False,7931.455941398424,793145.5941398424,979006.921114273,81.01532042665342,185861.3269744306,0.4,0.68,0.2028242008551817,0.0274967318196648,0.7673568749999902,tm_tw_refined_gated_offline_low_rank_best_beta,context_noise_refinement
tm_tw_refined,20264174,100,20,2,0.0,0.45,0.3,gated_offline_low_rank,0.5,1.0,beta,20.0,0.1,0.95,False,8115.365850316023,811536.5850316023,985248.9492289526,82.36868312995449,173712.36419735034,0.58,0.82,0.2063928416124153,0.0286817708490003,0.7730881250000152,tm_tw_refined_gated_offline_low_rank_best_beta,context_noise_refinement
tm_tw_refined,20264175,100,20,2,0.0,0.45,0.3,gated_offline_low_rank,0.5,1.0,beta,20.0,0.1,0.95,False,11325.63286388588,1132563.286388588,1326450.2924957569,85.38301757675634,193887.00610716897,0.51,0.66,0.2046875737916438,0.0280475782156227,0.767205333000021,tm_tw_refined_gated_offline_low_rank_best_beta,context_noise_refinement
tm_tw_refined,20264176,100,20,2,0.0,0.45,0.3,gated_offline_low_rank,0.5,1.0,beta,20.0,0.1,0.95,False,7506.82353243731,750682.353243731,999384.385398153,75.11447689315862,248702.03215442202,0.56,0.78,0.2033112203360623,0.027745658061930252,0.70909800000004,tm_tw_refined_gated_offline_low_rank_best_beta,context_noise_refinement
tm_tw_refined,20264177,100,20,2,0.0,0.45,0.3,gated_offline_low_rank,0.5,1.0,beta,20.0,0.1,0.95,False,6432.169401854876,643216.9401854876,790354.5358401976,81.38334266680798,147137.59565470996,0.48,0.7,0.20866070011891036,0.02857236269929889,0.7101289999999381,tm_tw_refined_gated_offline_low_rank_best_beta,context_noise_refinement
tm_tw_refined,20264178,100,20,2,0.0,0.45,0.3,gated_offline_low_rank,0.5,1.0,beta,20.0,0.1,0.95,False,3842.6439242678603,384264.392426786,493442.24021183065,77.87423959931449,109177.84778504464,0.43,0.68,0.20190616068351003,0.027647836645067925,0.7096068329999525,tm_tw_refined_gated_offline_low_rank_best_beta,context_noise_refinement
tm_tw_refined,20264179,100,20,2,0.0,0.45,0.3,gated_offline_low_rank,0.5,1.0,beta,20.0,0.1,0.95,False,7890.300770979038,789030.0770979038,1211467.5788434746,65.13010260259296,422437.5017455708,0.41,0.56,0.20199273302425194,0.02776272259157142,0.7044208330000856,tm_tw_refined_gated_offline_low_rank_best_beta,context_noise_refinement
tm_tw_refined,20264180,100,20,2,0.0,0.45,0.3,gated_offline_low_rank,0.5,1.0,beta,20.0,0.1,0.95,False,3636.6198445439745,363661.98445439746,902484.4426627097,40.29565134457512,538822.4582083123,0.22,0.44,0.20729155059681015,0.028387148389326232,0.7081288330000461,tm_tw_refined_gated_offline_low_rank_best_beta,context_noise_refinement
tm_tw_refined,20264181,100,20,2,0.0,0.45,0.3,gated_offline_low_rank,0.5,1.0,beta,20.0,0.1,0.95,False,6666.787001056884,666678.7001056884,900553.0069919565,74.02992327265007,233874.30688626808,0.51,0.72,0.20386099829499443,0.028113387161170407,0.7063340420000941,tm_tw_refined_gated_offline_low_rank_best_beta,context_noise_refinement
tm_tw_refined,20264182,100,20,2,0.0,0.45,0.3,gated_offline_low_rank,0.5,1.0,beta,20.0,0.1,0.95,False,5328.350741866485,532835.0741866485,749522.1589467104,71.08996949942504,216687.08476006193,0.38,0.66,0.20780968971567443,0.028691225956577852,0.7049202499999865,tm_tw_refined_gated_offline_low_rank_best_beta,context_noise_refinement
tm_tw_refined,20265065,100,20,2,0.0,0.45,0.3,support_gated_offline_low_rank,2.0,0.25,beta,20.0,0.1,0.95,True,6303.895797650544,630389.5797650544,850264.8842833248,74.14037571319908,219875.3045182704,0.24,0.61,0.113750540134,0.0110824600040612,0.7747623749999946,tm_tw_refined_support_gated_offline_low_rank_best_beta,context_noise_refinement
tm_tw_refined,20265066,100,20,2,0.0,0.45,0.3,support_gated_offline_low_rank,2.0,0.25,beta,20.0,0.1,0.95,True,7907.495924699402,790749.5924699402,920369.030689316,85.91657977427853,129619.43821937568,0.59,0.79,0.0992552500948989,0.0101817185175674,0.7697790420000103,tm_tw_refined_support_gated_offline_low_rank_best_beta,context_noise_refinement
tm_tw_refined,20265067,100,20,2,0.0,0.45,0.3,support_gated_offline_low_rank,2.0,0.25,beta,20.0,0.1,0.95,True,13186.270530103388,1318627.0530103387,1487954.4663951888,88.6201213001448,169327.41338485014,0.54,0.74,0.1021438706556387,0.0094297226994141,0.7715557909999973,tm_tw_refined_support_gated_offline_low_rank_best_beta,context_noise_refinement
tm_tw_refined,20265068,100,20,2,0.0,0.45,0.3,support_gated_offline_low_rank,2.0,0.25,beta,20.0,0.1,0.95,True,6401.913940326853,640191.3940326853,977900.6410065782,65.46589368974335,337709.2469738929,0.41,0.66,0.11355457777279564,0.01044061440143821,0.703799917000083,tm_tw_refined_support_gated_offline_low_rank_best_beta,context_noise_refinement
tm_tw_refined,20265069,100,20,2,0.0,0.45,0.3,support_gated_offline_low_rank,2.0,0.25,beta,20.0,0.1,0.95,True,6595.85740279496,659585.740279496,844212.8295455162,78.13026729700204,184627.08926602022,0.44,0.66,0.11200954816910447,0.010020933877554112,0.70619766599998,tm_tw_refined_support_gated_offline_low_rank_best_beta,context_noise_refinement
tm_tw_refined,20265070,100,20,2,0.0,0.45,0.3,support_gated_offline_low_rank,2.0,0.25,beta,20.0,0.1,0.95,True,3501.088747617811,350108.8747617811,455921.62932377076,76.79145981318487,105812.75456198968,0.49,0.69,0.1176374029277418,0.01094019806192956,0.7061201669999946,tm_tw_refined_support_gated_offline_low_rank_best_beta,context_noise_refinement
tm_tw_refined,20265071,100,20,2,0.0,0.45,0.3,support_gated_offline_low_rank,2.0,0.25,beta,20.0,0.1,0.95,True,7340.971971243249,734097.1971243249,1166269.530350037,62.94404320963418,432172.33322571206,0.34,0.52,0.10280150873144908,0.008396017852814179,0.7032969580000099,tm_tw_refined_support_gated_offline_low_rank_best_beta,context_noise_refinement
tm_tw_refined,20265072,100,20,2,0.0,0.45,0.3,support_gated_offline_low_rank,2.0,0.25,beta,20.0,0.1,0.95,True,4668.1090460331325,466810.90460331325,909671.5201422775,51.3164251344597,442860.6155389642,0.36,0.54,0.11386790853480265,0.009864477287603188,0.70542875000001,tm_tw_refined_support_gated_offline_low_rank_best_beta,context_noise_refinement
tm_tw_refined,20265073,100,20,2,0.0,0.45,0.3,support_gated_offline_low_rank,2.0,0.25,beta,20.0,0.1,0.95,True,6906.509556744049,690650.955674405,869983.03221917,79.38671561359982,179332.07654476503,0.5,0.72,0.1138055229673664,0.01035430250327177,0.7017953749999606,tm_tw_refined_support_gated_offline_low_rank_best_beta,context_noise_refinement
tm_tw_refined,20265074,100,20,2,0.0,0.45,0.3,support_gated_offline_low_rank,2.0,0.25,beta,20.0,0.1,0.95,True,6025.297001285342,602529.7001285342,798210.6011884414,75.48505359756417,195680.90105990716,0.49,0.7,0.10437409730794361,0.009486298068000512,0.700754292000056,tm_tw_refined_support_gated_offline_low_rank_best_beta,context_noise_refinement
tm_tw_refined,20263497,100,20,2,0.0,0.45,0.3,support_offline,1.0,1.0,deterministic,20.0,0.1,0.95,True,7773.6978315009155,777369.7831500915,989368.6088571984,78.57231128931987,211998.82570710697,0.44,0.72,0.1052283368560915,0.0094540320025803,0.5893329590000178,tm_tw_refined_support_offline,context_noise_refinement
tm_tw_refined,20263498,100,20,2,0.0,0.45,0.3,support_offline,1.0,1.0,deterministic,20.0,0.1,0.95,True,6414.564466311545,641456.4466311545,935825.866421096,68.54442366337807,294369.4197899414,0.48,0.7,0.1045357030011491,0.009663017179496,0.5953447500000095,tm_tw_refined_support_offline,context_noise_refinement
tm_tw_refined,20263499,100,20,2,0.0,0.45,0.3,support_offline,1.0,1.0,deterministic,20.0,0.1,0.95,True,9348.679185595358,934867.9185595358,1382743.5730445276,67.60963759181622,447875.6544849918,0.43,0.68,0.1085036504671453,0.0095255734352267,0.5934205000000077,tm_tw_refined_support_offline,context_noise_refinement
tm_tw_refined,20263500,100,20,2,0.0,0.45,0.3,support_offline,1.0,1.0,deterministic,20.0,0.1,0.95,True,6232.992747716901,623299.2747716901,880217.8490060084,70.81193314536337,256918.57423431822,0.39,0.67,0.11242654139787463,0.009637002492940493,0.5691957919999595,tm_tw_refined_support_offline,context_noise_refinement
tm_tw_refined,20263501,100,20,2,0.0,0.45,0.3,support_offline,1.0,1.0,deterministic,20.0,0.1,0.95,True,6285.772397620669,628577.2397620669,813618.1261694945,77.2570349091658,185040.8864074276,0.52,0.8,0.11185207163704222,0.011262181969266922,0.5708735829999796,tm_tw_refined_support_offline,context_noise_refinement
tm_tw_refined,20263502,100,20,2,0.0,0.45,0.3,support_offline,1.0,1.0,deterministic,20.0,0.1,0.95,True,3281.054853779726,328105.4853779726,471751.44775672344,69.55049887778462,143645.96237875085,0.38,0.71,0.10797840097084341,0.009292460664477604,0.574486959000069,tm_tw_refined_support_offline,context_noise_refinement
tm_tw_refined,20263503,100,20,2,0.0,0.45,0.3,support_offline,1.0,1.0,deterministic,20.0,0.1,0.95,True,8544.11538770623,854411.538770623,1379154.8247656275,61.951821755459626,524743.2859950045,0.38,0.56,0.10637476528623083,0.009529408928887132,0.5720296669999243,tm_tw_refined_support_offline,context_noise_refinement
tm_tw_refined,20263504,100,20,2,0.0,0.45,0.3,support_offline,1.0,1.0,deterministic,20.0,0.1,0.95,True,3818.317551129394,381831.7551129394,975342.5247958079,39.148478140320755,593510.7696828685,0.27,0.53,0.10544579256135413,0.009568154061360974,0.571751000000063,tm_tw_refined_support_offline,context_noise_refinement
tm_tw_refined,20263505,100,20,2,0.0,0.45,0.3,support_offline,1.0,1.0,deterministic,20.0,0.1,0.95,True,6248.668965574338,624866.8965574338,883153.9716362593,70.75401533887852,258287.07507882558,0.47,0.68,0.10854701175871809,0.00937379694479317,0.5709449160000304,tm_tw_refined_support_offline,context_noise_refinement
tm_tw_refined,20263506,100,20,2,0.0,0.45,0.3,support_offline,1.0,1.0,deterministic,20.0,0.1,0.95,True,5265.308436482233,526530.8436482233,762903.8610579638,69.01667045151036,236373.01740974048,0.49,0.74,0.10797741702788582,0.01102112084512027,0.5714203750000024,tm_tw_refined_support_offline,context_noise_refinement
tm_tw,20262669,100,20,2,0.0,0.45,0.3,support_offline,1.0,1.0,deterministic,20.0,0.1,0.95,True,6771.334899810335,677133.4899810335,902061.0672982464,75.0651496366104,224927.5773172129,0.41,0.73,0.1073284864720489,0.010103834409791,0.5934956670000133,tm_tw_support_offline,context_noise_refinement
tm_tw,20262670,100,20,2,0.0,0.45,0.3,support_offline,1.0,1.0,deterministic,20.0,0.1,0.95,True,5883.555969085928,588355.5969085929,919169.7023588994,64.00946369301273,330814.1054503065,0.45,0.58,0.1164453710811724,0.0110183933939714,0.5889105420000078,tm_tw_support_offline,context_noise_refinement
tm_tw,20262671,100,20,2,0.0,0.45,0.3,support_offline,1.0,1.0,deterministic,20.0,0.1,0.95,True,8857.102632721148,885710.2632721148,1383700.3552253451,64.01026493397632,497990.0919532303,0.66,0.8,0.1141092064067357,0.0100881040987099,0.5909159999999929,tm_tw_support_offline,context_noise_refinement
tm_tw,20262672,100,20,2,0.0,0.45,0.3,support_offline,1.0,1.0,deterministic,20.0,0.1,0.95,True,3283.5629570569754,328356.29570569756,868983.6460288753,37.78624571431655,540627.3503231776,0.22,0.36,0.10826985436494933,0.00912580132181736,0.5695181250000587,tm_tw_support_offline,context_noise_refinement
tm_tw,20262673,100,20,2,0.0,0.45,0.3,support_offline,1.0,1.0,deterministic,20.0,0.1,0.95,True,3058.4459101952602,305844.591019526,775585.8008554496,39.434011128386814,469741.2098359236,0.22,0.42,0.1115989515848434,0.010549018126008145,0.5686876249999386,tm_tw_support_offline,context_noise_refinement
tm_tw,20262674,100,20,2,0.0,0.45,0.3,support_offline,1.0,1.0,deterministic,20.0,0.1,0.95,True,2185.835460905193,218583.54609051932,505346.09155255003,43.25422710186118,286762.5454620307,0.23,0.47,0.11103062536459568,0.009740545432981312,0.572854207999967,tm_tw_support_offline,context_noise_refinement
tm_tw,20262675,100,20,2,0.0,0.45,0.3,support_offline,1.0,1.0,deterministic,20.0,0.1,0.95,True,3621.620419320886,362162.0419320886,1183126.9542028343,30.610581615571903,820964.9122707457,0.23,0.47,0.11429987195272549,0.010013732635119323,0.568357375000005,tm_tw_support_offline,context_noise_refinement
tm_tw,20262676,100,20,2,0.0,0.45,0.3,support_offline,1.0,1.0,deterministic,20.0,0.1,0.95,True,6740.784367103009,674078.4367103009,1021925.6905837762,65.9615902527348,347847.25387347536,0.34,0.55,0.10618631851867671,0.009620424609457676,0.5702577079999855,tm_tw_support_offline,context_noise_refinement
tm_tw,20262677,100,20,2,0.0,0.45,0.3,support_offline,1.0,1.0,deterministic,20.0,0.1,0.95,True,3018.928746274093,301892.8746274093,878592.4162372702,34.360969779402346,576699.541609861,0.17,0.3,0.10904099330334191,0.009679724248797256,0.5762614579999763,tm_tw_support_offline,context_noise_refinement
tm_tw,20262678,100,20,2,0.0,0.45,0.3,support_offline,1.0,1.0,deterministic,20.0,0.1,0.95,True,3124.377084005882,312437.7084005882,764399.6823454342,40.873605211598814,451961.973944846,0.29,0.48,0.11106984779663956,0.009656772234841507,0.5688058749999527,tm_tw_support_offline,context_noise_refinement
tw,20261245,100,20,2,0.0,0.45,0.3,dense,1.0,1.0,deterministic,20.0,0.1,0.95,False,7113.41503443517,711341.503443517,1041842.4257052642,68.27726399815039,330500.9222617472,0.46,0.7,0.2922326069949171,0.0395554855668978,0.5867039170000226,tw_dense,context_noise_refinement
tw,20261246,100,20,2,0.0,0.45,0.3,dense,1.0,1.0,deterministic,20.0,0.1,0.95,False,5152.408531077734,515240.8531077734,976828.6982905244,52.74628540392583,461587.8451827509,0.4,0.61,0.288171798871357,0.0372203078265845,0.5825026249999894,tw_dense,context_noise_refinement
tw,20261247,100,20,2,0.0,0.45,0.3,dense,1.0,1.0,deterministic,20.0,0.1,0.95,False,1654.8080556359716,165480.80556359715,1150123.121479006,14.388094845949745,984642.3159154088,0.14,0.32,0.2825434956143868,0.0371409067236456,0.5821590420000007,tw_dense,context_noise_refinement
tw,20261248,100,20,2,0.0,0.45,0.3,dense,1.0,1.0,deterministic,20.0,0.1,0.95,False,5543.274339485461,554327.4339485461,990640.2983409958,55.95647934743482,436312.86439244973,0.36,0.58,0.282591453180904,0.03768548332314381,0.5605734170000005,tw_dense,context_noise_refinement
tw,20261249,100,20,2,0.0,0.45,0.3,dense,1.0,1.0,deterministic,20.0,0.1,0.95,False,4426.92868259516,442692.868259516,831860.0725037606,53.21722761943412,389167.20424424455,0.42,0.61,0.28663144796330703,0.03801081787922016,0.5600869590000457,tw_dense,context_noise_refinement
tw,20261250,100,20,2,0.0,0.45,0.3,dense,1.0,1.0,deterministic,20.0,0.1,0.95,False,2946.6164007223865,294661.64007223863,513022.6757108962,57.43637738116071,218361.03563865757,0.32,0.55,0.28928070272465123,0.037712167013522216,0.5601826250000386,tw_dense,context_noise_refinement
tw,20261251,100,20,2,0.0,0.45,0.3,dense,1.0,1.0,deterministic,20.0,0.1,0.95,False,7341.366654392843,734136.6654392843,1372973.6835362532,53.47055622715434,638837.0180969689,0.43,0.61,0.28871876973765226,0.03813910245721943,0.5602007909999429,tw_dense,context_noise_refinement
tw,20261252,100,20,2,0.0,0.45,0.3,dense,1.0,1.0,deterministic,20.0,0.1,0.95,False,5108.351839466516,510835.1839466516,957123.3735692002,53.371926551297214,446288.1896225486,0.34,0.56,0.2794162306663238,0.036393332654031656,0.5598198750000165,tw_dense,context_noise_refinement
tw,20261253,100,20,2,0.0,0.45,0.3,dense,1.0,1.0,deterministic,20.0,0.1,0.95,False,5371.380525078863,537138.0525078863,896232.8829212058,59.9328659708539,359094.8304133195,0.31,0.55,0.2816257591912669,0.037100487759189615,0.5613952500000323,tw_dense,context_noise_refinement
tw,20261254,100,20,2,0.0,0.45,0.3,dense,1.0,1.0,deterministic,20.0,0.1,0.95,False,3836.2017283385903,383620.17283385905,733570.0125038837,52.29496384734348,349949.83967002464,0.38,0.58,0.29104189414431403,0.038381784010885295,0.5643154999999069,tw_dense,context_noise_refinement
tw,20262069,100,20,2,0.0,0.45,0.3,gated_offline,1.0,1.0,deterministic,20.0,0.1,0.95,False,8182.395629813719,818239.5629813719,1127049.341753906,72.6001544624509,308809.778772534,0.45,0.78,0.2023364363984174,0.0275086775077399,0.5791840420000085,tw_gated_offline,context_noise_refinement
tw,20262070,100,20,2,0.0,0.45,0.3,gated_offline,1.0,1.0,deterministic,20.0,0.1,0.95,False,4010.413005473925,401041.3005473925,931498.7879386722,43.053335735934006,530457.4873912798,0.24,0.5,0.2024930884985421,0.027434151411823,0.5789054589999978,tw_gated_offline,context_noise_refinement
tw,20262071,100,20,2,0.0,0.45,0.3,gated_offline,1.0,1.0,deterministic,20.0,0.1,0.95,False,2509.4102200722173,250941.02200722173,1019628.4286046922,24.611026425638336,768687.4065974705,0.36,0.57,0.2027306820063549,0.0277054927214185,0.5830351250000092,tw_gated_offline,context_noise_refinement
tw,20262072,100,20,2,0.0,0.45,0.3,gated_offline,1.0,1.0,deterministic,20.0,0.1,0.95,False,4138.731978626104,413873.19786261045,897511.8562791457,46.11339615929117,483638.65841653524,0.3,0.49,0.20161389739373314,0.02731886425529512,0.5652007919999278,tw_gated_offline,context_noise_refinement
tw,20262073,100,20,2,0.0,0.45,0.3,gated_offline,1.0,1.0,deterministic,20.0,0.1,0.95,False,5553.24638142201,555324.638142201,850909.2652347672,65.26249752245747,295584.6270925662,0.42,0.66,0.20954624222243382,0.02909823977971596,0.5615314579999904,tw_gated_offline,context_noise_refinement
tw,20262074,100,20,2,0.0,0.45,0.3,gated_offline,1.0,1.0,deterministic,20.0,0.1,0.95,False,2823.236030584225,282323.6030584225,511264.0846580514,55.220699347040764,228940.48159962887,0.29,0.56,0.20320582608473117,0.026938063403109877,0.5654755840000689,tw_gated_offline,context_noise_refinement
tw,20262075,100,20,2,0.0,0.45,0.3,gated_offline,1.0,1.0,deterministic,20.0,0.1,0.95,False,8389.452086974232,838945.2086974232,1268039.1148292255,66.16083044176513,429093.90613180224,0.39,0.55,0.2052787039636258,0.02785830817087339,0.5955601669999169,tw_gated_offline,context_noise_refinement
tw,20262076,100,20,2,0.0,0.45,0.3,gated_offline,1.0,1.0,deterministic,20.0,0.1,0.95,False,6573.438393485355,657343.8393485355,1048705.1481454037,62.68147348289687,391361.3087968682,0.34,0.64,0.1993157411569207,0.026751828797033885,0.5964375830000108,tw_gated_offline,context_noise_refinement
tw,20262077,100,20,2,0.0,0.45,0.3,gated_offline,1.0,1.0,deterministic,20.0,0.1,0.95,False,5703.808537905214,570380.8537905214,913135.7000006589,62.46397482763075,342754.8462101375,0.45,0.63,0.2017420165352137,0.027536655437405976,0.6043066659999567,tw_gated_offline,context_noise_refinement
tw,20262078,100,20,2,0.0,0.45,0.3,gated_offline,1.0,1.0,deterministic,20.0,0.1,0.95,False,3995.2623067867016,399526.23067867017,674747.293647237,59.21123870228452,275221.06296856684,0.31,0.56,0.2017000077980133,0.027291405087084185,0.6470599169999787,tw_gated_offline,context_noise_refinement
tw,20263025,100,20,2,0.0,0.45,0.3,gated_offline_low_rank,1.0,1.0,deterministic,20.0,0.1,0.95,False,7902.705107015964,790270.5107015964,1095806.5679100307,72.11770159480193,305536.0572084344,0.43,0.69,0.2013087179443156,0.0273267604620049,0.7126725840000177,tw_gated_offline_low_rank,context_noise_refinement
tw,20263026,100,20,2,0.0,0.45,0.3,gated_offline_low_rank,1.0,1.0,deterministic,20.0,0.1,0.95,False,6100.459015229988,610045.9015229988,989945.5691738146,61.62418627037533,379899.6676508158,0.44,0.73,0.2010170214041959,0.0273854199403223,0.7148809159999985,tw_gated_offline_low_rank,context_noise_refinement
tw,20263027,100,20,2,0.0,0.45,0.3,gated_offline_low_rank,1.0,1.0,deterministic,20.0,0.1,0.95,False,1867.5437874425584,186754.37874425584,1052681.4480630169,17.740825497389796,865927.069318761,0.17,0.39,0.2020981487036107,0.027271662732922,0.7102237089999903,tw_gated_offline_low_rank,context_noise_refinement
tw,20263028,100,20,2,0.0,0.45,0.3,gated_offline_low_rank,1.0,1.0,deterministic,20.0,0.1,0.95,False,5594.326108451649,559432.6108451649,942087.8951872292,59.382209845078634,382655.2843420643,0.39,0.62,0.20664431697016894,0.02819472225378049,0.7218773749999627,tw_gated_offline_low_rank,context_noise_refinement
tw,20263029,100,20,2,0.0,0.45,0.3,gated_offline_low_rank,1.0,1.0,deterministic,20.0,0.1,0.95,False,5768.216169885652,576821.6169885652,873708.304496765,66.01993068164788,296886.68750819983,0.43,0.67,0.2038251404079032,0.02752884043197577,0.7352041659999031,tw_gated_offline_low_rank,context_noise_refinement
tw,20263030,100,20,2,0.0,0.45,0.3,gated_offline_low_rank,1.0,1.0,deterministic,20.0,0.1,0.95,False,2166.27624880033,216627.624880033,479541.6255277695,45.17389384948991,262914.0006477365,0.23,0.48,0.2093718389573368,0.028761243458445603,0.7482815829999936,tw_gated_offline_low_rank,context_noise_refinement
tw,20263031,100,20,2,0.0,0.45,0.3,gated_offline_low_rank,1.0,1.0,deterministic,20.0,0.1,0.95,False,3654.147801133172,365414.7801133172,1097027.9670136152,33.30952273788131,731613.186900298,0.2,0.42,0.2100453820849415,0.028392440727056073,0.7042269999999462,tw_gated_offline_low_rank,context_noise_refinement
tw,20263032,100,20,2,0.0,0.45,0.3,gated_offline_low_rank,1.0,1.0,deterministic,20.0,0.1,0.95,False,6407.218833160603,640721.8833160603,982220.6385341835,65.23197112537171,341498.7552181232,0.42,0.56,0.20972472472868628,0.028907291659976894,0.7113206669999954,tw_gated_offline_low_rank,context_noise_refinement
tw,20263033,100,20,2,0.0,0.45,0.3,gated_offline_low_rank,1.0,1.0,deterministic,20.0,0.1,0.95,False,4523.023002498287,452302.30024982867,879057.2257431113,51.45311215290618,426754.9254932827,0.28,0.52,0.20099421487075755,0.027105838641491655,0.7174967079999988,tw_gated_offline_low_rank,context_noise_refinement
tw,20263034,100,20,2,0.0,0.45,0.3,gated_offline_low_rank,1.0,1.0,deterministic,20.0,0.1,0.95,False,3783.2800241865266,378328.00241865264,797262.6947287216,47.45336824613164,418934.692310069,0.35,0.58,0.20267618618755337,0.02791163896306749,0.7269329580000203,tw_gated_offline_low_rank,context_noise_refinement
tw,20262349,100,20,2,0.0,0.45,0.3,support_offline,1.0,1.0,deterministic,20.0,0.1,0.95,True,7417.514969650373,741751.4969650373,1013256.2348020846,73.20473059905925,271504.7378370473,0.45,0.73,0.1106761214678579,0.0104352758955104,0.5777089579999881,tw_support_offline,context_noise_refinement
tw,20262350,100,20,2,0.0,0.45,0.3,support_offline,1.0,1.0,deterministic,20.0,0.1,0.95,True,6603.491810073705,660349.1810073705,962586.0903383445,68.60157108391843,302236.90933097387,0.47,0.75,0.1064100503954222,0.0099285333184757,0.5811728749999929,tw_support_offline,context_noise_refinement
tw,20262351,100,20,2,0.0,0.45,0.3,support_offline,1.0,1.0,deterministic,20.0,0.1,0.95,True,13812.273300720348,1381227.3300720348,1491880.842396522,92.58295239271683,110653.51232448708,0.64,0.83,0.1075019008511945,0.0098553437162546,0.58030070800001,tw_support_offline,context_noise_refinement
tw,20262352,100,20,2,0.0,0.45,0.3,support_offline,1.0,1.0,deterministic,20.0,0.1,0.95,True,6262.452581023001,626245.2581023001,953406.4231485637,65.68502612287477,327161.1650462636,0.44,0.64,0.10775115912283484,0.00955826503029064,0.5894998340000939,tw_support_offline,context_noise_refinement
tw,20262353,100,20,2,0.0,0.45,0.3,support_offline,1.0,1.0,deterministic,20.0,0.1,0.95,True,5705.728319795113,570572.8319795113,846508.3791932856,67.40309322434136,275935.5472137743,0.5,0.63,0.11196203090802362,0.009819293571827427,0.5880413749999889,tw_support_offline,context_noise_refinement
tw,20262354,100,20,2,0.0,0.45,0.3,support_offline,1.0,1.0,deterministic,20.0,0.1,0.95,True,3316.9413283272625,331694.13283272623,493956.0194001523,67.15053968479364,162261.8865674261,0.39,0.59,0.11100457544881355,0.01051758115187831,0.5835696249999955,tw_support_offline,context_noise_refinement
tw,20262355,100,20,2,0.0,0.45,0.3,support_offline,1.0,1.0,deterministic,20.0,0.1,0.95,True,6438.316450627974,643831.6450627974,1243710.1673007512,51.76701630252955,599878.5222379538,0.34,0.52,0.1146774379590361,0.01020670255225907,0.5740359999999782,tw_support_offline,context_noise_refinement
tw,20262356,100,20,2,0.0,0.45,0.3,support_offline,1.0,1.0,deterministic,20.0,0.1,0.95,True,7178.961860368948,717896.1860368948,1104658.3013584195,64.988076869932,386762.1153215247,0.35,0.6,0.11257673054804608,0.010007988494119295,0.5748654579999766,tw_support_offline,context_noise_refinement
tw,20262357,100,20,2,0.0,0.45,0.3,support_offline,1.0,1.0,deterministic,20.0,0.1,0.95,True,4341.938221815152,434193.8221815152,885016.4566441762,49.060536549557554,450822.63446266094,0.36,0.59,0.1088076369299397,0.00942462742750295,0.5758139580000261,tw_support_offline,context_noise_refinement
tw,20262358,100,20,2,0.0,0.45,0.3,support_offline,1.0,1.0,deterministic,20.0,0.1,0.95,True,3407.622025378083,340762.2025378083,755934.8689426661,45.078249005028155,415172.6664048578,0.29,0.52,0.11700514724243266,0.010357730549422023,0.5759799580000617,tw_support_offline,context_noise_refinement
exp4,20261395,100,50,2,0.0,0.45,0.0,dense,1.0,1.0,deterministic,20.0,0.1,0.95,False,6832.749708070907,683274.9708070908,935254.5164933744,73.05764995061975,251979.5456862836,0.49,0.76,0.3055653820825888,0.0157552602452623,1.0078335839999966,exp4_dense,context_noise_refinement
exp4,20261396,100,50,2,0.0,0.45,0.0,dense,1.0,1.0,deterministic,20.0,0.1,0.95,False,8355.245819290589,835524.5819290589,940501.923235025,88.83815772062668,104977.34130596614,0.49,0.75,0.3086486842669134,0.0159826086586768,1.0102517499999806,exp4_dense,context_noise_refinement
exp4,20261397,100,50,2,0.0,0.45,0.0,dense,1.0,1.0,deterministic,20.0,0.1,0.95,False,9328.881632916644,932888.1632916644,1176247.1208392454,79.31055870521955,243358.9575475809,0.53,0.77,0.309029582531329,0.0158229116705227,1.0667152500000157,exp4_dense,context_noise_refinement
exp4,20261398,100,50,2,0.0,0.45,0.0,dense,1.0,1.0,deterministic,20.0,0.1,0.95,False,7659.9176029990185,765991.7602999018,891107.736921798,85.9595005813673,125115.97662189614,0.57,0.75,0.3094752069206636,0.01590451691483054,0.9851510839999946,exp4_dense,context_noise_refinement
exp4,20261399,100,50,2,0.0,0.45,0.0,dense,1.0,1.0,deterministic,20.0,0.1,0.95,False,6135.935591403132,613593.5591403132,980588.7405366385,62.573995985770445,366995.18139632535,0.39,0.64,0.31289811570566667,0.016048378083219052,0.9833316659999127,exp4_dense,context_noise_refinement
exp4,20261400,100,50,2,0.0,0.45,0.0,dense,1.0,1.0,deterministic,20.0,0.1,0.95,False,6851.292426019675,685129.2426019675,929174.0861151037,73.73529383137527,244044.84351313615,0.46,0.68,0.31328936951326597,0.016104709610869312,1.0151070839999647,exp4_dense,context_noise_refinement
exp4,20261401,100,50,2,0.0,0.45,0.0,dense,1.0,1.0,deterministic,20.0,0.1,0.95,False,4582.625866333633,458262.58663336333,1001981.1138306905,45.73565113232246,543718.5271973272,0.29,0.44,0.3045710513813319,0.015711622203630086,1.0067937919999395,exp4_dense,context_noise_refinement
exp4,20261402,100,50,2,0.0,0.45,0.0,dense,1.0,1.0,deterministic,20.0,0.1,0.95,False,8876.613583980123,887661.3583980122,1085528.4350698546,81.77228064420906,197867.07667184237,0.53,0.82,0.31280744310052344,0.01610243121082945,0.9824444580000318,exp4_dense,context_noise_refinement
exp4,20261403,100,50,2,0.0,0.45,0.0,dense,1.0,1.0,deterministic,20.0,0.1,0.95,False,6205.317883929496,620531.7883929496,756133.0187209005,82.06648473606688,135601.2303279509,0.6,0.78,0.3079517857960667,0.015895923623138953,0.9821282500000734,exp4_dense,context_noise_refinement
exp4,20261404,100,50,2,0.0,0.45,0.0,dense,1.0,1.0,deterministic,20.0,0.1,0.95,False,13269.396349965231,1326939.6349965231,1611364.9880025762,82.34879402719166,284425.353006053,0.59,0.82,0.3026110669544692,0.015600379881583845,0.9818347089999406,exp4_dense,context_noise_refinement
global_ucb_tw,20262374,100,50,2,0.0,0.45,0.0,dense,1.0,1.0,deterministic,20.0,0.1,0.95,False,6279.502450983169,627950.2450983169,1020592.6709992436,61.52799867585785,392642.4259009267,0.42,0.6,0.3050202451877049,0.0157321002625149,0.9975540410000008,global_ucb_tw_dense,context_noise_refinement
global_ucb_tw,20262375,100,50,2,0.0,0.45,0.0,dense,1.0,1.0,deterministic,20.0,0.1,0.95,False,5937.011791905766,593701.1791905765,1053292.13016718,56.36624087339791,459590.9509766034,0.35,0.54,0.3036424129397772,0.0156826422951449,1.0004306669999892,global_ucb_tw_dense,context_noise_refinement
global_ucb_tw,20262376,100,50,2,0.0,0.45,0.0,dense,1.0,1.0,deterministic,20.0,0.1,0.95,False,5065.342392784182,506534.2392784182,1015086.6792059076,49.90058973827487,508552.4399274893,0.29,0.46,0.3034416544589196,0.0155974766364158,1.103559290999982,global_ucb_tw_dense,context_noise_refinement
global_ucb_tw,20262377,100,50,2,0.0,0.45,0.0,dense,1.0,1.0,deterministic,20.0,0.1,0.95,False,4287.244449573949,428724.4449573949,831035.8144928346,51.58916589160929,402311.3695354397,0.32,0.62,0.30504032384181995,0.015715814202869566,0.9689924159999919,global_ucb_tw_dense,context_noise_refinement
global_ucb_tw,20262378,100,50,2,0.0,0.45,0.0,dense,1.0,1.0,deterministic,20.0,0.1,0.95,False,3845.321216540262,384532.1216540262,948138.9740848056,40.55651462120278,563606.8524307794,0.36,0.52,0.30423529058118415,0.015743630816668075,0.9713234999999258,global_ucb_tw_dense,context_noise_refinement
global_ucb_tw,20262379,100,50,2,0.0,0.45,0.0,dense,1.0,1.0,deterministic,20.0,0.1,0.95,False,4658.594951875417,465859.4951875417,1038796.8344335301,44.84606419132776,572937.3392459884,0.33,0.51,0.3009712707909166,0.01549059037503576,0.9674015419999478,global_ucb_tw_dense,context_noise_refinement
global_ucb_tw,20262380,100,50,2,0.0,0.45,0.0,dense,1.0,1.0,deterministic,20.0,0.1,0.95,False,6489.1449940994635,648914.4994099464,948171.7932161916,68.43849437967705,299257.2938062452,0.44,0.55,0.3055907996759488,0.015851543764825185,0.9690183750000188,global_ucb_tw_dense,context_noise_refinement
global_ucb_tw,20262381,100,50,2,0.0,0.45,0.0,dense,1.0,1.0,deterministic,20.0,0.1,0.95,False,2921.600320836695,292160.0320836695,1060244.4975105391,27.55591118554853,768084.4654268697,0.13,0.37,0.30645906330006617,0.015793773802614052,0.9724928749999435,global_ucb_tw_dense,context_noise_refinement
global_ucb_tw,20262382,100,50,2,0.0,0.45,0.0,dense,1.0,1.0,deterministic,20.0,0.1,0.95,False,5995.210193153433,599521.0193153432,878750.7521287012,68.22423967923248,279229.73281335796,0.51,0.74,0.3054706895651691,0.015734990797924925,0.9730848340000193,global_ucb_tw_dense,context_noise_refinement
global_ucb_tw,20262383,100,50,2,0.0,0.45,0.0,dense,1.0,1.0,deterministic,20.0,0.1,0.95,False,2827.7858449351083,282778.58449351083,1133668.891959934,24.943666223797624,850890.3074664231,0.15,0.35,0.3022369589932563,0.015683181712228232,0.9729465000000346,global_ucb_tw_dense,context_noise_refinement
local_ucb_tw,20262272,100,50,2,0.0,0.45,0.0,dense,1.0,1.0,deterministic,20.0,0.1,0.95,False,5068.863968519229,506886.3968519229,1062325.0920003396,47.71480977611709,555438.6951484168,0.32,0.51,0.3012716376262193,0.0155775740898872,0.9937170000000036,local_ucb_tw_dense,context_noise_refinement
local_ucb_tw,20262273,100,50,2,0.0,0.45,0.0,dense,1.0,1.0,deterministic,20.0,0.1,0.95,False,6976.596410774675,697659.6410774675,1056692.1318994097,66.02298058408184,359032.490821942,0.38,0.63,0.3038812427723976,0.0156658822362884,0.9957701250000072,local_ucb_tw_dense,context_noise_refinement
local_ucb_tw,20262274,100,50,2,0.0,0.45,0.0,dense,1.0,1.0,deterministic,20.0,0.1,0.95,False,8485.308885081819,848530.8885081818,1188749.397499262,71.38013195154605,340218.5089910801,0.39,0.68,0.3028184144675643,0.0156782871470305,1.066737499999988,local_ucb_tw_dense,context_noise_refinement
local_ucb_tw,20262275,100,50,2,0.0,0.45,0.0,dense,1.0,1.0,deterministic,20.0,0.1,0.95,False,4725.226167201229,472522.6167201229,873696.5934714333,54.08314742794894,401173.97675131034,0.33,0.6,0.30127236134663693,0.015548763124431412,0.9757989580000412,local_ucb_tw_dense,context_noise_refinement
local_ucb_tw,20262276,100,50,2,0.0,0.45,0.0,dense,1.0,1.0,deterministic,20.0,0.1,0.95,False,5421.401585527599,542140.1585527599,956709.504911035,56.66716550528824,414569.34635827504,0.37,0.61,0.3045318764810995,0.01570223849912337,0.9764448749999701,local_ucb_tw_dense,context_noise_refinement
local_ucb_tw,20262277,100,50,2,0.0,0.45,0.0,dense,1.0,1.0,deterministic,20.0,0.1,0.95,False,6861.679035994693,686167.9035994692,968973.0950139869,70.81392735569861,282805.1914145177,0.47,0.73,0.3023606049687176,0.015584877901863806,0.9695007920000762,local_ucb_tw_dense,context_noise_refinement
local_ucb_tw,20262278,100,50,2,0.0,0.45,0.0,dense,1.0,1.0,deterministic,20.0,0.1,0.95,False,6460.26472682159,646026.4726821589,944162.612061342,68.42322121522291,298136.13937918306,0.44,0.67,0.30158706711840866,0.015582364173397647,0.9669167920000064,local_ucb_tw_dense,context_noise_refinement
local_ucb_tw,20262279,100,50,2,0.0,0.45,0.0,dense,1.0,1.0,deterministic,20.0,0.1,0.95,False,6827.303693457581,682730.3693457581,1187540.0515144046,57.491144696560724,504809.6821686465,0.43,0.59,0.3063022534494516,0.015763131697461318,0.9772008330000972,local_ucb_tw_dense,context_noise_refinement
local_ucb_tw,20262280,100,50,2,0.0,0.45,0.0,dense,1.0,1.0,deterministic,20.0,0.1,0.95,False,4652.297274220191,465229.7274220191,762999.5602354116,60.973787098708115,297769.8328133925,0.41,0.69,0.30333083606926736,0.015719454427094933,0.9709909169999946,local_ucb_tw_dense,context_noise_refinement
local_ucb_tw,20262281,100,50,2,0.0,0.45,0.0,dense,1.0,1.0,deterministic,20.0,0.1,0.95,False,6048.004681122566,604800.4681122566,1185129.4827455562,51.032437967126796,580329.0146332996,0.26,0.48,0.30216656533982206,0.015568425493914871,0.9675809159999744,local_ucb_tw_dense,context_noise_refinement
oracle,20261640,100,50,2,0.0,0.45,0.0,dense,1.0,1.0,deterministic,20.0,0.1,0.95,False,9459.265527585292,945926.5527585292,945926.5527585292,100.0,0.0,1.0,1.0,0.3028084091206821,0.0156085055289433,0.0191619590000016,oracle,context_noise_refinement
oracle,20261641,100,50,2,0.0,0.45,0.0,dense,1.0,1.0,deterministic,20.0,0.1,0.95,False,10731.294827416072,1073129.4827416071,1073129.4827416071,100.0,0.0,1.0,1.0,0.303858942356421,0.0155774619449635,0.0193164590000094,oracle,context_noise_refinement
oracle,20261642,100,50,2,0.0,0.45,0.0,dense,1.0,1.0,deterministic,20.0,0.1,0.95,False,12251.007040762102,1225100.7040762105,1225100.7040762105,100.0,0.0,1.0,1.0,0.3040794818054484,0.0156198633799139,0.0210541249999778,oracle,context_noise_refinement
oracle,20261643,100,50,2,0.0,0.45,0.0,dense,1.0,1.0,deterministic,20.0,0.1,0.95,False,8655.62584833036,865562.5848330361,865562.5848330361,100.0,0.0,1.0,1.0,0.30366332089350034,0.015622588127744945,0.018938042000058886,oracle,context_noise_refinement
oracle,20261644,100,50,2,0.0,0.45,0.0,dense,1.0,1.0,deterministic,20.0,0.1,0.95,False,11150.116495561231,1115011.6495561232,1115011.6495561232,100.0,0.0,1.0,1.0,0.30164303236520035,0.01553823794951979,0.01892145800002254,oracle,context_noise_refinement
oracle,20261645,100,50,2,0.0,0.45,0.0,dense,1.0,1.0,deterministic,20.0,0.1,0.95,False,10746.391731632208,1074639.1731632208,1074639.1731632208,100.0,0.0,1.0,1.0,0.30199475813106164,0.01557243542257224,0.018888666000066223,oracle,context_noise_refinement
oracle,20261646,100,50,2,0.0,0.45,0.0,dense,1.0,1.0,deterministic,20.0,0.1,0.95,False,9834.415758164188,983441.5758164189,983441.5758164189,100.0,0.0,1.0,1.0,0.30383058685995623,0.015644738432362096,0.018833500000027925,oracle,context_noise_refinement
oracle,20261647,100,50,2,0.0,0.45,0.0,dense,1.0,1.0,deterministic,20.0,0.1,0.95,False,11662.526743829443,1166252.6743829444,1166252.6743829444,100.0,0.0,1.0,1.0,0.3063313678943094,0.015678579097648773,0.01881541600005221,oracle,context_noise_refinement
oracle,20261648,100,50,2,0.0,0.45,0.0,dense,1.0,1.0,deterministic,20.0,0.1,0.95,False,7956.342398480326,795634.2398480326,795634.2398480326,100.0,0.0,1.0,1.0,0.3069642746901007,0.01574001937630648,0.018817666999893845,oracle,context_noise_refinement
oracle,20261649,100,50,2,0.0,0.45,0.0,dense,1.0,1.0,deterministic,20.0,0.1,0.95,False,14387.59674950985,1438759.674950985,1438759.674950985,100.0,0.0,1.0,1.0,0.3028568605670179,0.015542310305518057,0.01896970899997541,oracle,context_noise_refinement
state_thompson,20262538,100,50,2,0.0,0.45,0.0,dense,1.0,1.0,deterministic,20.0,0.1,0.95,False,4896.844131278576,489684.4131278576,959438.8788192284,51.03862517334165,469754.4656913708,0.24,0.53,0.3074661177489726,0.0157933263443682,0.0217380420000097,state_thompson,context_noise_refinement
state_thompson,20262539,100,50,2,0.0,0.45,0.0,dense,1.0,1.0,deterministic,20.0,0.1,0.95,False,5422.689549827546,542268.9549827547,1017458.0598204976,53.29644300802168,475189.104837743,0.29,0.44,0.3093149078068643,0.015998644448234,0.0221009999999921,state_thompson,context_noise_refinement
state_thompson,20262540,100,50,2,0.0,0.45,0.0,dense,1.0,1.0,deterministic,20.0,0.1,0.95,False,3380.8733496597315,338087.3349659732,881034.1246897457,38.37392054309246,542946.7897237726,0.16,0.4,0.3094447950384317,0.0159300158558766,0.0238694999999893,state_thompson,context_noise_refinement
state_thompson,20262541,100,50,2,0.0,0.45,0.0,dense,1.0,1.0,deterministic,20.0,0.1,0.95,False,5164.725373227476,516472.5373227476,840814.7032940415,61.425250450470756,324342.16597129387,0.38,0.66,0.31165119055830326,0.015941160895362492,0.021636542000010195,state_thompson,context_noise_refinement
state_thompson,20262542,100,50,2,0.0,0.45,0.0,dense,1.0,1.0,deterministic,20.0,0.1,0.95,False,4841.841317397313,484184.13173973135,1035271.5504034674,46.768804914134314,551087.418663736,0.22,0.34,0.30402468199069005,0.01571454397469974,0.021623832999921433,state_thompson,context_noise_refinement
state_thompson,20262543,100,50,2,0.0,0.45,0.0,dense,1.0,1.0,deterministic,20.0,0.1,0.95,False,4858.931299776906,485893.1299776906,959285.3193866023,50.65157572601926,473392.1894089117,0.3,0.5,0.30623536640497145,0.015700879489555564,0.021529957999973703,state_thompson,context_noise_refinement
state_thompson,20262544,100,50,2,0.0,0.45,0.0,dense,1.0,1.0,deterministic,20.0,0.1,0.95,False,5803.429055099452,580342.9055099452,913417.5440504692,63.53533597969511,333074.63854052394,0.33,0.54,0.30518487417860785,0.01571787785637502,0.021517707999919367,state_thompson,context_noise_refinement
state_thompson,20262545,100,50,2,0.0,0.45,0.0,dense,1.0,1.0,deterministic,20.0,0.1,0.95,False,6000.1493856102115,600014.9385610211,1060464.2703409565,56.58040118297494,460449.3317799354,0.35,0.49,0.305032819453698,0.0156888631609743,0.02155591700000059,state_thompson,context_noise_refinement
state_thompson,20262546,100,50,2,0.0,0.45,0.0,dense,1.0,1.0,deterministic,20.0,0.1,0.95,False,5235.979739165291,523597.9739165291,813500.2467740007,64.36359128259618,289902.2728574716,0.4,0.59,0.3045443276057148,0.01566119700828184,0.021436042000004818,state_thompson,context_noise_refinement
state_thompson,20262547,100,50,2,0.0,0.45,0.0,dense,1.0,1.0,deterministic,20.0,0.1,0.95,False,6690.591676400262,669059.1676400262,1283303.734151594,52.13568306822924,614244.5665115679,0.27,0.57,0.30489260149353814,0.01571944881984874,0.02156045799995354,state_thompson,context_noise_refinement
tm_tw,20261565,100,50,2,0.0,0.45,0.0,dense,1.0,1.0,deterministic,20.0,0.1,0.95,False,3034.531202447886,303453.1202447886,1039515.54467841,29.191782825976546,736062.4244336215,0.19,0.44,0.3040594457733961,0.0156845805332439,0.9971460419999972,tm_tw_dense,context_noise_refinement
tm_tw,20261566,100,50,2,0.0,0.45,0.0,dense,1.0,1.0,deterministic,20.0,0.1,0.95,False,4727.2280994909925,472722.80994909926,1055912.1802931114,44.76914072701347,583189.370344012,0.33,0.57,0.3012651691958279,0.0155306846150879,1.003847417000003,tm_tw_dense,context_noise_refinement
tm_tw,20261567,100,50,2,0.0,0.45,0.0,dense,1.0,1.0,deterministic,20.0,0.1,0.95,False,2653.45171979424,265345.171979424,1012170.1446811206,26.21547112150988,746824.9727016967,0.2,0.42,0.2993182251405873,0.0154629789864477,1.0758895829999915,tm_tw_dense,context_noise_refinement
tm_tw,20261568,100,50,2,0.0,0.45,0.0,dense,1.0,1.0,deterministic,20.0,0.1,0.95,False,5323.707905097526,532370.7905097526,811396.630077565,65.61165905493851,279025.8395678124,0.48,0.63,0.3056001665488899,0.01575991741504885,0.9703519170000163,tm_tw_dense,context_noise_refinement
tm_tw,20261569,100,50,2,0.0,0.45,0.0,dense,1.0,1.0,deterministic,20.0,0.1,0.95,False,5159.675771901882,515967.5771901883,942386.1972053375,54.75118149229043,426418.6200151492,0.29,0.49,0.3094369770228967,0.015963208323503997,0.9748382919999585,tm_tw_dense,context_noise_refinement
tm_tw,20261570,100,50,2,0.0,0.45,0.0,dense,1.0,1.0,deterministic,20.0,0.1,0.95,False,5410.967041232739,541096.7041232738,999659.5570975288,54.128097939095014,458562.852974255,0.33,0.56,0.3039652966625523,0.015698833955151516,0.9711903329999814,tm_tw_dense,context_noise_refinement
tm_tw,20261571,100,50,2,0.0,0.45,0.0,dense,1.0,1.0,deterministic,20.0,0.1,0.95,False,5644.571115446142,564457.1115446142,992907.6923006688,56.84890105309883,428450.5807560546,0.41,0.64,0.30656199393218375,0.01578589878816457,0.9726411669998924,tm_tw_dense,context_noise_refinement
tm_tw,20261572,100,50,2,0.0,0.45,0.0,dense,1.0,1.0,deterministic,20.0,0.1,0.95,False,5459.436426840963,545943.6426840962,1116774.9717435744,48.88573405542364,570831.3290594781,0.3,0.54,0.3034575303153868,0.015583091993952872,0.9699430829999756,tm_tw_dense,context_noise_refinement
tm_tw,20261573,100,50,2,0.0,0.45,0.0,dense,1.0,1.0,deterministic,20.0,0.1,0.95,False,5845.249648709672,584524.9648709672,825738.7816046793,70.78812063726072,241213.8167337121,0.46,0.67,0.31455764108022016,0.01621498149451398,0.9826291660000379,tm_tw_dense,context_noise_refinement
tm_tw,20261574,100,50,2,0.0,0.45,0.0,dense,1.0,1.0,deterministic,20.0,0.1,0.95,False,4328.226137100932,432822.6137100932,1089534.6172407377,39.725457719390576,656712.0035306445,0.22,0.46,0.30939594097634154,0.015898078289946264,0.9786155829999643,tm_tw_dense,context_noise_refinement
tm_tw,20262389,100,50,2,0.0,0.45,0.0,gated_offline,1.0,1.0,deterministic,20.0,0.1,0.95,False,6168.960099338991,616896.0099338992,1007912.585291244,61.20530876749023,391016.5753573448,0.47,0.61,0.2385796329239313,0.0123221628028184,1.005906374999995,tm_tw_gated_offline,context_noise_refinement
tm_tw,20262390,100,50,2,0.0,0.45,0.0,gated_offline,1.0,1.0,deterministic,20.0,0.1,0.95,False,6630.214400849302,663021.4400849303,1048956.3284282424,63.20772582385794,385934.8883433121,0.37,0.58,0.2395998097594094,0.0123709258702428,0.9642291250000028,tm_tw_gated_offline,context_noise_refinement
tm_tw,20262391,100,50,2,0.0,0.45,0.0,gated_offline,1.0,1.0,deterministic,20.0,0.1,0.95,False,4959.539251019651,495953.925101965,968485.9679915686,51.20920090669632,472532.0428896036,0.4,0.66,0.2414214875919788,0.0124846514366383,0.9669277079999858,tm_tw_gated_offline,context_noise_refinement
tm_tw,20262392,100,50,2,0.0,0.45,0.0,gated_offline,1.0,1.0,deterministic,20.0,0.1,0.95,False,5772.131395270879,577213.1395270879,813845.7335754681,70.92414639703493,236632.59404838015,0.43,0.66,0.239087802887695,0.01238801896342624,0.9372708750000811,tm_tw_gated_offline,context_noise_refinement
tm_tw,20262393,100,50,2,0.0,0.45,0.0,gated_offline,1.0,1.0,deterministic,20.0,0.1,0.95,False,4695.84601009401,469584.601009401,997640.5176653675,47.06951980141117,528055.9166559664,0.31,0.55,0.23908837406917346,0.012413316110559845,0.9385214590000714,tm_tw_gated_offline,context_noise_refinement
tm_tw,20262394,100,50,2,0.0,0.45,0.0,gated_offline,1.0,1.0,deterministic,20.0,0.1,0.95,False,7872.026772169147,787202.6772169147,1051095.947334101,74.89351273910819,263893.27011718624,0.58,0.73,0.24025103547331977,0.01238966884164737,0.9387175000000525,tm_tw_gated_offline,context_noise_refinement
tm_tw,20262395,100,50,2,0.0,0.45,0.0,gated_offline,1.0,1.0,deterministic,20.0,0.1,0.95,False,6170.723438171113,617072.3438171113,964315.0810548526,63.99073870566282,347242.73723774124,0.43,0.69,0.2391747459857786,0.012395271922702988,0.9471132080000189,tm_tw_gated_offline,context_noise_refinement
tm_tw,20262396,100,50,2,0.0,0.45,0.0,gated_offline,1.0,1.0,deterministic,20.0,0.1,0.95,False,6412.965424116708,641296.5424116708,1280885.551546357,50.06665440463916,639589.0091346863,0.28,0.55,0.23797410111717604,0.01232482093995249,0.9721367920000148,tm_tw_gated_offline,context_noise_refinement
tm_tw,20262397,100,50,2,0.0,0.45,0.0,gated_offline,1.0,1.0,deterministic,20.0,0.1,0.95,False,3746.7436844347144,374674.36844347144,747059.1067765494,50.15324290204244,372384.7383330779,0.34,0.58,0.24106937727547256,0.0125098832660125,0.9996347920000517,tm_tw_gated_offline,context_noise_refinement
tm_tw,20262398,100,50,2,0.0,0.45,0.0,gated_offline,1.0,1.0,deterministic,20.0,0.1,0.95,False,6704.749146359254,670474.9146359254,1146668.5743527897,58.47155225426487,476193.65971686423,0.41,0.57,0.24160795107027883,0.012491411331950163,1.02708025000004,tm_tw_gated_offline,context_noise_refinement
tm_tw,20263345,100,50,2,0.0,0.45,0.0,gated_offline_low_rank,1.0,1.0,deterministic,20.0,0.1,0.95,False,3379.6647511209662,337966.47511209664,1001954.2064661268,33.73073069917017,663987.7313540301,0.23,0.48,0.2380702568509969,0.012356272113139,2.7661777079999865,tm_tw_gated_offline_low_rank,context_noise_refinement
tm_tw,20263346,100,50,2,0.0,0.45,0.0,gated_offline_low_rank,1.0,1.0,deterministic,20.0,0.1,0.95,False,7054.807984454928,705480.7984454928,1069179.711288086,65.98336939966529,363698.9128425934,0.41,0.64,0.240879520824293,0.0124959923558281,2.5508953750000103,tm_tw_gated_offline_low_rank,context_noise_refinement
tm_tw,20263347,100,50,2,0.0,0.45,0.0,gated_offline_low_rank,1.0,1.0,deterministic,20.0,0.1,0.95,False,5850.5766146987,585057.66146987,979861.5573690024,59.70819623139325,394803.8958991325,0.41,0.63,0.2419008402782142,0.0124827844597461,2.7050828330000343,tm_tw_gated_offline_low_rank,context_noise_refinement
tm_tw,20263348,100,50,2,0.0,0.45,0.0,gated_offline_low_rank,1.0,1.0,deterministic,20.0,0.1,0.95,False,4983.484891736737,498348.48917367373,873759.5958055168,57.034966089756935,375411.1066318431,0.43,0.64,0.23711675518727962,0.012306444608152667,2.584768542000006,tm_tw_gated_offline_low_rank,context_noise_refinement
tm_tw,20263349,100,50,2,0.0,0.45,0.0,gated_offline_low_rank,1.0,1.0,deterministic,20.0,0.1,0.95,False,3837.7950324934604,383779.50324934605,895094.3455360848,42.87587170707631,511314.8422867388,0.31,0.5,0.2387253502572929,0.012399683425043346,2.5418594159999657,tm_tw_gated_offline_low_rank,context_noise_refinement
tm_tw,20263350,100,50,2,0.0,0.45,0.0,gated_offline_low_rank,1.0,1.0,deterministic,20.0,0.1,0.95,False,4880.86951316951,488086.951316951,954717.6123133738,51.123698256102,466630.6609964228,0.37,0.59,0.24250164331198057,0.012540277886359759,2.4641560830000344,tm_tw_gated_offline_low_rank,context_noise_refinement
tm_tw,20263351,100,50,2,0.0,0.45,0.0,gated_offline_low_rank,1.0,1.0,deterministic,20.0,0.1,0.95,False,4840.955543645339,484095.5543645339,831658.8696009937,58.208428005678485,347563.3152364598,0.38,0.57,0.23824298769099894,0.012362989896863815,2.39099833399996,tm_tw_gated_offline_low_rank,context_noise_refinement
tm_tw,20263352,100,50,2,0.0,0.45,0.0,gated_offline_low_rank,1.0,1.0,deterministic,20.0,0.1,0.95,False,6107.064605294949,610706.4605294949,1001182.7885259079,60.99849772973714,390476.327996413,0.47,0.68,0.24107989583892084,0.012481813653265976,2.3921158750000586,tm_tw_gated_offline_low_rank,context_noise_refinement
tm_tw,20263353,100,50,2,0.0,0.45,0.0,gated_offline_low_rank,1.0,1.0,deterministic,20.0,0.1,0.95,False,4126.851822231512,412685.18222315126,751271.4155873065,54.93156982427377,338586.2333641552,0.33,0.55,0.2396430477081957,0.012462550290164472,2.4480000000000928,tm_tw_gated_offline_low_rank,context_noise_refinement
tm_tw,20263354,100,50,2,0.0,0.45,0.0,gated_offline_low_rank,1.0,1.0,deterministic,20.0,0.1,0.95,False,5380.329989963943,538032.9989963943,1305219.330242568,41.221654210132165,767186.3312461736,0.3,0.51,0.2382578583009596,0.012335307621119028,2.4002897080000594,tm_tw_gated_offline_low_rank,context_noise_refinement
tm_tw_refined,20262393,100,50,2,0.0,0.45,0.0,dense,1.0,1.0,deterministic,20.0,0.1,0.95,False,7409.717037909178,740971.7037909179,909492.5867111412,81.47088988051902,168520.8829202233,0.55,0.7,0.3042037564917478,0.0156858217906418,1.0032840000000078,tm_tw_refined_dense,context_noise_refinement
tm_tw_refined,20262394,100,50,2,0.0,0.45,0.0,dense,1.0,1.0,deterministic,20.0,0.1,0.95,False,8766.278299694624,876627.8299694625,999157.1921761848,87.7367281979074,122529.36220672226,0.5,0.74,0.31133970948333,0.0161162876507014,1.010548083000003,tm_tw_refined_dense,context_noise_refinement
tm_tw_refined,20262395,100,50,2,0.0,0.45,0.0,dense,1.0,1.0,deterministic,20.0,0.1,0.95,False,8669.019609645393,866901.9609645392,1093635.1533926057,79.26793119947642,226733.1924280665,0.53,0.72,0.3047290453694874,0.015713695224535,1.055299749999989,tm_tw_refined_dense,context_noise_refinement
tm_tw_refined,20262396,100,50,2,0.0,0.45,0.0,dense,1.0,1.0,deterministic,20.0,0.1,0.95,False,7357.56053646212,735756.053646212,810883.6514085878,90.73509527145212,75127.59776237584,0.67,0.9,0.30238521695541415,0.01568125693152004,1.0075264999999263,tm_tw_refined_dense,context_noise_refinement
tm_tw_refined,20262397,100,50,2,0.0,0.45,0.0,dense,1.0,1.0,deterministic,20.0,0.1,0.95,False,7244.829341420866,724482.9341420865,1005576.5951171365,72.046519147325,281093.66097504995,0.51,0.73,0.3050478399912471,0.015797621308040175,0.996432958000014,tm_tw_refined_dense,context_noise_refinement
tm_tw_refined,20262398,100,50,2,0.0,0.45,0.0,dense,1.0,1.0,deterministic,20.0,0.1,0.95,False,5840.983670950571,584098.367095057,918329.935625163,63.604413232747966,334231.568530106,0.35,0.6,0.3083611505314067,0.01589898200211819,0.99759137500007,tm_tw_refined_dense,context_noise_refinement
tm_tw_refined,20262399,100,50,2,0.0,0.45,0.0,dense,1.0,1.0,deterministic,20.0,0.1,0.95,False,8886.20395450052,888620.3954500519,939844.224572325,94.54975326942265,51223.829122273135,0.7,0.83,0.3061797886823106,0.015736135049963722,0.9915993749999643,tm_tw_refined_dense,context_noise_refinement
tm_tw_refined,20262400,100,50,2,0.0,0.45,0.0,dense,1.0,1.0,deterministic,20.0,0.1,0.95,False,6935.1793555805725,693517.9355580573,1051246.374902692,65.9710180329756,357728.43934463465,0.39,0.73,0.3062090917182954,0.015780379212919738,0.991897750000021,tm_tw_refined_dense,context_noise_refinement
tm_tw_refined,20262401,100,50,2,0.0,0.45,0.0,dense,1.0,1.0,deterministic,20.0,0.1,0.95,False,6647.662171305957,664766.2171305957,710362.4906031003,93.58126673695944,45596.273472504574,0.63,0.86,0.3053423358481489,0.015817903465135633,0.9919737919999534,tm_tw_refined_dense,context_noise_refinement
tm_tw_refined,20262402,100,50,2,0.0,0.45,0.0,dense,1.0,1.0,deterministic,20.0,0.1,0.95,False,10212.890485633507,1021289.0485633507,1261759.4011186121,80.94166349447664,240470.35255526146,0.49,0.7,0.3107621612737074,0.015852778854252236,0.9773433750000322,tm_tw_refined_dense,context_noise_refinement
tm_tw_refined,20263217,100,50,2,0.0,0.45,0.0,gated_offline,1.0,1.0,deterministic,20.0,0.1,0.95,False,7033.599103048997,703359.9103048997,936486.1758334688,75.10627796282334,233126.26552856923,0.61,0.82,0.2396610002273345,0.0124162551409394,1.0019608749999804,tm_tw_refined_gated_offline,context_noise_refinement
tm_tw_refined,20263218,100,50,2,0.0,0.45,0.0,gated_offline,1.0,1.0,deterministic,20.0,0.1,0.95,False,8077.682410389581,807768.2410389582,1028827.9354664008,78.51344361803035,221059.6944274425,0.46,0.66,0.2400617906295629,0.0124386418398131,0.9661122079999984,tm_tw_refined_gated_offline,context_noise_refinement
tm_tw_refined,20263219,100,50,2,0.0,0.45,0.0,gated_offline,1.0,1.0,deterministic,20.0,0.1,0.95,False,7011.415289396338,701141.5289396339,1045701.9227853288,67.0498460088966,344560.3938456951,0.38,0.66,0.2414470335553546,0.0125274543705084,0.959542416000005,tm_tw_refined_gated_offline,context_noise_refinement
tm_tw_refined,20263220,100,50,2,0.0,0.45,0.0,gated_offline,1.0,1.0,deterministic,20.0,0.1,0.95,False,7298.002271395454,729800.2271395454,819171.7018122151,89.0900192871705,89371.47467266978,0.67,0.82,0.24223965406911363,0.012527265137164102,0.9482977499999379,tm_tw_refined_gated_offline,context_noise_refinement
tm_tw_refined,20263221,100,50,2,0.0,0.45,0.0,gated_offline,1.0,1.0,deterministic,20.0,0.1,0.95,False,7378.753874345064,737875.3874345064,1099260.8643708231,67.12468453580756,361385.4769363167,0.48,0.65,0.2397362439379522,0.012413227407429676,0.9533978340000431,tm_tw_refined_gated_offline,context_noise_refinement
tm_tw_refined,20263222,100,50,2,0.0,0.45,0.0,gated_offline,1.0,1.0,deterministic,20.0,0.1,0.95,False,6628.60201142036,662860.201142036,913557.3970908411,72.55813408690767,250697.19594880508,0.48,0.68,0.2399619125307973,0.012442818771653753,0.9462599580000415,tm_tw_refined_gated_offline,context_noise_refinement
tm_tw_refined,20263223,100,50,2,0.0,0.45,0.0,gated_offline,1.0,1.0,deterministic,20.0,0.1,0.95,False,9779.329415170723,977932.9415170724,1026303.8096729282,95.28688603706235,48370.8681558558,0.72,0.89,0.23992983418461827,0.012366892834591211,0.9386170420000326,tm_tw_refined_gated_offline,context_noise_refinement
tm_tw_refined,20263224,100,50,2,0.0,0.45,0.0,gated_offline,1.0,1.0,deterministic,20.0,0.1,0.95,False,7104.595743332436,710459.5743332435,902869.4911047529,78.6890665077102,192409.91677150934,0.47,0.68,0.24125351100529982,0.012478584859327856,0.9338012919999983,tm_tw_refined_gated_offline,context_noise_refinement
tm_tw_refined,20263225,100,50,2,0.0,0.45,0.0,gated_offline,1.0,1.0,deterministic,20.0,0.1,0.95,False,8155.113663483056,815511.3663483056,882754.2826660918,92.38260095270235,67242.9163177862,0.69,0.84,0.2419133217171743,0.01250100309709234,0.9672130420000258,tm_tw_refined_gated_offline,context_noise_refinement
tm_tw_refined,20263226,100,50,2,0.0,0.45,0.0,gated_offline,1.0,1.0,deterministic,20.0,0.1,0.95,False,11614.120340749796,1161412.0340749796,1407093.5611248296,82.53978741445933,245681.52704984997,0.57,0.76,0.23927847093675378,0.012388169758747528,0.9949626659999922,tm_tw_refined_gated_offline,context_noise_refinement
tm_tw_refined,20263217,100,50,2,0.0,0.45,0.0,gated_offline,0.5,1.0,beta,20.0,0.1,0.95,False,7055.437191239741,705543.7191239741,894850.1654032328,78.84490011867469,189306.4462792587,0.5,0.82,0.2376852773610813,0.0123497396203973,1.035520083999984,tm_tw_refined_gated_offline_best_beta,context_noise_refinement
tm_tw_refined,20263218,100,50,2,0.0,0.45,0.0,gated_offline,0.5,1.0,beta,20.0,0.1,0.95,False,7710.558318334794,771055.8318334795,1004017.6546527843,76.79703920148005,232961.82281930489,0.51,0.7,0.2403336355765503,0.0124101858756552,1.0247584159999974,tm_tw_refined_gated_offline_best_beta,context_noise_refinement
tm_tw_refined,20263219,100,50,2,0.0,0.45,0.0,gated_offline,0.5,1.0,beta,20.0,0.1,0.95,False,8073.98422460041,807398.422460041,1111365.3891147852,72.64923222983782,303966.96665474423,0.49,0.73,0.2391221674614196,0.0124175748463982,1.0377638329999854,tm_tw_refined_gated_offline_best_beta,context_noise_refinement
tm_tw_refined,20263220,100,50,2,0.0,0.45,0.0,gated_offline,0.5,1.0,beta,20.0,0.1,0.95,False,7720.863096336018,772086.3096336018,828967.8903458457,93.13826489847358,56881.580712243915,0.66,0.89,0.24270286818455847,0.012595408852939896,1.0439448330000687,tm_tw_refined_gated_offline_best_beta,context_noise_refinement
tm_tw_refined,20263221,100,50,2,0.0,0.45,0.0,gated_offline,0.5,1.0,beta,20.0,0.1,0.95,False,6440.034879498075,644003.4879498074,972308.6003456869,66.23447408784037,328305.11239587946,0.37,0.59,0.24160116494591694,0.012481968390948603,1.0065251250000529,tm_tw_refined_gated_offline_best_beta,context_noise_refinement
tm_tw_refined,20263222,100,50,2,0.0,0.45,0.0,gated_offline,0.5,1.0,beta,20.0,0.1,0.95,False,7630.272218828839,763027.2218828839,953267.95513626,80.04330972961499,190240.7332533761,0.46,0.74,0.24063209172022448,0.012435376579032648,1.0732746249999536,tm_tw_refined_gated_offline_best_beta,context_noise_refinement
tm_tw_refined,20263223,100,50,2,0.0,0.45,0.0,gated_offline,0.5,1.0,beta,20.0,0.1,0.95,False,8858.504236007166,885850.4236007165,971268.3251087618,91.20552999620571,85417.90150804527,0.66,0.84,0.24033944614020086,0.012432269998296094,1.0061074999999846,tm_tw_refined_gated_offline_best_beta,context_noise_refinement
tm_tw_refined,20263224,100,50,2,0.0,0.45,0.0,gated_offline,0.5,1.0,beta,20.0,0.1,0.95,False,8375.346944256478,837534.6944256478,1014996.8583177567,82.515988848849,177462.16389210883,0.53,0.83,0.23965944275629797,0.012404003267482531,1.0314165409999987,tm_tw_refined_gated_offline_best_beta,context_noise_refinement
tm_tw_refined,20263225,100,50,2,0.0,0.45,0.0,gated_offline,0.5,1.0,beta,20.0,0.1,0.95,False,7201.046908105653,720104.6908105653,736857.8358906335,97.72640742025645,16753.145080068265,0.69,0.86,0.24144946470570786,0.012513143598841344,1.0266930839999304,tm_tw_refined_gated_offline_best_beta,context_noise_refinement
tm_tw_refined,20263226,100,50,2,0.0,0.45,0.0,gated_offline,0.5,1.0,beta,20.0,0.1,0.95,False,8864.358660563172,886435.8660563172,1369105.16577098,64.74563738550656,482669.29971466283,0.53,0.82,0.23753776954098033,0.01232338296365343,0.998777208999968,tm_tw_refined_gated_offline_best_beta,context_noise_refinement
tm_tw_refined,20264173,100,50,2,0.0,0.45,0.0,gated_offline_low_rank,1.0,1.0,deterministic,20.0,0.1,0.95,False,6958.926554546188,695892.6554546187,944251.2807749972,73.69782489291015,248358.6253203785,0.53,0.78,0.2415307858822427,0.0124935431638452,2.4880970829999853,tm_tw_refined_gated_offline_low_rank,context_noise_refinement
tm_tw_refined,20264174,100,50,2,0.0,0.45,0.0,gated_offline_low_rank,1.0,1.0,deterministic,20.0,0.1,0.95,False,7908.94225238757,790894.225238757,947209.15170472,83.4973167030071,156314.9264659629,0.41,0.64,0.2420920280111506,0.012548343957663,2.584642124999988,tm_tw_refined_gated_offline_low_rank,context_noise_refinement
tm_tw_refined,20264175,100,50,2,0.0,0.45,0.0,gated_offline_low_rank,1.0,1.0,deterministic,20.0,0.1,0.95,False,8145.314652565181,814531.4652565181,1118710.1285666733,72.80987670149385,304178.6633101552,0.38,0.67,0.2406551957562457,0.0124092308386204,2.6092702919999624,tm_tw_refined_gated_offline_low_rank,context_noise_refinement
tm_tw_refined,20264176,100,50,2,0.0,0.45,0.0,gated_offline_low_rank,1.0,1.0,deterministic,20.0,0.1,0.95,False,7678.076281032305,767807.6281032305,819885.3365117959,93.64817175165857,52077.70840856538,0.76,0.89,0.239440475672754,0.012440767758166198,2.6089791670000295,tm_tw_refined_gated_offline_low_rank,context_noise_refinement
tm_tw_refined,20264177,100,50,2,0.0,0.45,0.0,gated_offline_low_rank,1.0,1.0,deterministic,20.0,0.1,0.95,False,7299.527968472092,729952.7968472092,1047222.1873475569,69.70371767008304,317269.3905003477,0.42,0.66,0.23896485783680074,0.012389686582273404,2.704901333999942,tm_tw_refined_gated_offline_low_rank,context_noise_refinement
tm_tw_refined,20264178,100,50,2,0.0,0.45,0.0,gated_offline_low_rank,1.0,1.0,deterministic,20.0,0.1,0.95,False,7480.713359033083,748071.3359033084,1042553.889967801,71.75373312610367,294482.5540644927,0.48,0.66,0.23922953222708482,0.012372019875514926,2.6144347089999656,tm_tw_refined_gated_offline_low_rank,context_noise_refinement
tm_tw_refined,20264179,100,50,2,0.0,0.45,0.0,gated_offline_low_rank,1.0,1.0,deterministic,20.0,0.1,0.95,False,9171.351462932835,917135.1462932834,947356.3823911714,96.8099400965022,30221.236097887973,0.72,0.87,0.24246115177342742,0.012528326617955114,2.6746923749999496,tm_tw_refined_gated_offline_low_rank,context_noise_refinement
tm_tw_refined,20264180,100,50,2,0.0,0.45,0.0,gated_offline_low_rank,1.0,1.0,deterministic,20.0,0.1,0.95,False,8824.337907393869,882433.7907393868,1163932.822926976,75.814838567771,281499.0321875892,0.51,0.76,0.2405136115453881,0.01247019945675597,2.5283784160000096,tm_tw_refined_gated_offline_low_rank,context_noise_refinement
tm_tw_refined,20264181,100,50,2,0.0,0.45,0.0,gated_offline_low_rank,1.0,1.0,deterministic,20.0,0.1,0.95,False,7011.5666439278975,701156.6643927897,789796.1671568054,88.77691403807266,88639.50276401569,0.64,0.83,0.24122469620242143,0.012475860687641362,2.411519750000025,tm_tw_refined_gated_offline_low_rank,context_noise_refinement
tm_tw_refined,20264182,100,50,2,0.0,0.45,0.0,gated_offline_low_rank,1.0,1.0,deterministic,20.0,0.1,0.95,False,11962.894500865315,1196289.4500865315,1438589.292762427,83.15712177930762,242299.84267589543,0.53,0.78,0.24051476874941533,0.012423937817602307,2.5523134999999684,tm_tw_refined_gated_offline_low_rank,context_noise_refinement
tm_tw_refined,20264173,100,50,2,0.0,0.45,0.0,gated_offline_low_rank,0.5,1.0,beta,20.0,0.1,0.95,False,6566.6786071242905,656667.860712429,800859.4957750452,81.99538922578769,144191.6350626162,0.51,0.82,0.2409926820816857,0.0124811276823926,2.588283541999999,tm_tw_refined_gated_offline_low_rank_best_beta,context_noise_refinement
tm_tw_refined,20264174,100,50,2,0.0,0.45,0.0,gated_offline_low_rank,0.5,1.0,beta,20.0,0.1,0.95,False,9105.1537224056,910515.37224056,1009390.9326133684,90.20443346793158,98875.56037280848,0.55,0.74,0.2407618469336676,0.0124826198661601,2.574405500000012,tm_tw_refined_gated_offline_low_rank_best_beta,context_noise_refinement
tm_tw_refined,20264175,100,50,2,0.0,0.45,0.0,gated_offline_low_rank,0.5,1.0,beta,20.0,0.1,0.95,False,7390.63304395542,739063.304395542,1110610.3138717047,66.54569070397783,371547.0094761627,0.39,0.65,0.2377838513973782,0.0123481202954766,2.585319542000036,tm_tw_refined_gated_offline_low_rank_best_beta,context_noise_refinement
tm_tw_refined,20264176,100,50,2,0.0,0.45,0.0,gated_offline_low_rank,0.5,1.0,beta,20.0,0.1,0.95,False,8483.85144519144,848385.144519144,900960.3465529601,94.1645376253276,52575.20203381614,0.74,0.91,0.24016004317640097,0.012447070608359808,2.786123875000044,tm_tw_refined_gated_offline_low_rank_best_beta,context_noise_refinement
tm_tw_refined,20264177,100,50,2,0.0,0.45,0.0,gated_offline_low_rank,0.5,1.0,beta,20.0,0.1,0.95,False,5911.404750412783,591140.4750412783,954673.9488874938,61.92066681301502,363533.4738462155,0.32,0.63,0.2391927487126582,0.012410329771844187,2.5445537499999773,tm_tw_refined_gated_offline_low_rank_best_beta,context_noise_refinement
tm_tw_refined,20264178,100,50,2,0.0,0.45,0.0,gated_offline_low_rank,0.5,1.0,beta,20.0,0.1,0.95,False,6725.842169203039,672584.2169203039,961540.6079300533,69.94860241713583,288956.3910097494,0.43,0.65,0.24058827514338094,0.012460753558983403,2.567289999999957,tm_tw_refined_gated_offline_low_rank_best_beta,context_noise_refinement
tm_tw_refined,20264179,100,50,2,0.0,0.45,0.0,gated_offline_low_rank,0.5,1.0,beta,20.0,0.1,0.95,False,7993.292930463097,799329.2930463097,870405.9566918743,91.83407890317025,71076.66364556458,0.69,0.87,0.24025809568211784,0.012434366348939069,2.431621707999966,tm_tw_refined_gated_offline_low_rank_best_beta,context_noise_refinement
tm_tw_refined,20264180,100,50,2,0.0,0.45,0.0,gated_offline_low_rank,0.5,1.0,beta,20.0,0.1,0.95,False,8082.600059592638,808260.0059592638,1078256.0403079672,74.95993305341575,269996.03434870346,0.59,0.85,0.23973119692101588,0.012431205560734078,2.706102208000061,tm_tw_refined_gated_offline_low_rank_best_beta,context_noise_refinement
tm_tw_refined,20264181,100,50,2,0.0,0.45,0.0,gated_offline_low_rank,0.5,1.0,beta,20.0,0.1,0.95,False,6895.432258467274,689543.2258467274,766261.234186329,89.98800866899312,76718.00833960157,0.55,0.76,0.24242679452742064,0.01252899484820238,2.5106097919999684,tm_tw_refined_gated_offline_low_rank_best_beta,context_noise_refinement
tm_tw_refined,20264182,100,50,2,0.0,0.45,0.0,gated_offline_low_rank,0.5,1.0,beta,20.0,0.1,0.95,False,9882.3696123535,988236.96123535,1290957.810304853,76.55067836817867,302720.8490695029,0.55,0.82,0.23930611426451004,0.01241165834761604,2.650573791999932,tm_tw_refined_gated_offline_low_rank_best_beta,context_noise_refinement
tm_tw_refined,20265065,100,50,2,0.0,0.45,0.0,support_gated_offline_low_rank,2.0,1.0,beta,20.0,0.1,0.95,True,6713.246234328521,671324.6234328521,886061.447186713,75.76501895713209,214736.8237538609,0.61,0.79,0.08070066943449,3.761784067275063e-07,2.558043166999994,tm_tw_refined_support_gated_offline_low_rank_best_beta,context_noise_refinement
tm_tw_refined,20265066,100,50,2,0.0,0.45,0.0,support_gated_offline_low_rank,2.0,1.0,beta,20.0,0.1,0.95,True,7826.350944546851,782635.0944546851,878849.5348419058,89.05222833115245,96214.4403872207,0.54,0.83,0.0774242110832879,3.839552063427946e-07,2.5733795829999906,tm_tw_refined_support_gated_offline_low_rank_best_beta,context_noise_refinement
tm_tw_refined,20265067,100,50,2,0.0,0.45,0.0,support_gated_offline_low_rank,2.0,1.0,beta,20.0,0.1,0.95,True,7805.965801032778,780596.5801032778,1099592.8095106073,70.98960391080547,318996.22940732946,0.35,0.72,0.0782293145506627,3.7860141025727005e-07,2.553808000000004,tm_tw_refined_support_gated_offline_low_rank_best_beta,context_noise_refinement
tm_tw_refined,20265068,100,50,2,0.0,0.45,0.0,support_gated_offline_low_rank,2.0,1.0,beta,20.0,0.1,0.95,True,8735.057665443454,873505.7665443453,887041.5490927749,98.47405315317266,13535.78254842956,0.77,0.95,0.07442723106630418,3.851850971038945e-07,2.579856333999942,tm_tw_refined_support_gated_offline_low_rank_best_beta,context_noise_refinement
tm_tw_refined,20265069,100,50,2,0.0,0.45,0.0,support_gated_offline_low_rank,2.0,1.0,beta,20.0,0.1,0.95,True,6422.627957662855,642262.7957662855,954728.901154332,67.2717454127288,312466.1053880465,0.42,0.7,0.07771743963086292,3.799753570850221e-07,2.49848995800005,tm_tw_refined_support_gated_offline_low_rank_best_beta,context_noise_refinement
tm_tw_refined,20265070,100,50,2,0.0,0.45,0.0,support_gated_offline_low_rank,2.0,1.0,beta,20.0,0.1,0.95,True,7093.263955126392,709326.3955126392,973523.509519581,72.86176333457843,264197.1140069418,0.41,0.72,0.07954512968184559,3.8124213372490154e-07,2.7401893329999893,tm_tw_refined_support_gated_offline_low_rank_best_beta,context_noise_refinement
tm_tw_refined,20265071,100,50,2,0.0,0.45,0.0,support_gated_offline_low_rank,2.0,1.0,beta,20.0,0.1,0.95,True,8305.468422511778,830546.8422511779,923148.0940376974,89.96897113425247,92601.25178651954,0.67,0.86,0.08193625530632126,3.7825169613394667e-07,2.7492903750001005,tm_tw_refined_support_gated_offline_low_rank_best_beta,context_noise_refinement
tm_tw_refined,20265072,100,50,2,0.0,0.45,0.0,support_gated_offline_low_rank,2.0,1.0,beta,20.0,0.1,0.95,True,8763.563698249005,876356.3698249005,1006267.422665707,87.08980834372451,129911.05284080643,0.64,0.85,0.08229430671837773,3.8073341447762747e-07,2.6771810000000187,tm_tw_refined_support_gated_offline_low_rank_best_beta,context_noise_refinement
tm_tw_refined,20265073,100,50,2,0.0,0.45,0.0,support_gated_offline_low_rank,2.0,1.0,beta,20.0,0.1,0.95,True,7552.761918296914,755276.1918296914,797734.310691229,94.67766168603829,42458.11886153754,0.69,0.84,0.08384280809664799,3.7607413041487007e-07,2.7161152090000087,tm_tw_refined_support_gated_offline_low_rank_best_beta,context_noise_refinement
tm_tw_refined,20265074,100,50,2,0.0,0.45,0.0,support_gated_offline_low_rank,2.0,1.0,beta,20.0,0.1,0.95,True,9632.095364023036,963209.5364023037,1244367.2706706307,77.40556659636333,281157.734268327,0.57,0.79,0.08172132968801638,3.7814686747150115e-07,2.7907008749999704,tm_tw_refined_support_gated_offline_low_rank_best_beta,context_noise_refinement
tm_tw_refined,20263497,100,50,2,0.0,0.45,0.0,support_offline,1.0,1.0,deterministic,20.0,0.1,0.95,True,6513.073350931103,651307.3350931103,915121.1473512084,71.1717062793599,263813.81225809804,0.56,0.84,0.0760338317959198,3.894941365693749e-07,0.9440060839999944,tm_tw_refined_support_offline,context_noise_refinement
tm_tw_refined,20263498,100,50,2,0.0,0.45,0.0,support_offline,1.0,1.0,deterministic,20.0,0.1,0.95,True,9955.198152730773,995519.8152730772,1109079.8115669196,89.76088148846534,113559.9962938422,0.6,0.79,0.0806738525669181,3.7771132407604577e-07,1.0002316249999978,tm_tw_refined_support_offline,context_noise_refinement
tm_tw_refined,20263499,100,50,2,0.0,0.45,0.0,support_offline,1.0,1.0,deterministic,20.0,0.1,0.95,True,6097.530260788593,609753.0260788593,929939.9941781436,65.56907218704396,320186.96809928434,0.34,0.62,0.0805640484123307,3.822576566968981e-07,0.9443144169999867,tm_tw_refined_support_offline,context_noise_refinement
tm_tw_refined,20263500,100,50,2,0.0,0.45,0.0,support_offline,1.0,1.0,deterministic,20.0,0.1,0.95,True,8014.462083472892,801446.2083472892,845172.7991971703,94.82631351938717,43726.59084988106,0.68,0.89,0.08070035454052762,3.793302543922028e-07,0.9563668749999579,tm_tw_refined_support_offline,context_noise_refinement
tm_tw_refined,20263501,100,50,2,0.0,0.45,0.0,support_offline,1.0,1.0,deterministic,20.0,0.1,0.95,True,5169.301067065614,516930.1067065614,910004.3768680581,56.805233012798055,393074.2701614967,0.35,0.64,0.07899863511803552,3.862915468686856e-07,0.933624416999919,tm_tw_refined_support_offline,context_noise_refinement
tm_tw_refined,20263502,100,50,2,0.0,0.45,0.0,support_offline,1.0,1.0,deterministic,20.0,0.1,0.95,True,6575.0443916069935,657504.4391606994,886063.4901199493,74.20511582885453,228559.05095924996,0.4,0.66,0.07482798410733052,3.8065492585873924e-07,0.9314459170000191,tm_tw_refined_support_offline,context_noise_refinement
tm_tw_refined,20263503,100,50,2,0.0,0.45,0.0,support_offline,1.0,1.0,deterministic,20.0,0.1,0.95,True,7460.968977323397,746096.8977323397,868233.1920896298,85.93277756827779,122136.29435729014,0.64,0.8,0.07822157697541947,3.7600705618462973e-07,0.9325452920000998,tm_tw_refined_support_offline,context_noise_refinement
tm_tw_refined,20263504,100,50,2,0.0,0.45,0.0,support_offline,1.0,1.0,deterministic,20.0,0.1,0.95,True,8512.924369617209,851292.4369617209,1057185.2110146317,80.5244367866908,205892.77405291074,0.44,0.82,0.08367725731420762,3.7535970700373763e-07,0.9260772079999242,tm_tw_refined_support_offline,context_noise_refinement
tm_tw_refined,20263505,100,50,2,0.0,0.45,0.0,support_offline,1.0,1.0,deterministic,20.0,0.1,0.95,True,7212.879598920226,721287.9598920227,790789.6377049674,91.21110412945562,69501.67781294475,0.61,0.79,0.07919138046617386,3.8103884853478095e-07,0.9568908329999886,tm_tw_refined_support_offline,context_noise_refinement
tm_tw_refined,20263506,100,50,2,0.0,0.45,0.0,support_offline,1.0,1.0,deterministic,20.0,0.1,0.95,True,10029.675145096286,1002967.5145096285,1271259.3094998102,78.89558857226825,268291.7949901817,0.5,0.73,0.08134430611322431,3.8062933348759335e-07,0.965147624999986,tm_tw_refined_support_offline,context_noise_refinement
tm_tw,20262669,100,50,2,0.0,0.45,0.0,support_offline,1.0,1.0,deterministic,20.0,0.1,0.95,True,3273.3503471367967,327335.0347136797,981653.907758685,33.34525866260259,654318.8730450053,0.16,0.43,0.079737676213835,3.786281499539055e-07,0.942911333000012,tm_tw_support_offline,context_noise_refinement
tm_tw,20262670,100,50,2,0.0,0.45,0.0,support_offline,1.0,1.0,deterministic,20.0,0.1,0.95,True,3417.8972906673107,341789.72906673106,1069576.1648357082,31.95562319951581,727786.4357689772,0.2,0.5,0.0810068329410105,3.789556335608482e-07,0.9995774580000044,tm_tw_support_offline,context_noise_refinement
tm_tw,20262671,100,50,2,0.0,0.45,0.0,support_offline,1.0,1.0,deterministic,20.0,0.1,0.95,True,8164.606480396997,816460.6480396996,1125777.1251641512,72.52418172208378,309316.47712445154,0.53,0.69,0.0824651168422908,3.741489930502886e-07,0.9417095410000228,tm_tw_support_offline,context_noise_refinement
tm_tw,20262672,100,50,2,0.0,0.45,0.0,support_offline,1.0,1.0,deterministic,20.0,0.1,0.95,True,6546.351959503788,654635.1959503788,828808.2662361378,78.98511907021268,174173.07028575905,0.47,0.68,0.07944405686586099,3.891808064511921e-07,0.9589693330000273,tm_tw_support_offline,context_noise_refinement
tm_tw,20262673,100,50,2,0.0,0.45,0.0,support_offline,1.0,1.0,deterministic,20.0,0.1,0.95,True,3791.5161923713417,379151.6192371342,969445.7422281451,39.110143324339475,590294.122991011,0.27,0.59,0.08218923694855479,3.7711569343304096e-07,0.9597977909999145,tm_tw_support_offline,context_noise_refinement
tm_tw,20262674,100,50,2,0.0,0.45,0.0,support_offline,1.0,1.0,deterministic,20.0,0.1,0.95,True,6790.953108866865,679095.3108866864,1042683.140611267,65.1295954098357,363587.8297245805,0.44,0.63,0.08100952577368709,3.775275978577623e-07,0.966107500000021,tm_tw_support_offline,context_noise_refinement
tm_tw,20262675,100,50,2,0.0,0.45,0.0,support_offline,1.0,1.0,deterministic,20.0,0.1,0.95,True,5827.077220677996,582707.7220677995,902940.2160254378,64.53447434568398,320232.4939576383,0.37,0.64,0.0736133839548963,3.947853787904607e-07,0.9710195410000324,tm_tw_support_offline,context_noise_refinement
tm_tw,20262676,100,50,2,0.0,0.45,0.0,support_offline,1.0,1.0,deterministic,20.0,0.1,0.95,True,6784.763050374586,678476.3050374585,1013166.1771469325,66.96594500894633,334689.8721094739,0.44,0.68,0.07810086017896438,3.769433508158337e-07,0.9764244169999756,tm_tw_support_offline,context_noise_refinement
tm_tw,20262677,100,50,2,0.0,0.45,0.0,support_offline,1.0,1.0,deterministic,20.0,0.1,0.95,True,1966.7944647590623,196679.44647590624,712417.9476789604,27.60731212860132,515738.50120305415,0.19,0.39,0.07750781488076877,3.862123064837901e-07,0.9751108750000412,tm_tw_support_offline,context_noise_refinement
tm_tw,20262678,100,50,2,0.0,0.45,0.0,support_offline,1.0,1.0,deterministic,20.0,0.1,0.95,True,3733.785764461538,373378.5764461538,1321953.8585323873,28.24444847573371,948575.2820862335,0.24,0.49,0.0838548502901727,3.740235738721884e-07,0.9347552080000696,tm_tw_support_offline,context_noise_refinement
tw,20261245,100,50,2,0.0,0.45,0.0,dense,1.0,1.0,deterministic,20.0,0.1,0.95,False,4032.0676227920167,403206.7622792017,956695.992792027,42.14575636535079,553489.2305128253,0.25,0.53,0.3042790171746456,0.0156824350139441,0.989677209000007,tw_dense,context_noise_refinement
tw,20261246,100,50,2,0.0,0.45,0.0,dense,1.0,1.0,deterministic,20.0,0.1,0.95,False,6253.021282489779,625302.1282489779,1034740.0356430258,60.43084317892388,409437.9073940478,0.41,0.53,0.3065857805495593,0.0157907918690911,0.9992522089999908,tw_dense,context_noise_refinement
tw,20261247,100,50,2,0.0,0.45,0.0,dense,1.0,1.0,deterministic,20.0,0.1,0.95,False,7190.77501570906,719077.501570906,1140850.3824061018,63.029956658676056,421772.88083519577,0.46,0.62,0.3020764876697533,0.0156227238231026,1.085530083000009,tw_dense,context_noise_refinement
tw,20261248,100,50,2,0.0,0.45,0.0,dense,1.0,1.0,deterministic,20.0,0.1,0.95,False,5484.702680505259,548470.2680505259,812270.36497254,67.52311689582173,263800.096922014,0.36,0.54,0.30401343144903664,0.015722794663649228,0.986459375000095,tw_dense,context_noise_refinement
tw,20261249,100,50,2,0.0,0.45,0.0,dense,1.0,1.0,deterministic,20.0,0.1,0.95,False,3950.984253780904,395098.4253780904,1082382.5629723736,36.50265986298736,687284.1375942831,0.21,0.43,0.3040531461814846,0.01566210407380688,0.9809676670000727,tw_dense,context_noise_refinement
tw,20261250,100,50,2,0.0,0.45,0.0,dense,1.0,1.0,deterministic,20.0,0.1,0.95,False,5977.003431111294,597700.3431111294,917793.6768170501,65.1236065587182,320093.3337059207,0.41,0.58,0.30656963130900217,0.015769077621319263,0.996388750000051,tw_dense,context_noise_refinement
tw,20261251,100,50,2,0.0,0.45,0.0,dense,1.0,1.0,deterministic,20.0,0.1,0.95,False,5279.141562404618,527914.1562404617,915760.4650776621,57.6476247198214,387846.3088372004,0.37,0.62,0.29987417252941917,0.015546818718361558,1.0547026660000256,tw_dense,context_noise_refinement
tw,20261252,100,50,2,0.0,0.45,0.0,dense,1.0,1.0,deterministic,20.0,0.1,0.95,False,4044.578586826147,404457.8586826147,1202197.975022277,33.64319913075215,797740.1163396623,0.25,0.49,0.302996388545319,0.01561512431134926,1.0259589999999434,tw_dense,context_noise_refinement
tw,20261253,100,50,2,0.0,0.45,0.0,dense,1.0,1.0,deterministic,20.0,0.1,0.95,False,5385.362638888217,538536.2638888217,803825.0106060697,66.99670410637944,265288.746717248,0.43,0.61,0.3059600546238795,0.015800585298375244,1.0146528330000137,tw_dense,context_noise_refinement
tw,20261254,100,50,2,0.0,0.45,0.0,dense,1.0,1.0,deterministic,20.0,0.1,0.95,False,5056.685283366347,505668.5283366347,1377175.8223830704,36.71779014110369,871507.2940464357,0.29,0.52,0.3051006007862196,0.015729269163914508,1.0350612499998988,tw_dense,context_noise_refinement
tw,20262069,100,50,2,0.0,0.45,0.0,gated_offline,1.0,1.0,deterministic,20.0,0.1,0.95,False,4978.255359086797,497825.5359086797,847472.8641599789,58.74235706675138,349647.3282512992,0.28,0.6,0.2385826351494691,0.0123391671928716,0.9595121250000034,tw_gated_offline,context_noise_refinement
tw,20262070,100,50,2,0.0,0.45,0.0,gated_offline,1.0,1.0,deterministic,20.0,0.1,0.95,False,7120.527348549735,712052.7348549735,1127475.0920635208,63.154631074976976,415422.3572085473,0.43,0.6,0.2375375814173146,0.0123079318639684,0.9544775420000065,tw_gated_offline,context_noise_refinement
tw,20262071,100,50,2,0.0,0.45,0.0,gated_offline,1.0,1.0,deterministic,20.0,0.1,0.95,False,6678.9297180453,667892.97180453,1048232.3534484872,63.71611881729159,380339.3816439572,0.54,0.74,0.2413520065493862,0.0124329336589881,0.9567685410000024,tw_gated_offline,context_noise_refinement
tw,20262072,100,50,2,0.0,0.45,0.0,gated_offline,1.0,1.0,deterministic,20.0,0.1,0.95,False,6174.986226385936,617498.6226385935,790421.4596601641,78.1227046775884,172922.83702157054,0.49,0.71,0.23673406523334295,0.012288712852432068,0.9691368329999932,tw_gated_offline,context_noise_refinement
tw,20262073,100,50,2,0.0,0.45,0.0,gated_offline,1.0,1.0,deterministic,20.0,0.1,0.95,False,4107.479435282627,410747.94352826267,991124.6622966226,41.44261152542429,580376.71876836,0.27,0.5,0.23770634399131763,0.012333406417362426,0.9638001250000343,tw_gated_offline,context_noise_refinement
tw,20262074,100,50,2,0.0,0.45,0.0,gated_offline,1.0,1.0,deterministic,20.0,0.1,0.95,False,4745.110401134542,474511.0401134543,945862.6516268753,50.167013075027285,471351.611513421,0.28,0.52,0.23920275598067886,0.012412497084991293,0.9811537499999758,tw_gated_offline,context_noise_refinement
tw,20262075,100,50,2,0.0,0.45,0.0,gated_offline,1.0,1.0,deterministic,20.0,0.1,0.95,False,6900.218248839206,690021.8248839206,1044150.8809365781,66.08449386787737,354129.05605265754,0.42,0.58,0.23694906077578023,0.012324117228453155,0.9668218750000506,tw_gated_offline,context_noise_refinement
tw,20262076,100,50,2,0.0,0.45,0.0,gated_offline,1.0,1.0,deterministic,20.0,0.1,0.95,False,6298.123714611325,629812.3714611325,1195464.4568909686,52.68348781352134,565652.0854298361,0.42,0.59,0.23934982888066322,0.01237975774523659,1.0221283749999657,tw_gated_offline,context_noise_refinement
tw,20262077,100,50,2,0.0,0.45,0.0,gated_offline,1.0,1.0,deterministic,20.0,0.1,0.95,False,6584.265460936194,658426.5460936194,831082.8245288667,79.22514178618425,172656.27843524725,0.61,0.75,0.24047428957049685,0.012398205039540545,0.9635218749999694,tw_gated_offline,context_noise_refinement
tw,20262078,100,50,2,0.0,0.45,0.0,gated_offline,1.0,1.0,deterministic,20.0,0.1,0.95,False,6853.179783913121,685317.9783913122,1197151.903323248,57.24569927081899,511833.92493193585,0.38,0.59,0.2363070266899943,0.012294132613685338,0.9707455839999284,tw_gated_offline,context_noise_refinement
tw,20263025,100,50,2,0.0,0.45,0.0,gated_offline_low_rank,1.0,1.0,deterministic,20.0,0.1,0.95,False,3769.444998622926,376944.4998622926,891958.4944016496,42.26031841483358,515013.99453935697,0.29,0.48,0.2384614084691412,0.0123175147587976,2.5940833749999967,tw_gated_offline_low_rank,context_noise_refinement
tw,20263026,100,50,2,0.0,0.45,0.0,gated_offline_low_rank,1.0,1.0,deterministic,20.0,0.1,0.95,False,4427.96932176679,442796.93217667897,1025520.443688592,43.17777718638421,582723.511511913,0.3,0.53,0.2399111077672141,0.0124511913615512,2.405861583000018,tw_gated_offline_low_rank,context_noise_refinement
tw,20263027,100,50,2,0.0,0.45,0.0,gated_offline_low_rank,1.0,1.0,deterministic,20.0,0.1,0.95,False,5905.131220386855,590513.1220386855,1082641.3407649451,54.54374406407349,492128.21872625966,0.47,0.68,0.2398444341504968,0.0123898630029434,2.6997268750000103,tw_gated_offline_low_rank,context_noise_refinement
tw,20263028,100,50,2,0.0,0.45,0.0,gated_offline_low_rank,1.0,1.0,deterministic,20.0,0.1,0.95,False,3618.3866887453246,361838.66887453245,830494.662233575,43.569054122682125,468655.99335904256,0.22,0.45,0.23964411084522258,0.012427864767894233,2.522538209000004,tw_gated_offline_low_rank,context_noise_refinement
tw,20263029,100,50,2,0.0,0.45,0.0,gated_offline_low_rank,1.0,1.0,deterministic,20.0,0.1,0.95,False,2943.985688141227,294398.5688141227,909437.2625288441,32.371509387629196,615038.6937147214,0.19,0.49,0.23947237508797978,0.01242266344929889,2.4191417079999837,tw_gated_offline_low_rank,context_noise_refinement
tw,20263030,100,50,2,0.0,0.45,0.0,gated_offline_low_rank,1.0,1.0,deterministic,20.0,0.1,0.95,False,4781.976295651389,478197.6295651389,962622.1593940385,49.67656571153107,484424.5298288996,0.34,0.58,0.23791654380892813,0.012400464012588822,2.4021299170000248,tw_gated_offline_low_rank,context_noise_refinement
tw,20263031,100,50,2,0.0,0.45,0.0,gated_offline_low_rank,1.0,1.0,deterministic,20.0,0.1,0.95,False,5339.745618472279,533974.5618472279,856356.7648168382,62.3542177495891,322382.20296961034,0.37,0.57,0.23828963119166735,0.012399239909392507,2.386427082999944,tw_gated_offline_low_rank,context_noise_refinement
tw,20263032,100,50,2,0.0,0.45,0.0,gated_offline_low_rank,1.0,1.0,deterministic,20.0,0.1,0.95,False,4638.950466381497,463895.04663814965,1095878.2785493205,42.330891643571505,631983.2319111709,0.23,0.4,0.2386034693278691,0.012377989596175238,2.4024358750000374,tw_gated_offline_low_rank,context_noise_refinement
tw,20263033,100,50,2,0.0,0.45,0.0,gated_offline_low_rank,1.0,1.0,deterministic,20.0,0.1,0.95,False,3827.197975070513,382719.7975070513,804528.8519510458,47.57067401360755,421809.0544439945,0.29,0.44,0.2371632866062387,0.012288517705545697,2.4143784579999874,tw_gated_offline_low_rank,context_noise_refinement
tw,20263034,100,50,2,0.0,0.45,0.0,gated_offline_low_rank,1.0,1.0,deterministic,20.0,0.1,0.95,False,6197.208694597514,619720.8694597514,1124389.879864875,55.1161906165704,504669.0104051236,0.29,0.51,0.2378931179256131,0.012368383047178034,2.7267898750000086,tw_gated_offline_low_rank,context_noise_refinement
tw,20262349,100,50,2,0.0,0.45,0.0,support_offline,1.0,1.0,deterministic,20.0,0.1,0.95,True,2892.0663515261563,289206.6351526156,923392.9055343966,31.319997524265425,634186.270381781,0.16,0.44,0.0804690617970988,3.860611948311188e-07,0.9420536660000208,tw_support_offline,context_noise_refinement
tw,20262350,100,50,2,0.0,0.45,0.0,support_offline,1.0,1.0,deterministic,20.0,0.1,0.95,True,7646.772051357807,764677.2051357807,1091740.834659967,70.04200821836498,327063.6295241866,0.45,0.72,0.0815105934827655,3.834353512050981e-07,0.9768261670000128,tw_support_offline,context_noise_refinement
tw,20262351,100,50,2,0.0,0.45,0.0,support_offline,1.0,1.0,deterministic,20.0,0.1,0.95,True,5170.271555104659,517027.15551046585,957830.6989561646,53.97897103046681,440803.5434456988,0.48,0.64,0.0796929795785748,3.805164876851318e-07,0.9370786669999802,tw_support_offline,context_noise_refinement
tw,20262352,100,50,2,0.0,0.45,0.0,support_offline,1.0,1.0,deterministic,20.0,0.1,0.95,True,5489.481686056973,548948.1686056972,814954.8882118597,67.35933197605289,266006.7196061625,0.47,0.65,0.08539268286433675,3.779315015477091e-07,1.0539324169999418,tw_support_offline,context_noise_refinement
tw,20262353,100,50,2,0.0,0.45,0.0,support_offline,1.0,1.0,deterministic,20.0,0.1,0.95,True,5510.363559372651,551036.3559372651,943582.5432723404,58.39832030235248,392546.18733507534,0.42,0.6,0.08070881021817658,3.824913212063889e-07,1.0322029999999813,tw_support_offline,context_noise_refinement
tw,20262354,100,50,2,0.0,0.45,0.0,support_offline,1.0,1.0,deterministic,20.0,0.1,0.95,True,6080.29210636655,608029.210636655,896418.8231346186,67.82869736162881,288389.6124979636,0.42,0.63,0.07664635726257218,3.8015143782579005e-07,0.922919290999971,tw_support_offline,context_noise_refinement
tw,20262355,100,50,2,0.0,0.45,0.0,support_offline,1.0,1.0,deterministic,20.0,0.1,0.95,True,5708.873121828214,570887.3121828213,994720.8076453697,57.391713111358754,423833.49546254834,0.5,0.72,0.08001347728081178,3.8590632884417655e-07,0.936292791000028,tw_support_offline,context_noise_refinement
tw,20262356,100,50,2,0.0,0.45,0.0,support_offline,1.0,1.0,deterministic,20.0,0.1,0.95,True,5052.982332539205,505298.2332539205,1028008.6860309198,49.15310931903181,522710.4527769993,0.36,0.57,0.08535185354373763,3.746784769600146e-07,0.9628490830000374,tw_support_offline,context_noise_refinement
tw,20262357,100,50,2,0.0,0.45,0.0,support_offline,1.0,1.0,deterministic,20.0,0.1,0.95,True,6117.864777331616,611786.4777331616,824652.2233614619,74.18721012348537,212865.74562830024,0.53,0.68,0.0802577894904621,3.789257796656572e-07,0.9501950830000396,tw_support_offline,context_noise_refinement
tw,20262358,100,50,2,0.0,0.45,0.0,support_offline,1.0,1.0,deterministic,20.0,0.1,0.95,True,8401.824616720862,840182.4616720862,1313435.410495456,63.968312028008384,473252.9488233699,0.44,0.64,0.07791608124153813,3.8807224518892217e-07,0.944880208000086,tw_support_offline,context_noise_refinement
exp4,20261395,100,50,2,0.0,0.45,0.1,dense,1.0,1.0,deterministic,20.0,0.1,0.95,False,6499.143356591951,649914.3356591951,875043.8980754963,74.27219789642169,225129.56241630125,0.49,0.72,0.3231716552290361,0.0168310647299525,1.009367458999975,exp4_dense,context_noise_refinement
exp4,20261396,100,50,2,0.0,0.45,0.1,dense,1.0,1.0,deterministic,20.0,0.1,0.95,False,6551.263908621499,655126.3908621499,979064.6432468984,66.91349701788195,323938.2523847484,0.41,0.61,0.322495566860996,0.016744169124671,1.011476958000003,exp4_dense,context_noise_refinement
exp4,20261397,100,50,2,0.0,0.45,0.1,dense,1.0,1.0,deterministic,20.0,0.1,0.95,False,7488.982890219401,748898.2890219401,1117863.2436195023,66.99373052083727,368964.9545975622,0.4,0.66,0.3239593537070415,0.0167940708341119,1.0164944590000005,exp4_dense,context_noise_refinement
exp4,20261398,100,50,2,0.0,0.45,0.1,dense,1.0,1.0,deterministic,20.0,0.1,0.95,False,6888.034059830616,688803.4059830615,817562.1164961376,84.25089569158328,128758.71051307605,0.59,0.77,0.32595164881422084,0.016907757013939,1.038067041999966,exp4_dense,context_noise_refinement
exp4,20261399,100,50,2,0.0,0.45,0.1,dense,1.0,1.0,deterministic,20.0,0.1,0.95,False,7276.907541299311,727690.7541299311,1071676.4166588038,67.90209645544626,343985.6625288727,0.43,0.67,0.32133524112056605,0.016656791792131725,1.0240479579999828,exp4_dense,context_noise_refinement
exp4,20261400,100,50,2,0.0,0.45,0.1,dense,1.0,1.0,deterministic,20.0,0.1,0.95,False,8147.740533114934,814774.0533114934,1000962.3580379443,81.39907028158267,186188.30472645094,0.58,0.75,0.32339070120016444,0.016818740969198463,1.0284077909999496,exp4_dense,context_noise_refinement
exp4,20261401,100,50,2,0.0,0.45,0.1,dense,1.0,1.0,deterministic,20.0,0.1,0.95,False,7581.173915699827,758117.3915699827,972424.2589812442,77.96158770907473,214306.86741126142,0.5,0.65,0.3225734982940214,0.016646473535599053,1.0091405419999546,exp4_dense,context_noise_refinement
exp4,20261402,100,50,2,0.0,0.45,0.1,dense,1.0,1.0,deterministic,20.0,0.1,0.95,False,6177.280259182798,617728.0259182798,869476.8954889538,71.04593912997515,251748.86957067403,0.36,0.69,0.32374753476525425,0.016859136482711257,1.0261493750000454,exp4_dense,context_noise_refinement
exp4,20261403,100,50,2,0.0,0.45,0.1,dense,1.0,1.0,deterministic,20.0,0.1,0.95,False,7730.556724931733,773055.6724931733,792717.2645126089,97.51972198668787,19661.5920194356,0.63,0.79,0.3280538251024684,0.016959486278837012,1.0390594169999758,exp4_dense,context_noise_refinement
exp4,20261404,100,50,2,0.0,0.45,0.1,dense,1.0,1.0,deterministic,20.0,0.1,0.95,False,6805.277428282575,680527.7428282575,1256912.2433578598,54.142820743810844,576384.5005296023,0.4,0.58,0.3204029879531478,0.016635171933003973,1.0227060419999816,exp4_dense,context_noise_refinement
global_ucb_tw,20262374,100,50,2,0.0,0.45,0.1,dense,1.0,1.0,deterministic,20.0,0.1,0.95,False,4939.444522267073,493944.4522267073,945429.1705619688,52.245526963495706,451484.7183352617,0.3,0.56,0.3182497683257059,0.0164102129540984,1.00561799999997,global_ucb_tw_dense,context_noise_refinement
global_ucb_tw,20262375,100,50,2,0.0,0.45,0.1,dense,1.0,1.0,deterministic,20.0,0.1,0.95,False,6783.563005648289,678356.3005648289,1023565.6440377064,66.27384423424819,345209.34347287763,0.46,0.59,0.3197354481097846,0.0165145311077189,1.006852665999986,global_ucb_tw_dense,context_noise_refinement
global_ucb_tw,20262376,100,50,2,0.0,0.45,0.1,dense,1.0,1.0,deterministic,20.0,0.1,0.95,False,6278.722990270663,627872.2990270663,938220.3231139452,66.92162635564785,310348.02408687887,0.51,0.76,0.3206786956659261,0.0166088649767875,1.0048427090000018,global_ucb_tw_dense,context_noise_refinement
global_ucb_tw,20262377,100,50,2,0.0,0.45,0.1,dense,1.0,1.0,deterministic,20.0,0.1,0.95,False,4464.950204101647,446495.02041016467,737466.284389011,60.5444655385276,290971.2639788463,0.34,0.59,0.3206637913925474,0.016660623410360315,0.9915742080000882,global_ucb_tw_dense,context_noise_refinement
global_ucb_tw,20262378,100,50,2,0.0,0.45,0.1,dense,1.0,1.0,deterministic,20.0,0.1,0.95,False,5751.089174656718,575108.9174656718,1031440.4696544391,55.75783909839693,456331.55218876735,0.41,0.58,0.31583846466306054,0.016400242522743056,0.9958236249999572,global_ucb_tw_dense,context_noise_refinement
global_ucb_tw,20262379,100,50,2,0.0,0.45,0.1,dense,1.0,1.0,deterministic,20.0,0.1,0.95,False,5279.676629481011,527967.6629481012,970320.5579232377,54.411674434488155,442352.8949751365,0.37,0.59,0.32146770404238334,0.016712869487443268,1.0211328330000242,global_ucb_tw_dense,context_noise_refinement
global_ucb_tw,20262380,100,50,2,0.0,0.45,0.1,dense,1.0,1.0,deterministic,20.0,0.1,0.95,False,4523.37540308134,452337.54030813393,949306.181102196,47.64927789503546,496968.64079406206,0.41,0.58,0.318128261018,0.016454399670267544,1.009819708000009,global_ucb_tw_dense,context_noise_refinement
global_ucb_tw,20262381,100,50,2,0.0,0.45,0.1,dense,1.0,1.0,deterministic,20.0,0.1,0.95,False,2252.7923497805737,225279.23497805736,1048183.375448071,21.492349550168775,822904.1404700137,0.12,0.39,0.31643200459921866,0.0163956967172637,1.0239597080000067,global_ucb_tw_dense,context_noise_refinement
global_ucb_tw,20262382,100,50,2,0.0,0.45,0.1,dense,1.0,1.0,deterministic,20.0,0.1,0.95,False,5635.076863998843,563507.6863998843,784751.9699022779,71.8071069601846,221244.28350239363,0.41,0.63,0.3212336808243823,0.016634474413567364,1.0057073330000321,global_ucb_tw_dense,context_noise_refinement
global_ucb_tw,20262383,100,50,2,0.0,0.45,0.1,dense,1.0,1.0,deterministic,20.0,0.1,0.95,False,2840.490575366367,284049.0575366367,1029755.0617506574,27.584138023437628,745706.0042140207,0.18,0.38,0.3166627256876625,0.016414961730895225,1.2113386249999394,global_ucb_tw_dense,context_noise_refinement
local_ucb_tw,20262272,100,50,2,0.0,0.45,0.1,dense,1.0,1.0,deterministic,20.0,0.1,0.95,False,5367.499651917103,536749.9651917103,930018.0051184768,57.713932659113695,393268.0399267665,0.37,0.57,0.3161545327142371,0.0164799433703317,1.009911499999987,local_ucb_tw_dense,context_noise_refinement
local_ucb_tw,20262273,100,50,2,0.0,0.45,0.1,dense,1.0,1.0,deterministic,20.0,0.1,0.95,False,4379.811388794955,437981.1388794954,985295.4648498852,44.45175630096136,547314.3259703898,0.3,0.5,0.320101071292211,0.0166112635697986,1.0131432080000309,local_ucb_tw_dense,context_noise_refinement
local_ucb_tw,20262274,100,50,2,0.0,0.45,0.1,dense,1.0,1.0,deterministic,20.0,0.1,0.95,False,6185.732845139882,618573.2845139882,1113283.2591491828,55.5629737023736,494709.9746351946,0.35,0.58,0.3145797873017023,0.0163443014573303,1.007883333000052,local_ucb_tw_dense,context_noise_refinement
local_ucb_tw,20262275,100,50,2,0.0,0.45,0.1,dense,1.0,1.0,deterministic,20.0,0.1,0.95,False,5615.107994234853,561510.7994234853,817173.0417919748,68.71381833548388,255662.2423684895,0.37,0.62,0.3203433414478157,0.01663133503215924,1.0724334169999565,local_ucb_tw_dense,context_noise_refinement
local_ucb_tw,20262276,100,50,2,0.0,0.45,0.1,dense,1.0,1.0,deterministic,20.0,0.1,0.95,False,3042.0044612258575,304200.44612258574,1000013.902162099,30.419621713746515,695813.4560395132,0.18,0.47,0.3199405596944521,0.01663880470289029,1.076218666999921,local_ucb_tw_dense,context_noise_refinement
local_ucb_tw,20262277,100,50,2,0.0,0.45,0.1,dense,1.0,1.0,deterministic,20.0,0.1,0.95,False,4451.1804784986825,445118.04784986825,916138.3180984417,48.58633669790886,471020.27024857345,0.36,0.55,0.31411771807176186,0.016253785551196626,1.0351161660000798,local_ucb_tw_dense,context_noise_refinement
local_ucb_tw,20262278,100,50,2,0.0,0.45,0.1,dense,1.0,1.0,deterministic,20.0,0.1,0.95,False,5528.717141883193,552871.7141883193,963610.8590744772,57.374998318235846,410739.14488615794,0.41,0.68,0.31734331885043715,0.016518347575388205,1.0200777910000625,local_ucb_tw_dense,context_noise_refinement
local_ucb_tw,20262279,100,50,2,0.0,0.45,0.1,dense,1.0,1.0,deterministic,20.0,0.1,0.95,False,5397.434799021313,539743.4799021313,854684.8839056114,63.15116718055105,314941.4040034801,0.41,0.66,0.3195235321263109,0.016553194928273864,1.01539870900001,local_ucb_tw_dense,context_noise_refinement
local_ucb_tw,20262280,100,50,2,0.0,0.45,0.1,dense,1.0,1.0,deterministic,20.0,0.1,0.95,False,6164.500352264856,616450.0352264856,828526.5200777142,74.40317482760403,212076.48485122866,0.53,0.7,0.318295258537913,0.016557249154176123,1.0048632909999924,local_ucb_tw_dense,context_noise_refinement
local_ucb_tw,20262281,100,50,2,0.0,0.45,0.1,dense,1.0,1.0,deterministic,20.0,0.1,0.95,False,4826.892101082664,482689.21010826644,1330060.397843483,36.290773779212074,847371.1877352165,0.29,0.55,0.31653449402140743,0.01646430793815246,1.019021291999934,local_ucb_tw_dense,context_noise_refinement
oracle,20261640,100,50,2,0.0,0.45,0.1,dense,1.0,1.0,deterministic,20.0,0.1,0.95,False,9844.527023000326,984452.7023000326,1031757.269106596,95.4151457689729,47304.56680656341,0.86,0.93,0.3149611129339709,0.0163641466230394,0.0224162079999814,oracle,context_noise_refinement
oracle,20261641,100,50,2,0.0,0.45,0.1,dense,1.0,1.0,deterministic,20.0,0.1,0.95,False,9353.570433895418,935357.0433895418,1028223.124088691,90.96829486484698,92866.08069914916,0.87,0.97,0.3176438864232925,0.0164620022275252,0.0221788340000443,oracle,context_noise_refinement
oracle,20261642,100,50,2,0.0,0.45,0.1,dense,1.0,1.0,deterministic,20.0,0.1,0.95,False,12149.225322550448,1214922.532255045,1254540.775232347,96.84201233156692,39618.242977302056,0.85,0.92,0.3223597645122876,0.0167549887129913,0.0223533330000123,oracle,context_noise_refinement
oracle,20261643,100,50,2,0.0,0.45,0.1,dense,1.0,1.0,deterministic,20.0,0.1,0.95,False,8079.555273811707,807955.5273811707,861396.2473541456,93.7960352001622,53440.71997297497,0.89,0.95,0.3200914842226556,0.016555083822606453,0.022359374999950887,oracle,context_noise_refinement
oracle,20261644,100,50,2,0.0,0.45,0.1,dense,1.0,1.0,deterministic,20.0,0.1,0.95,False,10464.6693911035,1046466.93911035,1090139.0867337661,95.99389214139042,43672.14762341615,0.86,0.95,0.3183020028362871,0.016562630802159327,0.022216542000023765,oracle,context_noise_refinement
oracle,20261645,100,50,2,0.0,0.45,0.1,dense,1.0,1.0,deterministic,20.0,0.1,0.95,False,10041.277012851811,1004127.7012851812,1050109.5578938976,95.62123244540905,45981.85660871642,0.92,0.96,0.3116253889671356,0.016151995342060597,0.022133667000048263,oracle,context_noise_refinement
oracle,20261646,100,50,2,0.0,0.45,0.1,dense,1.0,1.0,deterministic,20.0,0.1,0.95,False,9687.257444515923,968725.7444515922,1024333.8504230296,94.57129080050686,55608.10597143741,0.88,0.94,0.31958293183207265,0.01651228146955363,0.022192374999917774,oracle,context_noise_refinement
oracle,20261647,100,50,2,0.0,0.45,0.1,dense,1.0,1.0,deterministic,20.0,0.1,0.95,False,10006.218605763119,1000621.8605763118,1061221.8953166888,94.28959815022543,60600.034740376985,0.91,0.96,0.31799783771785567,0.016465621891847953,0.02231674999995903,oracle,context_noise_refinement
oracle,20261648,100,50,2,0.0,0.45,0.1,dense,1.0,1.0,deterministic,20.0,0.1,0.95,False,7584.28641007096,758428.641007096,824980.5913452697,91.93290714516695,66551.95033817366,0.86,0.93,0.32053142010665625,0.016628854996356583,0.022325000000023465,oracle,context_noise_refinement
oracle,20261649,100,50,2,0.0,0.45,0.1,dense,1.0,1.0,deterministic,20.0,0.1,0.95,False,13882.132105233408,1388213.2105233409,1433138.5582406132,96.86524743480317,44925.34771727235,0.91,0.96,0.31927067315215585,0.016537329972817247,0.022170000000073742,oracle,context_noise_refinement
state_thompson,20262538,100,50,2,0.0,0.45,0.1,dense,1.0,1.0,deterministic,20.0,0.1,0.95,False,4915.196317886501,491519.6317886501,1047978.298753344,46.90169943150092,556458.6669646939,0.26,0.5,0.3172972081376514,0.0164722289320206,0.0249037909999856,state_thompson,context_noise_refinement
state_thompson,20262539,100,50,2,0.0,0.45,0.1,dense,1.0,1.0,deterministic,20.0,0.1,0.95,False,6400.28397021144,640028.3970211439,1098136.6118805036,58.28313072315544,458108.21485935966,0.37,0.62,0.3179933403230079,0.0165432050804542,0.0247272500000121,state_thompson,context_noise_refinement
state_thompson,20262540,100,50,2,0.0,0.45,0.1,dense,1.0,1.0,deterministic,20.0,0.1,0.95,False,2917.885847404905,291788.58474049054,979138.7445771956,29.80053504740929,687350.1598367052,0.15,0.39,0.3186167472965733,0.0164180842303838,0.0248237500000527,state_thompson,context_noise_refinement
state_thompson,20262541,100,50,2,0.0,0.45,0.1,dense,1.0,1.0,deterministic,20.0,0.1,0.95,False,6191.970665479395,619197.0665479396,897556.6402093354,68.9869629178528,278359.5736613958,0.45,0.61,0.3220773761599975,0.016784500166425957,0.024911999999972068,state_thompson,context_noise_refinement
state_thompson,20262542,100,50,2,0.0,0.45,0.1,dense,1.0,1.0,deterministic,20.0,0.1,0.95,False,4627.680854384599,462768.0854384599,1028285.8073398639,45.003838634671354,565517.721901404,0.18,0.39,0.3206345563830503,0.01658317911654052,0.024801458000069942,state_thompson,context_noise_refinement
state_thompson,20262543,100,50,2,0.0,0.45,0.1,dense,1.0,1.0,deterministic,20.0,0.1,0.95,False,4262.325499826533,426232.5499826533,965518.3192854063,44.145464821228245,539285.769302753,0.3,0.46,0.3222698837819583,0.01667293038120233,0.024921958000049926,state_thompson,context_noise_refinement
state_thompson,20262544,100,50,2,0.0,0.45,0.1,dense,1.0,1.0,deterministic,20.0,0.1,0.95,False,5423.172713999612,542317.2713999612,943422.1513348501,57.48405108281963,401104.8799348889,0.31,0.57,0.31611166021315434,0.01635206506349424,0.024788209000007555,state_thompson,context_noise_refinement
state_thompson,20262545,100,50,2,0.0,0.45,0.1,dense,1.0,1.0,deterministic,20.0,0.1,0.95,False,4234.121835472186,423412.1835472186,973083.3485974242,43.51242718904946,549671.1650502055,0.24,0.48,0.3162953724373062,0.016420280049980307,0.024906167000040114,state_thompson,context_noise_refinement
state_thompson,20262546,100,50,2,0.0,0.45,0.1,dense,1.0,1.0,deterministic,20.0,0.1,0.95,False,3024.3795080572204,302437.95080572204,682710.3488958682,44.29959957320817,380272.39809014613,0.25,0.43,0.31908521442012083,0.016546362806642383,0.024742875000015374,state_thompson,context_noise_refinement
state_thompson,20262547,100,50,2,0.0,0.45,0.1,dense,1.0,1.0,deterministic,20.0,0.1,0.95,False,7479.877274369572,747987.7274369572,1248165.2097552256,59.926980946988834,500177.4823182684,0.33,0.55,0.3190044109559703,0.016527624577298335,0.024870666000083475,state_thompson,context_noise_refinement
tm_tw,20261565,100,50,2,0.0,0.45,0.1,dense,1.0,1.0,deterministic,20.0,0.1,0.95,False,4308.951966349583,430895.1966349583,934964.3684962296,46.086804070191256,504069.1718612713,0.26,0.44,0.3203577011739954,0.0165894667415833,1.0063727090000043,tm_tw_dense,context_noise_refinement
tm_tw,20261566,100,50,2,0.0,0.45,0.1,dense,1.0,1.0,deterministic,20.0,0.1,0.95,False,7111.166220313561,711116.6220313561,1084892.5903808137,65.54719133824514,373775.9683494576,0.43,0.6,0.3182373546253513,0.0164586933915496,1.003466584000023,tm_tw_dense,context_noise_refinement
tm_tw,20261567,100,50,2,0.0,0.45,0.1,dense,1.0,1.0,deterministic,20.0,0.1,0.95,False,2344.928952812128,234492.89528121275,1060604.5943419852,22.109360692209297,826111.6990607724,0.19,0.37,0.3181072735270046,0.0165369951652468,1.010346290999962,tm_tw_dense,context_noise_refinement
tm_tw,20261568,100,50,2,0.0,0.45,0.1,dense,1.0,1.0,deterministic,20.0,0.1,0.95,False,1928.5828879485991,192858.28879485992,828262.215083661,23.28468995478439,635403.9262888011,0.13,0.35,0.31858483948575855,0.01650958120669761,1.00834045900001,tm_tw_dense,context_noise_refinement
tm_tw,20261569,100,50,2,0.0,0.45,0.1,dense,1.0,1.0,deterministic,20.0,0.1,0.95,False,4682.0762590201675,468207.62590201676,972943.8268814547,48.12278088065449,504736.2009794379,0.4,0.65,0.32177045077640976,0.016685638314125204,1.0187235419999752,tm_tw_dense,context_noise_refinement
tm_tw,20261570,100,50,2,0.0,0.45,0.1,dense,1.0,1.0,deterministic,20.0,0.1,0.95,False,3788.716019838726,378871.6019838726,814853.8260939962,46.49565233067562,435982.2241101236,0.26,0.43,0.3192235036912487,0.016520272543004606,0.9997028340000043,tm_tw_dense,context_noise_refinement
tm_tw,20261571,100,50,2,0.0,0.45,0.1,dense,1.0,1.0,deterministic,20.0,0.1,0.95,False,5860.414408333117,586041.4408333116,998651.8437384167,58.6832582854388,412610.40290510503,0.37,0.56,0.31861399237707655,0.016515046028832605,0.9984950420000587,tm_tw_dense,context_noise_refinement
tm_tw,20261572,100,50,2,0.0,0.45,0.1,dense,1.0,1.0,deterministic,20.0,0.1,0.95,False,5822.786720779599,582278.6720779599,967597.3757269699,60.177785376948286,385318.70364901004,0.35,0.64,0.31859256848532064,0.01649452799358083,1.0006551669999908,tm_tw_dense,context_noise_refinement
tm_tw,20261573,100,50,2,0.0,0.45,0.1,dense,1.0,1.0,deterministic,20.0,0.1,0.95,False,3866.472796642966,386647.2796642966,763426.1859342793,50.64632138483938,376778.90626998275,0.3,0.53,0.3154934102606568,0.016443428785251565,1.0078447079999933,tm_tw_dense,context_noise_refinement
tm_tw,20261574,100,50,2,0.0,0.45,0.1,dense,1.0,1.0,deterministic,20.0,0.1,0.95,False,5075.074948278034,507507.4948278034,1085316.554003117,46.76124149732133,577809.0591753135,0.36,0.6,0.3173848809140231,0.016451961155862508,1.0200917919999029,tm_tw_dense,context_noise_refinement
tm_tw,20262389,100,50,2,0.0,0.45,0.1,gated_offline,1.0,1.0,deterministic,20.0,0.1,0.95,False,6033.036799730262,603303.6799730262,954907.3803888978,63.17928757942192,351603.7004158717,0.39,0.64,0.2494705372474001,0.0129783394473343,0.9688091660000282,tm_tw_gated_offline,context_noise_refinement
tm_tw,20262390,100,50,2,0.0,0.45,0.1,gated_offline,1.0,1.0,deterministic,20.0,0.1,0.95,False,6108.314359860703,610831.4359860703,925564.816859927,65.99553319867735,314733.3808738567,0.42,0.62,0.2508295865806874,0.0130620083658244,0.9629521659999796,tm_tw_gated_offline,context_noise_refinement
tm_tw,20262391,100,50,2,0.0,0.45,0.1,gated_offline,1.0,1.0,deterministic,20.0,0.1,0.95,False,7769.23312997172,776923.312997172,1128228.010929923,68.86226059542751,351304.69793275103,0.41,0.63,0.2510556477318728,0.013037736516623,0.9666017499999952,tm_tw_gated_offline,context_noise_refinement
tm_tw,20262392,100,50,2,0.0,0.45,0.1,gated_offline,1.0,1.0,deterministic,20.0,0.1,0.95,False,5253.676470109606,525367.6470109606,796836.7613181067,65.9316528195701,271469.11430714605,0.37,0.61,0.24983177723180056,0.013026554326073372,0.9876215419999426,tm_tw_gated_offline,context_noise_refinement
tm_tw,20262393,100,50,2,0.0,0.45,0.1,gated_offline,1.0,1.0,deterministic,20.0,0.1,0.95,False,4616.044970230346,461604.4970230346,973903.4843617821,47.39735553215861,512298.9873387475,0.3,0.56,0.24939057018076333,0.01292705138099581,0.9736219580000807,tm_tw_gated_offline,context_noise_refinement
tm_tw,20262394,100,50,2,0.0,0.45,0.1,gated_offline,1.0,1.0,deterministic,20.0,0.1,0.95,False,7651.967597704962,765196.7597704962,1057123.768787666,72.38478429522415,291927.0090171698,0.54,0.7,0.24932047883440878,0.013006186951452156,0.991471416999957,tm_tw_gated_offline,context_noise_refinement
tm_tw,20262395,100,50,2,0.0,0.45,0.1,gated_offline,1.0,1.0,deterministic,20.0,0.1,0.95,False,7619.113830888489,761911.3830888489,1025469.3129013843,74.29879895022458,263557.9298125354,0.5,0.66,0.24845960734728378,0.012945375693671837,0.9813976249999996,tm_tw_gated_offline,context_noise_refinement
tm_tw,20262396,100,50,2,0.0,0.45,0.1,gated_offline,1.0,1.0,deterministic,20.0,0.1,0.95,False,7234.209316010089,723420.931601009,1114448.1159140766,64.91293055914541,391027.1843130676,0.46,0.71,0.2510624383476079,0.013072482869103577,1.0001062090000232,tm_tw_gated_offline,context_noise_refinement
tm_tw,20262397,100,50,2,0.0,0.45,0.1,gated_offline,1.0,1.0,deterministic,20.0,0.1,0.95,False,5574.680000208259,557468.0000208259,792722.7331117323,70.32320087914675,235254.7330909064,0.42,0.6,0.2492648922321054,0.012962124581959349,1.047522458000003,tm_tw_gated_offline,context_noise_refinement
tm_tw,20262398,100,50,2,0.0,0.45,0.1,gated_offline,1.0,1.0,deterministic,20.0,0.1,0.95,False,4063.4079355270965,406340.7935527096,1128821.274776801,35.996911347463254,722480.4812240914,0.27,0.49,0.2480615236310892,0.01290887699498518,1.0247590419999142,tm_tw_gated_offline,context_noise_refinement
tm_tw,20263345,100,50,2,0.0,0.45,0.1,gated_offline_low_rank,1.0,1.0,deterministic,20.0,0.1,0.95,False,5874.24624218924,587424.624218924,957475.6767436162,61.351388707518986,370051.05252469226,0.34,0.59,0.2497926611803057,0.0130310987661745,2.4432632919999837,tm_tw_gated_offline_low_rank,context_noise_refinement
tm_tw,20263346,100,50,2,0.0,0.45,0.1,gated_offline_low_rank,1.0,1.0,deterministic,20.0,0.1,0.95,False,4636.11946024477,463611.9460244771,1004188.5563024784,46.167818096985904,540576.6102780013,0.35,0.52,0.2503041403193922,0.0130324651451824,2.416579167000009,tm_tw_gated_offline_low_rank,context_noise_refinement
tm_tw,20263347,100,50,2,0.0,0.45,0.1,gated_offline_low_rank,1.0,1.0,deterministic,20.0,0.1,0.95,False,6272.416917422263,627241.6917422264,1186245.7195480606,52.87620274669524,559004.0278058342,0.32,0.43,0.249224849727125,0.0129439145643523,2.4257057909999844,tm_tw_gated_offline_low_rank,context_noise_refinement
tm_tw,20263348,100,50,2,0.0,0.45,0.1,gated_offline_low_rank,1.0,1.0,deterministic,20.0,0.1,0.95,False,1928.746032594537,192874.6032594537,806380.2492113771,23.91856738158964,613505.6459519234,0.12,0.3,0.25308655943051933,0.013133992676562659,2.5572844170000053,tm_tw_gated_offline_low_rank,context_noise_refinement
tm_tw,20263349,100,50,2,0.0,0.45,0.1,gated_offline_low_rank,1.0,1.0,deterministic,20.0,0.1,0.95,False,4485.605994987264,448560.5994987264,933455.2258247106,48.05378845058388,484894.62632598414,0.32,0.49,0.2515046736714711,0.013061302783373923,2.67481137499999,tm_tw_gated_offline_low_rank,context_noise_refinement
tm_tw,20263350,100,50,2,0.0,0.45,0.1,gated_offline_low_rank,1.0,1.0,deterministic,20.0,0.1,0.95,False,5287.573470958596,528757.3470958596,978866.9969105478,54.0172820990694,450109.64981468825,0.37,0.6,0.2486920840256228,0.012925865532068434,3.2229571660000147,tm_tw_gated_offline_low_rank,context_noise_refinement
tm_tw,20263351,100,50,2,0.0,0.45,0.1,gated_offline_low_rank,1.0,1.0,deterministic,20.0,0.1,0.95,False,5115.94952662188,511594.952662188,917543.5615810202,55.75702060190561,405948.60891883227,0.32,0.55,0.2480607512196986,0.012902507224878304,2.926552249999986,tm_tw_gated_offline_low_rank,context_noise_refinement
tm_tw,20263352,100,50,2,0.0,0.45,0.1,gated_offline_low_rank,1.0,1.0,deterministic,20.0,0.1,0.95,False,5182.032448628172,518203.24486281717,1043978.7386603307,49.63733701395043,525775.4937975134,0.41,0.56,0.25111846015812006,0.013121147394199381,2.4716878750000433,tm_tw_gated_offline_low_rank,context_noise_refinement
tm_tw,20263353,100,50,2,0.0,0.45,0.1,gated_offline_low_rank,1.0,1.0,deterministic,20.0,0.1,0.95,False,2065.576391677467,206557.6391677467,770268.2121309681,26.816326561925663,563710.5729632215,0.19,0.37,0.24927661737874962,0.012995621506583408,2.5894043749999582,tm_tw_gated_offline_low_rank,context_noise_refinement
tm_tw,20263354,100,50,2,0.0,0.45,0.1,gated_offline_low_rank,1.0,1.0,deterministic,20.0,0.1,0.95,False,7904.840808039616,790484.0808039616,1277475.9616068618,61.87858750857889,486991.8808029002,0.4,0.63,0.250946953834954,0.013046895624313007,2.6953264580000678,tm_tw_gated_offline_low_rank,context_noise_refinement
tm_tw_refined,20262393,100,50,2,0.0,0.45,0.1,dense,1.0,1.0,deterministic,20.0,0.1,0.95,False,5576.567054476816,557656.7054476816,899286.8565304321,62.01099253237116,341630.1510827505,0.48,0.7,0.3222171523081807,0.0167363451089647,1.0102541670000278,tm_tw_refined_dense,context_noise_refinement
tm_tw_refined,20262394,100,50,2,0.0,0.45,0.1,dense,1.0,1.0,deterministic,20.0,0.1,0.95,False,9102.443434029474,910244.3434029472,1061913.5781166705,85.7173655333881,151669.23471372318,0.55,0.72,0.3207748909583331,0.0166462486960215,1.0055505830000016,tm_tw_refined_dense,context_noise_refinement
tm_tw_refined,20262395,100,50,2,0.0,0.45,0.1,dense,1.0,1.0,deterministic,20.0,0.1,0.95,False,6211.343063212047,621134.3063212048,942642.3001748384,65.89289555603422,321507.9938536335,0.37,0.71,0.3206927644478702,0.0165644675491023,1.0051709999999616,tm_tw_refined_dense,context_noise_refinement
tm_tw_refined,20262396,100,50,2,0.0,0.45,0.1,dense,1.0,1.0,deterministic,20.0,0.1,0.95,False,7767.916362236869,776791.6362236869,862395.192530741,90.0737437953653,85603.55630705412,0.71,0.91,0.3192579938904944,0.01656067106961656,1.0872053330000426,tm_tw_refined_dense,context_noise_refinement
tm_tw_refined,20262397,100,50,2,0.0,0.45,0.1,dense,1.0,1.0,deterministic,20.0,0.1,0.95,False,5120.715980465683,512071.5980465683,1011071.1207418103,50.646446876147316,498999.522695242,0.33,0.65,0.31985338599136837,0.016552617381916483,1.114880249999942,tm_tw_refined_dense,context_noise_refinement
tm_tw_refined,20262398,100,50,2,0.0,0.45,0.1,dense,1.0,1.0,deterministic,20.0,0.1,0.95,False,5866.373132313935,586637.3132313935,915381.2609718329,64.0866640211291,328743.94774043944,0.41,0.69,0.3202619275635063,0.01662247788626137,1.0112257080000973,tm_tw_refined_dense,context_noise_refinement
tm_tw_refined,20262399,100,50,2,0.0,0.45,0.1,dense,1.0,1.0,deterministic,20.0,0.1,0.95,False,9195.998566316732,919599.8566316732,1025787.5713442514,89.64817690533881,106187.71471257822,0.7,0.89,0.3213332312735661,0.016727059096690266,1.1386142499999323,tm_tw_refined_dense,context_noise_refinement
tm_tw_refined,20262400,100,50,2,0.0,0.45,0.1,dense,1.0,1.0,deterministic,20.0,0.1,0.95,False,7565.6739328078565,756567.3932807856,1062040.668288745,71.23713958146583,305473.27500795934,0.51,0.8,0.32154440865031675,0.01672266908469814,1.1172937500000444,tm_tw_refined_dense,context_noise_refinement
tm_tw_refined,20262401,100,50,2,0.0,0.45,0.1,dense,1.0,1.0,deterministic,20.0,0.1,0.95,False,7023.00194997306,702300.194997306,756127.2577759604,92.88121645859205,53827.06277865439,0.59,0.79,0.32214626684790504,0.016678215023826482,1.1441798750000771,tm_tw_refined_dense,context_noise_refinement
tm_tw_refined,20262402,100,50,2,0.0,0.45,0.1,dense,1.0,1.0,deterministic,20.0,0.1,0.95,False,9342.25427013009,934225.427013009,1387459.7317881915,67.33351646962444,453234.3047751825,0.54,0.75,0.3217597625735178,0.01672035732646209,1.045304916999953,tm_tw_refined_dense,context_noise_refinement
tm_tw_refined,20263217,100,50,2,0.0,0.45,0.1,gated_offline,1.0,1.0,deterministic,20.0,0.1,0.95,False,7148.370206279278,714837.0206279279,946902.1846337108,75.49217144371121,232065.1640057828,0.6,0.78,0.2524582330947327,0.0131605898173483,0.9728225840000276,tm_tw_refined_gated_offline,context_noise_refinement
tm_tw_refined,20263218,100,50,2,0.0,0.45,0.1,gated_offline,1.0,1.0,deterministic,20.0,0.1,0.95,False,8151.671140057592,815167.1140057592,1022757.713486294,79.70285662545466,207590.59948053467,0.54,0.74,0.2508179074908594,0.0130187680789006,0.969515209000008,tm_tw_refined_gated_offline,context_noise_refinement
tm_tw_refined,20263219,100,50,2,0.0,0.45,0.1,gated_offline,1.0,1.0,deterministic,20.0,0.1,0.95,False,6591.585543050291,659158.5543050291,1191060.725046965,55.3421450681314,531902.170741936,0.33,0.67,0.2493653730495013,0.0129726973268785,0.964842707999992,tm_tw_refined_gated_offline,context_noise_refinement
tm_tw_refined,20263220,100,50,2,0.0,0.45,0.1,gated_offline,1.0,1.0,deterministic,20.0,0.1,0.95,False,7354.701185322667,735470.1185322667,812472.3165584742,90.52248347951367,77002.19802620751,0.61,0.81,0.24994827587695162,0.013002554466394707,0.9796699590000344,tm_tw_refined_gated_offline,context_noise_refinement
tm_tw_refined,20263221,100,50,2,0.0,0.45,0.1,gated_offline,1.0,1.0,deterministic,20.0,0.1,0.95,False,4546.231548001245,454623.1548001245,861894.7214785443,52.74694733252775,407271.56667841977,0.31,0.58,0.250735947788419,0.01304781020202931,1.0081927920000453,tm_tw_refined_gated_offline,context_noise_refinement
tm_tw_refined,20263222,100,50,2,0.0,0.45,0.1,gated_offline,1.0,1.0,deterministic,20.0,0.1,0.95,False,7443.024508682829,744302.4508682829,1019620.9447526053,72.9979562207675,275318.49388432235,0.49,0.67,0.24794155019262104,0.012912241382766532,1.0273239579998972,tm_tw_refined_gated_offline,context_noise_refinement
tm_tw_refined,20263223,100,50,2,0.0,0.45,0.1,gated_offline,1.0,1.0,deterministic,20.0,0.1,0.95,False,8869.187615242254,886918.7615242254,1072601.3516713653,82.68857391818472,185682.59014713997,0.64,0.79,0.25224656758669034,0.013135211955074088,1.020819749999987,tm_tw_refined_gated_offline,context_noise_refinement
tm_tw_refined,20263224,100,50,2,0.0,0.45,0.1,gated_offline,1.0,1.0,deterministic,20.0,0.1,0.95,False,8263.785932763514,826378.5932763515,966526.69349681,85.49982104338837,140148.10022045858,0.5,0.78,0.25001347956575704,0.01304524683191174,0.9906705000000784,tm_tw_refined_gated_offline,context_noise_refinement
tm_tw_refined,20263225,100,50,2,0.0,0.45,0.1,gated_offline,1.0,1.0,deterministic,20.0,0.1,0.95,False,6458.627724398745,645862.7724398745,760875.5067317904,84.88415867321932,115012.7342919159,0.54,0.76,0.2527431768299652,0.013162057595226397,0.9853640000000041,tm_tw_refined_gated_offline,context_noise_refinement
tm_tw_refined,20263226,100,50,2,0.0,0.45,0.1,gated_offline,1.0,1.0,deterministic,20.0,0.1,0.95,False,10320.01740997696,1032001.740997696,1300933.1023006851,79.32781010588575,268931.3613029892,0.49,0.78,0.24900579283815027,0.0129998936397684,0.9719106249999641,tm_tw_refined_gated_offline,context_noise_refinement
tm_tw_refined,20263217,100,50,2,0.0,0.45,0.1,gated_offline,0.5,1.0,beta,20.0,0.1,0.95,False,5834.230267172847,583423.0267172847,877794.3552865336,66.46465919991489,294371.3285692489,0.47,0.7,0.2509878251891756,0.0130896286663125,1.0464657910000028,tm_tw_refined_gated_offline_best_beta,context_noise_refinement
tm_tw_refined,20263218,100,50,2,0.0,0.45,0.1,gated_offline,0.5,1.0,beta,20.0,0.1,0.95,False,7320.22813330365,732022.813330365,903684.3217204788,81.00426174670197,171661.50839011383,0.44,0.63,0.2506798482327888,0.013069118932355,1.0388388329999998,tm_tw_refined_gated_offline_best_beta,context_noise_refinement
tm_tw_refined,20263219,100,50,2,0.0,0.45,0.1,gated_offline,0.5,1.0,beta,20.0,0.1,0.95,False,7337.265739116573,733726.5739116573,1075726.0373263648,68.20756851207942,341999.46341470745,0.4,0.69,0.2507581313532054,0.013083774343246,1.0389375839999957,tm_tw_refined_gated_offline_best_beta,context_noise_refinement
tm_tw_refined,20263220,100,50,2,0.0,0.45,0.1,gated_offline,0.5,1.0,beta,20.0,0.1,0.95,False,8608.146467555096,860814.6467555097,899732.7313992246,95.67448384553141,38918.084643714945,0.74,0.92,0.25249147042034614,0.013098638031091195,0.9751629580000554,tm_tw_refined_gated_offline_best_beta,context_noise_refinement
tm_tw_refined,20263221,100,50,2,0.0,0.45,0.1,gated_offline,0.5,1.0,beta,20.0,0.1,0.95,False,6475.349463733944,647534.9463733943,894814.8179504334,72.36524623682119,247279.871577039,0.39,0.63,0.24967965096286576,0.012968262788452221,0.9964660409999624,tm_tw_refined_gated_offline_best_beta,context_noise_refinement
tm_tw_refined,20263222,100,50,2,0.0,0.45,0.1,gated_offline,0.5,1.0,beta,20.0,0.1,0.95,False,6801.938698082911,680193.8698082911,974874.9005441018,69.77242612653767,294681.03073581075,0.44,0.63,0.2497458749974374,0.012997861870349764,0.9814556660001017,tm_tw_refined_gated_offline_best_beta,context_noise_refinement
tm_tw_refined,20263223,100,50,2,0.0,0.45,0.1,gated_offline,0.5,1.0,beta,20.0,0.1,0.95,False,8731.771434787712,873177.1434787711,996045.2540343421,87.6644047990881,122868.11055557104,0.59,0.75,0.2501727549772082,0.012996956296585845,0.9802065000000084,tm_tw_refined_gated_offline_best_beta,context_noise_refinement
tm_tw_refined,20263224,100,50,2,0.0,0.45,0.1,gated_offline,0.5,1.0,beta,20.0,0.1,0.95,False,7486.601627053205,748660.1627053205,1003550.6270237868,74.60113546295212,254890.46431846626,0.46,0.74,0.25144595123710384,0.01308801395498722,1.0520747919999849,tm_tw_refined_gated_offline_best_beta,context_noise_refinement
tm_tw_refined,20263225,100,50,2,0.0,0.45,0.1,gated_offline,0.5,1.0,beta,20.0,0.1,0.95,False,6684.221832778056,668422.1832778056,746065.2575004327,89.5929915725124,77643.0742226271,0.59,0.86,0.25515539150774535,0.013301658197271747,1.103896500000019,tm_tw_refined_gated_offline_best_beta,context_noise_refinement
tm_tw_refined,20263226,100,50,2,0.0,0.45,0.1,gated_offline,0.5,1.0,beta,20.0,0.1,0.95,False,11534.406333639055,1153440.6333639056,1516956.290816898,76.03651076477391,363515.6574529924,0.55,0.82,0.24931890289395509,0.01297066550734515,1.0655875840000135,tm_tw_refined_gated_offline_best_beta,context_noise_refinement
tm_tw_refined,20264173,100,50,2,0.0,0.45,0.1,gated_offline_low_rank,1.0,1.0,deterministic,20.0,0.1,0.95,False,6933.560423746157,693356.0423746157,947182.1121105262,73.20197811059467,253826.0697359105,0.5,0.76,0.2508170283393659,0.0130504030730372,2.425087707999978,tm_tw_refined_gated_offline_low_rank,context_noise_refinement
tm_tw_refined,20264174,100,50,2,0.0,0.45,0.1,gated_offline_low_rank,1.0,1.0,deterministic,20.0,0.1,0.95,False,7071.374235090422,707137.4235090422,845010.6177372197,83.68385067191511,137873.19422817742,0.44,0.65,0.2522351191070295,0.0131305175852702,2.432512417000055,tm_tw_refined_gated_offline_low_rank,context_noise_refinement
tm_tw_refined,20264175,100,50,2,0.0,0.45,0.1,gated_offline_low_rank,1.0,1.0,deterministic,20.0,0.1,0.95,False,6747.9749469030885,674797.4946903088,1191987.4310223714,56.61112501090157,517189.9363320626,0.32,0.66,0.2487225218584765,0.0129605634402782,2.4319335829999886,tm_tw_refined_gated_offline_low_rank,context_noise_refinement
tm_tw_refined,20264176,100,50,2,0.0,0.45,0.1,gated_offline_low_rank,1.0,1.0,deterministic,20.0,0.1,0.95,False,7920.835802130409,792083.5802130409,907227.7413665911,87.30813048330023,115144.16115355014,0.72,0.89,0.25066807755279225,0.01304036500252244,2.855821708999997,tm_tw_refined_gated_offline_low_rank,context_noise_refinement
tm_tw_refined,20264177,100,50,2,0.0,0.45,0.1,gated_offline_low_rank,1.0,1.0,deterministic,20.0,0.1,0.95,False,4641.704493495599,464170.4493495599,900013.6773664728,51.57371060268413,435843.2280169129,0.38,0.63,0.24783087277556134,0.012879368086250844,2.7638135839999904,tm_tw_refined_gated_offline_low_rank,context_noise_refinement
tm_tw_refined,20264178,100,50,2,0.0,0.45,0.1,gated_offline_low_rank,1.0,1.0,deterministic,20.0,0.1,0.95,False,5587.559264023506,558755.9264023507,958620.6091861653,58.28749361822239,399864.6827838146,0.34,0.7,0.2500438543478626,0.01300755311329611,2.5461384999999837,tm_tw_refined_gated_offline_low_rank,context_noise_refinement
tm_tw_refined,20264179,100,50,2,0.0,0.45,0.1,gated_offline_low_rank,1.0,1.0,deterministic,20.0,0.1,0.95,False,8197.906810481363,819790.6810481363,916064.4746533479,89.4905002574581,96273.79360521154,0.6,0.76,0.24832687979817694,0.012917949320610864,2.617506750000075,tm_tw_refined_gated_offline_low_rank,context_noise_refinement
tm_tw_refined,20264180,100,50,2,0.0,0.45,0.1,gated_offline_low_rank,1.0,1.0,deterministic,20.0,0.1,0.95,False,8936.427555769427,893642.7555769427,1125907.294823098,79.37090022294876,232264.5392461553,0.5,0.75,0.25059029939168287,0.013050828213275063,2.5994980410000608,tm_tw_refined_gated_offline_low_rank,context_noise_refinement
tm_tw_refined,20264181,100,50,2,0.0,0.45,0.1,gated_offline_low_rank,1.0,1.0,deterministic,20.0,0.1,0.95,False,6617.423306564528,661742.3306564528,806088.0878486002,82.09305417508433,144345.75719214743,0.56,0.78,0.252667261381332,0.013074619996458555,2.6161694999999554,tm_tw_refined_gated_offline_low_rank,context_noise_refinement
tm_tw_refined,20264182,100,50,2,0.0,0.45,0.1,gated_offline_low_rank,1.0,1.0,deterministic,20.0,0.1,0.95,False,9712.548282230005,971254.8282230005,1341948.5627627491,72.37645727817022,370693.73453974864,0.5,0.73,0.25094269013091114,0.013027215640483371,2.790753957999982,tm_tw_refined_gated_offline_low_rank,context_noise_refinement
tm_tw_refined,20264173,100,50,2,0.0,0.45,0.1,gated_offline_low_rank,0.5,1.0,beta,20.0,0.1,0.95,False,7341.661040395919,734166.104039592,903971.3229859308,81.21564095800619,169805.21894633875,0.59,0.8,0.2511564279933352,0.0130884600735684,2.5687566670000024,tm_tw_refined_gated_offline_low_rank_best_beta,context_noise_refinement
tm_tw_refined,20264174,100,50,2,0.0,0.45,0.1,gated_offline_low_rank,0.5,1.0,beta,20.0,0.1,0.95,False,8466.818273255341,846681.8273255342,1038615.9808874629,81.52020023821247,191934.15356192863,0.49,0.74,0.2502175274243355,0.0130327911584194,2.5823980420000225,tm_tw_refined_gated_offline_low_rank_best_beta,context_noise_refinement
tm_tw_refined,20264175,100,50,2,0.0,0.45,0.1,gated_offline_low_rank,0.5,1.0,beta,20.0,0.1,0.95,False,5518.992208021804,551899.2208021804,1031292.4971973746,53.515294865618976,479393.27639519423,0.4,0.68,0.2517483980083289,0.01308330867687,2.576016791000029,tm_tw_refined_gated_offline_low_rank_best_beta,context_noise_refinement
tm_tw_refined,20264176,100,50,2,0.0,0.45,0.1,gated_offline_low_rank,0.5,1.0,beta,20.0,0.1,0.95,False,7381.7024912867755,738170.2491286775,782725.2370339498,94.30771031810492,44554.98790527228,0.7,0.87,0.25120956520523446,0.013061957014897445,2.8405969170000844,tm_tw_refined_gated_offline_low_rank_best_beta,context_noise_refinement
tm_tw_refined,20264177,100,50,2,0.0,0.45,0.1,gated_offline_low_rank,0.5,1.0,beta,20.0,0.1,0.95,False,5452.48329036464,545248.329036464,943795.8991580573,57.771847655077735,398547.5701215933,0.41,0.63,0.2493013294478078,0.012975214524594651,2.727967749999948,tm_tw_refined_gated_offline_low_rank_best_beta,context_noise_refinement
tm_tw_refined,20264178,100,50,2,0.0,0.45,0.1,gated_offline_low_rank,0.5,1.0,beta,20.0,0.1,0.95,False,6457.116086602444,645711.6086602444,972079.9215189641,66.42577368034314,326368.3128587197,0.43,0.71,0.24791337309762917,0.012905102852198199,2.5794026249999433,tm_tw_refined_gated_offline_low_rank_best_beta,context_noise_refinement
tm_tw_refined,20264179,100,50,2,0.0,0.45,0.1,gated_offline_low_rank,0.5,1.0,beta,20.0,0.1,0.95,False,8787.31413685976,878731.4136859761,981744.913162851,89.50710127491263,103013.49947687495,0.65,0.81,0.2493760284321352,0.012995879146578996,2.614374874999953,tm_tw_refined_gated_offline_low_rank_best_beta,context_noise_refinement
tm_tw_refined,20264180,100,50,2,0.0,0.45,0.1,gated_offline_low_rank,0.5,1.0,beta,20.0,0.1,0.95,False,8410.891240630717,841089.1240630718,1094101.594219093,76.87486504974824,253012.47015602118,0.54,0.78,0.25175501228422714,0.013039212463207408,2.6275400829999853,tm_tw_refined_gated_offline_low_rank_best_beta,context_noise_refinement
tm_tw_refined,20264181,100,50,2,0.0,0.45,0.1,gated_offline_low_rank,0.5,1.0,beta,20.0,0.1,0.95,False,6327.901559855827,632790.1559855827,748343.9859469382,84.55872805403305,115553.82996135543,0.52,0.78,0.24978518869817304,0.012998016257229053,2.6793058749999545,tm_tw_refined_gated_offline_low_rank_best_beta,context_noise_refinement
tm_tw_refined,20264182,100,50,2,0.0,0.45,0.1,gated_offline_low_rank,0.5,1.0,beta,20.0,0.1,0.95,False,12192.888274269128,1219288.8274269127,1418333.1382378533,85.96632163172649,199044.31081094057,0.62,0.87,0.24874689350357096,0.012939259353920478,2.818475958000022,tm_tw_refined_gated_offline_low_rank_best_beta,context_noise_refinement
tm_tw_refined,20265065,100,50,2,0.0,0.45,0.1,support_gated_offline_low_rank,2.0,1.0,beta,20.0,0.1,0.95,True,7855.521520760362,785552.1520760362,932187.8924770512,84.26972270457537,146635.74040101492,0.55,0.72,0.0844405687895499,0.0010066238077173,2.4980948749999925,tm_tw_refined_support_gated_offline_low_rank_best_beta,context_noise_refinement
tm_tw_refined,20265066,100,50,2,0.0,0.45,0.1,support_gated_offline_low_rank,2.0,1.0,beta,20.0,0.1,0.95,True,6951.85957930633,695185.957930633,939582.0492274016,73.98885052159837,244396.09129676863,0.44,0.62,0.0740448641325351,0.0007776815828138,2.4874059580000107,tm_tw_refined_support_gated_offline_low_rank_best_beta,context_noise_refinement
tm_tw_refined,20265067,100,50,2,0.0,0.45,0.1,support_gated_offline_low_rank,2.0,1.0,beta,20.0,0.1,0.95,True,7456.954340846678,745695.4340846678,1058227.6231285876,70.46644954136268,312532.1890439198,0.4,0.64,0.0842888903393974,0.0008201698531519,2.4951411669999857,tm_tw_refined_support_gated_offline_low_rank_best_beta,context_noise_refinement
tm_tw_refined,20265068,100,50,2,0.0,0.45,0.1,support_gated_offline_low_rank,2.0,1.0,beta,20.0,0.1,0.95,True,8419.47880398358,841947.880398358,856920.1582674735,98.25278029409571,14972.277869115467,0.71,0.87,0.07939781574443765,0.0009934494700920742,2.610099916000081,tm_tw_refined_support_gated_offline_low_rank_best_beta,context_noise_refinement
tm_tw_refined,20265069,100,50,2,0.0,0.45,0.1,support_gated_offline_low_rank,2.0,1.0,beta,20.0,0.1,0.95,True,7424.0293035368695,742402.9303536869,1077302.6178751404,68.91312784684347,334899.6875214535,0.43,0.69,0.08763469145365006,0.0009189352692733388,2.607840999999894,tm_tw_refined_support_gated_offline_low_rank_best_beta,context_noise_refinement
tm_tw_refined,20265070,100,50,2,0.0,0.45,0.1,support_gated_offline_low_rank,2.0,1.0,beta,20.0,0.1,0.95,True,5564.045753249186,556404.5753249186,966011.6019183692,57.5981255525269,409607.0265934506,0.37,0.68,0.08430415312558484,0.0010572779837360097,2.6128061660000412,tm_tw_refined_support_gated_offline_low_rank_best_beta,context_noise_refinement
tm_tw_refined,20265071,100,50,2,0.0,0.45,0.1,support_gated_offline_low_rank,2.0,1.0,beta,20.0,0.1,0.95,True,7996.7442004336,799674.42004336,954507.5440693046,83.77874276762107,154833.12402594462,0.61,0.82,0.08293040618731143,0.0009492259094663715,2.7740711249999777,tm_tw_refined_support_gated_offline_low_rank_best_beta,context_noise_refinement
tm_tw_refined,20265072,100,50,2,0.0,0.45,0.1,support_gated_offline_low_rank,2.0,1.0,beta,20.0,0.1,0.95,True,7720.502352429786,772050.2352429786,1060451.6172210725,72.80390945757114,288401.381978094,0.53,0.78,0.08422053749217717,0.0010616263695225852,2.732244584,tm_tw_refined_support_gated_offline_low_rank_best_beta,context_noise_refinement
tm_tw_refined,20265073,100,50,2,0.0,0.45,0.1,support_gated_offline_low_rank,2.0,1.0,beta,20.0,0.1,0.95,True,7455.734062127524,745573.4062127525,832144.7866329835,89.59659643239306,86571.38042023103,0.62,0.81,0.08069447690509882,0.0008404803494580364,2.469234166999968,tm_tw_refined_support_gated_offline_low_rank_best_beta,context_noise_refinement
tm_tw_refined,20265074,100,50,2,0.0,0.45,0.1,support_gated_offline_low_rank,2.0,1.0,beta,20.0,0.1,0.95,True,11654.348262597987,1165434.8262597986,1412517.2230618265,82.50765422410619,247082.39680202794,0.55,0.73,0.0864246709042257,0.0010275490346227348,2.7276426670000546,tm_tw_refined_support_gated_offline_low_rank_best_beta,context_noise_refinement
tm_tw_refined,20263497,100,50,2,0.0,0.45,0.1,support_offline,1.0,1.0,deterministic,20.0,0.1,0.95,True,6582.393553083809,658239.3553083809,975632.5959568078,67.46795443656146,317393.24064842693,0.5,0.8,0.0853051883834829,0.0011065230498379,0.9416521670000292,tm_tw_refined_support_offline,context_noise_refinement
tm_tw_refined,20263498,100,50,2,0.0,0.45,0.1,support_offline,1.0,1.0,deterministic,20.0,0.1,0.95,True,9026.051265816985,902605.1265816984,1022098.121139102,88.30904860443027,119492.99455740373,0.62,0.77,0.084402145469546,0.0007368837143231,0.9441742090000388,tm_tw_refined_support_offline,context_noise_refinement
tm_tw_refined,20263499,100,50,2,0.0,0.45,0.1,support_offline,1.0,1.0,deterministic,20.0,0.1,0.95,True,4659.377511338291,465937.75113382906,1058904.498742277,44.00186718323047,592966.7476084479,0.29,0.53,0.0840941737651117,0.0008196944057561,0.9450337910000144,tm_tw_refined_support_offline,context_noise_refinement
tm_tw_refined,20263500,100,50,2,0.0,0.45,0.1,support_offline,1.0,1.0,deterministic,20.0,0.1,0.95,True,7203.370385784116,720337.0385784116,791424.4693483753,91.01778710121333,71087.43076996377,0.62,0.88,0.08399549552883472,0.0008766018907214597,1.0395780839999134,tm_tw_refined_support_offline,context_noise_refinement
tm_tw_refined,20263501,100,50,2,0.0,0.45,0.1,support_offline,1.0,1.0,deterministic,20.0,0.1,0.95,True,6510.982177436115,651098.2177436115,1003880.6828557007,64.85812794917595,352782.4651120892,0.36,0.68,0.08260072484600649,0.0009359966934694092,0.9670354160000443,tm_tw_refined_support_offline,context_noise_refinement
tm_tw_refined,20263502,100,50,2,0.0,0.45,0.1,support_offline,1.0,1.0,deterministic,20.0,0.1,0.95,True,6838.9849346405945,683898.4934640594,969675.4748250518,70.52859551670602,285776.9813609924,0.51,0.71,0.08118732581591746,0.0007788519669603773,0.9473804579999978,tm_tw_refined_support_offline,context_noise_refinement
tm_tw_refined,20263503,100,50,2,0.0,0.45,0.1,support_offline,1.0,1.0,deterministic,20.0,0.1,0.95,True,7728.587744243734,772858.7744243734,961383.6519201851,80.39025553229781,188524.87749581167,0.6,0.79,0.07947478595908651,0.0008422244125025607,0.9386836669999639,tm_tw_refined_support_offline,context_noise_refinement
tm_tw_refined,20263504,100,50,2,0.0,0.45,0.1,support_offline,1.0,1.0,deterministic,20.0,0.1,0.95,True,8391.446296353713,839144.6296353714,996606.3391763717,84.20020991727468,157461.7095410003,0.58,0.86,0.08151163353331815,0.0007898804331191188,0.9416730420000476,tm_tw_refined_support_offline,context_noise_refinement
tm_tw_refined,20263505,100,50,2,0.0,0.45,0.1,support_offline,1.0,1.0,deterministic,20.0,0.1,0.95,True,6801.310726915002,680131.0726915002,753995.0402223063,90.20365339418835,73863.96753080608,0.58,0.79,0.08199577008661212,0.0009716819966856121,0.9790456250000261,tm_tw_refined_support_offline,context_noise_refinement
tm_tw_refined,20263506,100,50,2,0.0,0.45,0.1,support_offline,1.0,1.0,deterministic,20.0,0.1,0.95,True,11102.071351753499,1110207.13517535,1435170.0058825668,77.35718630021263,324962.8707072169,0.61,0.79,0.08486537120281497,0.0009863842370079422,0.9412725419999788,tm_tw_refined_support_offline,context_noise_refinement
tm_tw,20262669,100,50,2,0.0,0.45,0.1,support_offline,1.0,1.0,deterministic,20.0,0.1,0.95,True,2721.8933272069053,272189.3327206905,851751.6631752655,31.956419281412305,579562.330454575,0.16,0.39,0.0808603563396052,0.0009607093340317,0.9433901250000076,tm_tw_support_offline,context_noise_refinement
tm_tw,20262670,100,50,2,0.0,0.45,0.1,support_offline,1.0,1.0,deterministic,20.0,0.1,0.95,True,7003.985346126136,700398.5346126136,1085029.7270327706,64.55109175008435,384631.192420157,0.46,0.66,0.0847298222907228,0.0009098753967785,0.9420253330000036,tm_tw_support_offline,context_noise_refinement
tm_tw,20262671,100,50,2,0.0,0.45,0.1,support_offline,1.0,1.0,deterministic,20.0,0.1,0.95,True,2285.903860436191,228590.38604361907,882995.8123909006,25.88804871278625,654405.4263472816,0.17,0.42,0.0839555787299397,0.0009142338665369,0.9457993750000356,tm_tw_support_offline,context_noise_refinement
tm_tw,20262672,100,50,2,0.0,0.45,0.1,support_offline,1.0,1.0,deterministic,20.0,0.1,0.95,True,5828.428539354658,582842.8539354658,842033.2080439294,69.21851161778153,259190.35410846362,0.45,0.62,0.08429177592417807,0.0008669970858119224,0.938516583999899,tm_tw_support_offline,context_noise_refinement
tm_tw,20262673,100,50,2,0.0,0.45,0.1,support_offline,1.0,1.0,deterministic,20.0,0.1,0.95,True,3896.9482331271633,389694.8233127163,951793.4846540957,40.943211904244194,562098.6613413794,0.18,0.42,0.07752533896219058,0.0007560469382839942,0.9379342080000015,tm_tw_support_offline,context_noise_refinement
tm_tw,20262674,100,50,2,0.0,0.45,0.1,support_offline,1.0,1.0,deterministic,20.0,0.1,0.95,True,6992.843234172981,699284.3234172981,1074448.3299258915,65.08310394651834,375164.00650859333,0.4,0.66,0.07949017195646609,0.00084036204055672,0.9359341660000382,tm_tw_support_offline,context_noise_refinement
tm_tw,20262675,100,50,2,0.0,0.45,0.1,support_offline,1.0,1.0,deterministic,20.0,0.1,0.95,True,2417.7611362558127,241776.11362558126,971934.3930470146,24.87576480009243,730158.2794214333,0.15,0.43,0.08344022185189491,0.0009565051801299407,0.9349034169999868,tm_tw_support_offline,context_noise_refinement
tm_tw,20262676,100,50,2,0.0,0.45,0.1,support_offline,1.0,1.0,deterministic,20.0,0.1,0.95,True,5489.388931058847,548938.8931058848,975422.0047804906,56.27706678909896,426483.11167460587,0.42,0.52,0.08331068112874658,0.0009883607235238883,0.9292039160000058,tm_tw_support_offline,context_noise_refinement
tm_tw,20262677,100,50,2,0.0,0.45,0.1,support_offline,1.0,1.0,deterministic,20.0,0.1,0.95,True,4925.952249084189,492595.2249084189,729914.9792175617,67.48665788945178,237319.75430914277,0.45,0.66,0.07864395824063211,0.0007379290493567075,0.9254971249999926,tm_tw_support_offline,context_noise_refinement
tm_tw,20262678,100,50,2,0.0,0.45,0.1,support_offline,1.0,1.0,deterministic,20.0,0.1,0.95,True,3689.0153566773142,368901.5356677314,1287364.5571516498,28.65556097675566,918463.0214839184,0.17,0.39,0.0797512849062291,0.0006873201147003438,0.9283837499999663,tm_tw_support_offline,context_noise_refinement
tw,20261245,100,50,2,0.0,0.45,0.1,dense,1.0,1.0,deterministic,20.0,0.1,0.95,False,4439.850465472689,443985.0465472689,925710.7113507834,47.961532809684414,481725.6648035144,0.33,0.62,0.319528721258369,0.0165258065211759,0.9934122079999952,tw_dense,context_noise_refinement
tw,20261246,100,50,2,0.0,0.45,0.1,dense,1.0,1.0,deterministic,20.0,0.1,0.95,False,6766.7485517208,676674.85517208,1068384.8049982146,63.33624851330704,391709.9498261346,0.46,0.6,0.3139514523311636,0.0162971261998835,0.9956624999999804,tw_dense,context_noise_refinement
tw,20261247,100,50,2,0.0,0.45,0.1,dense,1.0,1.0,deterministic,20.0,0.1,0.95,False,3929.7913389861415,392979.13389861415,964633.500776674,40.73869854014061,571654.3668780597,0.32,0.57,0.3182481130439211,0.016535749477025,0.9995379160000084,tw_dense,context_noise_refinement
tw,20261248,100,50,2,0.0,0.45,0.1,dense,1.0,1.0,deterministic,20.0,0.1,0.95,False,4478.658504719947,447865.8504719947,844901.6538991672,53.00804518551034,397035.8034271725,0.38,0.61,0.31999096737648347,0.016617424998818398,0.9861233330000232,tw_dense,context_noise_refinement
tw,20261249,100,50,2,0.0,0.45,0.1,dense,1.0,1.0,deterministic,20.0,0.1,0.95,False,4097.526993681983,409752.6993681983,933061.9466911512,43.91484411311318,523309.24732295296,0.3,0.51,0.31830691608423034,0.01654272414365027,0.9923586669999622,tw_dense,context_noise_refinement
tw,20261250,100,50,2,0.0,0.45,0.1,dense,1.0,1.0,deterministic,20.0,0.1,0.95,False,5226.081212378831,522608.12123788305,958814.8624178597,54.50563416591325,436206.74117997667,0.34,0.56,0.3203107034791846,0.016643814381553813,0.9909569999999803,tw_dense,context_noise_refinement
tw,20261251,100,50,2,0.0,0.45,0.1,dense,1.0,1.0,deterministic,20.0,0.1,0.95,False,6102.581316001556,610258.1316001556,1013056.4290485609,60.23930297479045,402798.2974484053,0.42,0.59,0.31872945231464006,0.01651019725614548,0.989155750000009,tw_dense,context_noise_refinement
tw,20261252,100,50,2,0.0,0.45,0.1,dense,1.0,1.0,deterministic,20.0,0.1,0.95,False,3976.9263631339963,397692.63631339965,1051539.0247286842,37.82005488726502,653846.3884152846,0.24,0.4,0.3180062684544324,0.016557644278124183,0.9902696670000068,tw_dense,context_noise_refinement
tw,20261253,100,50,2,0.0,0.45,0.1,dense,1.0,1.0,deterministic,20.0,0.1,0.95,False,3485.5316090505157,348553.16090505157,773429.6066268969,45.06591911126489,424876.4457218453,0.25,0.56,0.3199587923265033,0.01658197206681639,0.9820019170000478,tw_dense,context_noise_refinement
tw,20261254,100,50,2,0.0,0.45,0.1,dense,1.0,1.0,deterministic,20.0,0.1,0.95,False,5153.2889348180815,515328.8934818082,1354526.2822389666,38.04495344527346,839197.3887571583,0.31,0.51,0.3189507543758923,0.016514610345803784,1.0300899170000548,tw_dense,context_noise_refinement
tw,20262069,100,50,2,0.0,0.45,0.1,gated_offline,1.0,1.0,deterministic,20.0,0.1,0.95,False,5937.606261673059,593760.6261673059,1012632.4010201948,58.63535726973687,418871.774852889,0.41,0.62,0.2486783425016726,0.0129446495307587,0.9598248749999811,tw_gated_offline,context_noise_refinement
tw,20262070,100,50,2,0.0,0.45,0.1,gated_offline,1.0,1.0,deterministic,20.0,0.1,0.95,False,5718.805902305655,571880.5902305655,1075311.910311897,53.182763507631016,503431.32008133153,0.38,0.6,0.2507758522519323,0.0130329836659283,0.945586416000026,tw_gated_offline,context_noise_refinement
tw,20262071,100,50,2,0.0,0.45,0.1,gated_offline,1.0,1.0,deterministic,20.0,0.1,0.95,False,6140.030582635444,614003.0582635445,1077034.2458695136,57.0086847858627,463031.18760596914,0.42,0.7,0.2508797211495838,0.0130550958695412,0.952587249999965,tw_gated_offline,context_noise_refinement
tw,20262072,100,50,2,0.0,0.45,0.1,gated_offline,1.0,1.0,deterministic,20.0,0.1,0.95,False,3484.510126321251,348451.0126321251,807646.2432967593,43.14401453905992,459195.2306646342,0.2,0.51,0.25191356782390406,0.013072798792568311,0.9683549999999741,tw_gated_offline,context_noise_refinement
tw,20262073,100,50,2,0.0,0.45,0.1,gated_offline,1.0,1.0,deterministic,20.0,0.1,0.95,False,4262.036571456482,426203.65714564826,1027986.5589132988,41.46004181184967,601782.9017676505,0.21,0.45,0.24905825128781456,0.012987280472281522,0.974059499999953,tw_gated_offline,context_noise_refinement
tw,20262074,100,50,2,0.0,0.45,0.1,gated_offline,1.0,1.0,deterministic,20.0,0.1,0.95,False,4736.228716568376,473622.8716568376,877149.1166263414,53.9957075347084,403526.2449695038,0.31,0.53,0.24826024642853722,0.012962660759806621,0.9721496669999397,tw_gated_offline,context_noise_refinement
tw,20262075,100,50,2,0.0,0.45,0.1,gated_offline,1.0,1.0,deterministic,20.0,0.1,0.95,False,7947.975395279949,794797.5395279949,1036976.429855853,76.64567068689087,242178.89032785804,0.54,0.72,0.24979749888091726,0.01302792217511434,0.9759015829999953,tw_gated_offline,context_noise_refinement
tw,20262076,100,50,2,0.0,0.45,0.1,gated_offline,1.0,1.0,deterministic,20.0,0.1,0.95,False,5349.643445109495,534964.3445109494,1076277.785261082,49.70504379417053,541313.4407501325,0.35,0.61,0.25020612246561474,0.01303196855799781,0.9946408750000728,tw_gated_offline,context_noise_refinement
tw,20262077,100,50,2,0.0,0.45,0.1,gated_offline,1.0,1.0,deterministic,20.0,0.1,0.95,False,5507.315144813812,550731.5144813813,793925.2874496497,69.36817899458939,243193.77296826837,0.47,0.63,0.24993132233055979,0.013007392712645286,0.9852037499999824,tw_gated_offline,context_noise_refinement
tw,20262078,100,50,2,0.0,0.45,0.1,gated_offline,1.0,1.0,deterministic,20.0,0.1,0.95,False,5350.846003497179,535084.6003497179,1262586.2706166757,42.38004267925157,727501.6702669578,0.35,0.58,0.24931063315924118,0.012984782000781788,0.9664540420000094,tw_gated_offline,context_noise_refinement
tw,20263025,100,50,2,0.0,0.45,0.1,gated_offline_low_rank,1.0,1.0,deterministic,20.0,0.1,0.95,False,4826.687812214839,482668.7812214839,959304.080902804,50.31447179576708,476635.29968132,0.34,0.63,0.2481490308050556,0.012937529241964,2.457752165999977,tw_gated_offline_low_rank,context_noise_refinement
tw,20263026,100,50,2,0.0,0.45,0.1,gated_offline_low_rank,1.0,1.0,deterministic,20.0,0.1,0.95,False,4338.038519374907,433803.8519374908,1084283.3262969037,40.0083485023272,650479.4743594129,0.21,0.41,0.2489104129782351,0.0129549443726132,2.418086958999993,tw_gated_offline_low_rank,context_noise_refinement
tw,20263027,100,50,2,0.0,0.45,0.1,gated_offline_low_rank,1.0,1.0,deterministic,20.0,0.1,0.95,False,7607.563573959482,760756.3573959481,1134677.4114674905,67.04604759973621,373921.0540715421,0.45,0.71,0.2492562618344626,0.0129652826138523,2.417409415999998,tw_gated_offline_low_rank,context_noise_refinement
tw,20263028,100,50,2,0.0,0.45,0.1,gated_offline_low_rank,1.0,1.0,deterministic,20.0,0.1,0.95,False,4631.857949144235,463185.7949144235,816493.4384117399,56.72866101844275,353307.6434973164,0.31,0.54,0.25025359996535573,0.012987687955417902,2.3655462499999658,tw_gated_offline_low_rank,context_noise_refinement
tw,20263029,100,50,2,0.0,0.45,0.1,gated_offline_low_rank,1.0,1.0,deterministic,20.0,0.1,0.95,False,4125.583657408218,412558.3657408218,860301.0070698212,47.955118307485485,447742.6413289994,0.27,0.45,0.24839672488220818,0.012923404730165408,2.6263184590000037,tw_gated_offline_low_rank,context_noise_refinement
tw,20263030,100,50,2,0.0,0.45,0.1,gated_offline_low_rank,1.0,1.0,deterministic,20.0,0.1,0.95,False,5422.945767624025,542294.5767624025,1007104.824955141,53.84688498404898,464810.2481927385,0.33,0.5,0.24838858676602368,0.012960128494251835,2.821438791999981,tw_gated_offline_low_rank,context_noise_refinement
tw,20263031,100,50,2,0.0,0.45,0.1,gated_offline_low_rank,1.0,1.0,deterministic,20.0,0.1,0.95,False,4493.193005761555,449319.3005761554,1007590.1351615271,44.59345967138959,558270.8345853717,0.3,0.54,0.24745448817410307,0.01287415142342631,2.6050334580000936,tw_gated_offline_low_rank,context_noise_refinement
tw,20263032,100,50,2,0.0,0.45,0.1,gated_offline_low_rank,1.0,1.0,deterministic,20.0,0.1,0.95,False,4702.769185081508,470276.91850815085,1112721.033737938,42.26368552847074,642444.1152297871,0.38,0.64,0.24823556725358623,0.012931538489808323,2.567264249999994,tw_gated_offline_low_rank,context_noise_refinement
tw,20263033,100,50,2,0.0,0.45,0.1,gated_offline_low_rank,1.0,1.0,deterministic,20.0,0.1,0.95,False,4270.1908105531775,427019.0810553178,772339.5529807745,55.28903439002655,345320.4719254568,0.31,0.52,0.2477767007287104,0.012912419256764654,2.469732416999932,tw_gated_offline_low_rank,context_noise_refinement
tw,20263034,100,50,2,0.0,0.45,0.1,gated_offline_low_rank,1.0,1.0,deterministic,20.0,0.1,0.95,False,6606.33650314099,660633.650314099,1361658.8022794318,48.516827358527046,701025.1519653328,0.31,0.55,0.24872016357008833,0.012916355821497893,2.5639533749999828,tw_gated_offline_low_rank,context_noise_refinement
tw,20262349,100,50,2,0.0,0.45,0.1,support_offline,1.0,1.0,deterministic,20.0,0.1,0.95,True,2870.994003888861,287099.4003888861,812866.9413747796,35.31935988235944,525767.5409858935,0.24,0.43,0.0825761843922299,0.0008395710664504,0.9426599170000144,tw_support_offline,context_noise_refinement
tw,20262350,100,50,2,0.0,0.45,0.1,support_offline,1.0,1.0,deterministic,20.0,0.1,0.95,True,6764.34778322897,676434.778322897,993972.9412276816,68.0536411270326,317538.16290478455,0.46,0.64,0.0820769594485083,0.0008232905665704,0.94160208400001,tw_support_offline,context_noise_refinement
tw,20262351,100,50,2,0.0,0.45,0.1,support_offline,1.0,1.0,deterministic,20.0,0.1,0.95,True,6726.19360477673,672619.360477673,1058265.0594458643,63.55868546107667,385645.6989681913,0.49,0.69,0.0832899055817469,0.0009075805817938,0.9439829589999816,tw_support_offline,context_noise_refinement
tw,20262352,100,50,2,0.0,0.45,0.1,support_offline,1.0,1.0,deterministic,20.0,0.1,0.95,True,6480.885204607043,648088.5204607043,842900.4815839776,76.88790487375415,194811.96112327324,0.49,0.69,0.0830370693262457,0.0009247611182520462,0.9608262909999894,tw_support_offline,context_noise_refinement
tw,20262353,100,50,2,0.0,0.45,0.1,support_offline,1.0,1.0,deterministic,20.0,0.1,0.95,True,5353.484730857734,535348.4730857734,948685.3191681856,56.43056367259599,413336.8460824122,0.32,0.57,0.0881075592282256,0.0008601933340845309,0.9763058329999694,tw_support_offline,context_noise_refinement
tw,20262354,100,50,2,0.0,0.45,0.1,support_offline,1.0,1.0,deterministic,20.0,0.1,0.95,True,4924.1746245053255,492417.46245053253,837849.344718364,58.77159963836393,345431.8822678314,0.3,0.53,0.0830895866528563,0.0009745706992809441,0.9534631660000059,tw_support_offline,context_noise_refinement
tw,20262355,100,50,2,0.0,0.45,0.1,support_offline,1.0,1.0,deterministic,20.0,0.1,0.95,True,6969.7500224214455,696975.0022421445,1021767.7058261142,68.21266695629512,324792.7035839696,0.51,0.72,0.08640981412264091,0.0011520054959810121,0.9341383329999644,tw_support_offline,context_noise_refinement
tw,20262356,100,50,2,0.0,0.45,0.1,support_offline,1.0,1.0,deterministic,20.0,0.1,0.95,True,6270.405958399282,627040.5958399283,985064.7968417098,63.65475630134487,358024.2010017815,0.4,0.68,0.08210548723664784,0.0009191106133892963,0.9269207079998978,tw_support_offline,context_noise_refinement
tw,20262357,100,50,2,0.0,0.45,0.1,support_offline,1.0,1.0,deterministic,20.0,0.1,0.95,True,6044.91747963154,604491.747963154,815124.808635881,74.15940989144676,210633.06067272706,0.49,0.58,0.07821043764527526,0.0008984048258889309,0.927137958000003,tw_support_offline,context_noise_refinement
tw,20262358,100,50,2,0.0,0.45,0.1,support_offline,1.0,1.0,deterministic,20.0,0.1,0.95,True,5218.599468448182,521859.9468448182,1240765.0633635628,42.059529418898975,718905.1165187446,0.28,0.54,0.0844766499618332,0.0008560643903561621,0.9294367920000468,tw_support_offline,context_noise_refinement
exp4,20261395,100,50,2,0.0,0.45,0.2,dense,1.0,1.0,deterministic,20.0,0.1,0.95,False,7053.99717671403,705399.717671403,964825.7676006746,73.11161676637104,259426.04992927168,0.57,0.75,0.3324762533509182,0.0173211949866771,1.015408999999977,exp4_dense,context_noise_refinement
exp4,20261396,100,50,2,0.0,0.45,0.2,dense,1.0,1.0,deterministic,20.0,0.1,0.95,False,8466.483307827622,846648.3307827623,1142881.4740971387,74.0801517892836,296233.1433143765,0.52,0.75,0.3342918350342748,0.0173988345995725,1.011953708999954,exp4_dense,context_noise_refinement
exp4,20261397,100,50,2,0.0,0.45,0.2,dense,1.0,1.0,deterministic,20.0,0.1,0.95,False,9575.593559527975,957559.3559527976,1239090.2629275597,77.27922529956794,281530.906974762,0.51,0.75,0.3314650704482573,0.017274806904425,1.012750959000016,exp4_dense,context_noise_refinement
exp4,20261398,100,50,2,0.0,0.45,0.2,dense,1.0,1.0,deterministic,20.0,0.1,0.95,False,6568.828754497575,656882.8754497574,783793.0438096088,83.80820430058841,126910.16835985135,0.56,0.74,0.3373328903515568,0.01758061365985395,1.0002025000000003,exp4_dense,context_noise_refinement
exp4,20261399,100,50,2,0.0,0.45,0.2,dense,1.0,1.0,deterministic,20.0,0.1,0.95,False,5605.656206160809,560565.6206160809,1053960.716520624,53.18657629542796,493395.09590454306,0.27,0.48,0.3296379951558516,0.017170151441673234,1.0048029580000275,exp4_dense,context_noise_refinement
exp4,20261400,100,50,2,0.0,0.45,0.2,dense,1.0,1.0,deterministic,20.0,0.1,0.95,False,6105.472702613992,610547.2702613992,1013452.8994636001,60.24426695947581,402905.6292022009,0.43,0.67,0.3299884317384916,0.017152361452053944,1.0020684590000428,exp4_dense,context_noise_refinement
exp4,20261401,100,50,2,0.0,0.45,0.2,dense,1.0,1.0,deterministic,20.0,0.1,0.95,False,8180.435860507441,818043.5860507442,1016100.9705852689,80.50810005422545,198057.38453452475,0.61,0.76,0.3370461573004847,0.01759749971683064,1.010084957999993,exp4_dense,context_noise_refinement
exp4,20261402,100,50,2,0.0,0.45,0.2,dense,1.0,1.0,deterministic,20.0,0.1,0.95,False,5625.151157235079,562515.115723508,1182390.4606272562,47.57439563789229,619875.3449037482,0.3,0.61,0.3305506251118847,0.017229358947882606,1.0013933750000206,exp4_dense,context_noise_refinement
exp4,20261403,100,50,2,0.0,0.45,0.2,dense,1.0,1.0,deterministic,20.0,0.1,0.95,False,6183.13799276254,618313.799276254,754420.1512001305,81.9588127772888,136106.35192387644,0.54,0.68,0.3360059227131833,0.017499076054327586,1.0043503750000582,exp4_dense,context_noise_refinement
exp4,20261404,100,50,2,0.0,0.45,0.2,dense,1.0,1.0,deterministic,20.0,0.1,0.95,False,10041.65993944251,1004165.993944251,1300634.1111402472,77.20587868204633,296468.1171959962,0.49,0.62,0.33218843829539657,0.01728327806230911,1.0043610000000172,exp4_dense,context_noise_refinement
global_ucb_tw,20262374,100,50,2,0.0,0.45,0.2,dense,1.0,1.0,deterministic,20.0,0.1,0.95,False,5347.924597769921,534792.4597769921,994969.7224310574,53.74962149303478,460177.2626540653,0.38,0.57,0.3301510592264561,0.01721707661594,1.005580082999984,global_ucb_tw_dense,context_noise_refinement
global_ucb_tw,20262375,100,50,2,0.0,0.45,0.2,dense,1.0,1.0,deterministic,20.0,0.1,0.95,False,6698.930150364043,669893.0150364042,1158813.318243744,57.80853606788625,488920.30320733984,0.39,0.59,0.3326015829871317,0.0173499796420543,1.004736207999997,global_ucb_tw_dense,context_noise_refinement
global_ucb_tw,20262376,100,50,2,0.0,0.45,0.2,dense,1.0,1.0,deterministic,20.0,0.1,0.95,False,6959.428368820605,695942.8368820605,1098121.0987402964,63.37578229581487,402178.2618582359,0.49,0.66,0.3314388438722225,0.017300986017743,1.0073357499999815,global_ucb_tw_dense,context_noise_refinement
global_ucb_tw,20262377,100,50,2,0.0,0.45,0.2,dense,1.0,1.0,deterministic,20.0,0.1,0.95,False,5901.764400535967,590176.4400535967,908012.1968337732,64.99653221746738,317835.7567801764,0.49,0.73,0.3356866242427993,0.017409776557794937,0.9903104579999535,global_ucb_tw_dense,context_noise_refinement
global_ucb_tw,20262378,100,50,2,0.0,0.45,0.2,dense,1.0,1.0,deterministic,20.0,0.1,0.95,False,5102.707217061712,510270.72170617117,961507.0186368849,53.06989047563843,451236.2969307137,0.4,0.63,0.3294294361345765,0.017076161846525984,0.9862603750000289,global_ucb_tw_dense,context_noise_refinement
global_ucb_tw,20262379,100,50,2,0.0,0.45,0.2,dense,1.0,1.0,deterministic,20.0,0.1,0.95,False,4952.394526711017,495239.45267110167,949119.9084603484,52.178807783568,453880.4557892467,0.36,0.55,0.3323975765914367,0.01732117052369136,1.013790915999948,global_ucb_tw_dense,context_noise_refinement
global_ucb_tw,20262380,100,50,2,0.0,0.45,0.2,dense,1.0,1.0,deterministic,20.0,0.1,0.95,False,4351.868070237877,435186.8070237877,952240.6109326048,45.70134922071584,517053.80390881706,0.33,0.57,0.3308843009057471,0.017208200949927154,1.0186555420000332,global_ucb_tw_dense,context_noise_refinement
global_ucb_tw,20262381,100,50,2,0.0,0.45,0.2,dense,1.0,1.0,deterministic,20.0,0.1,0.95,False,5892.417040543243,589241.7040543243,1042846.4884684465,56.50320642299915,453604.78441412223,0.38,0.62,0.3315201440346746,0.017273064408404343,1.0330267079999658,global_ucb_tw_dense,context_noise_refinement
global_ucb_tw,20262382,100,50,2,0.0,0.45,0.2,dense,1.0,1.0,deterministic,20.0,0.1,0.95,False,5914.523438798159,591452.3438798159,738452.5178966898,80.09348327018104,147000.17401687393,0.53,0.66,0.33149251395565943,0.017289936839599198,1.044787749999955,global_ucb_tw_dense,context_noise_refinement
global_ucb_tw,20262383,100,50,2,0.0,0.45,0.2,dense,1.0,1.0,deterministic,20.0,0.1,0.95,False,5767.407109674909,576740.7109674909,1286321.7273056677,44.83642767782001,709581.0163381768,0.32,0.53,0.3285960109530188,0.01709776656088106,1.055678041999954,global_ucb_tw_dense,context_noise_refinement
local_ucb_tw,20262272,100,50,2,0.0,0.45,0.2,dense,1.0,1.0,deterministic,20.0,0.1,0.95,False,4685.397465515182,468539.7465515183,956941.6299589964,48.96220750387821,488401.8834074783,0.3,0.6,0.3292952023874267,0.0171191436424514,1.005716709000012,local_ucb_tw_dense,context_noise_refinement
local_ucb_tw,20262273,100,50,2,0.0,0.45,0.2,dense,1.0,1.0,deterministic,20.0,0.1,0.95,False,6249.714232029271,624971.4232029271,982725.5417937512,63.59572399656754,357754.1185908242,0.41,0.67,0.334604167216658,0.0174092104238327,1.002837999999997,local_ucb_tw_dense,context_noise_refinement
local_ucb_tw,20262274,100,50,2,0.0,0.45,0.2,dense,1.0,1.0,deterministic,20.0,0.1,0.95,False,5314.730184691772,531473.0184691772,1106846.9381277517,48.01684859590179,575373.9196585743,0.34,0.59,0.3307578212324463,0.0172327238233363,1.0058610419999925,local_ucb_tw_dense,context_noise_refinement
local_ucb_tw,20262275,100,50,2,0.0,0.45,0.2,dense,1.0,1.0,deterministic,20.0,0.1,0.95,False,5593.237793437475,559323.7793437475,835131.9392221442,66.97430107447585,275808.15987839666,0.44,0.63,0.3330010806144917,0.017323740863354822,1.017392667000081,local_ucb_tw_dense,context_noise_refinement
local_ucb_tw,20262276,100,50,2,0.0,0.45,0.2,dense,1.0,1.0,deterministic,20.0,0.1,0.95,False,3847.1148888537246,384711.48888537247,927485.7273137311,41.47896593509952,542774.2384283587,0.29,0.63,0.3305496312774426,0.017208830786603894,1.0340081669999108,local_ucb_tw_dense,context_noise_refinement
local_ucb_tw,20262277,100,50,2,0.0,0.45,0.2,dense,1.0,1.0,deterministic,20.0,0.1,0.95,False,5881.477944013122,588147.7944013122,941815.5287450536,62.44830080313126,353667.7343437413,0.32,0.56,0.33455003188118687,0.01738643396572997,1.0535026249999646,local_ucb_tw_dense,context_noise_refinement
local_ucb_tw,20262278,100,50,2,0.0,0.45,0.2,dense,1.0,1.0,deterministic,20.0,0.1,0.95,False,5335.924996536201,533592.4996536202,1021297.868835509,52.24651063475008,487705.3691818889,0.4,0.64,0.3311159711014597,0.017271178515597653,1.0340544580000142,local_ucb_tw_dense,context_noise_refinement
local_ucb_tw,20262279,100,50,2,0.0,0.45,0.2,dense,1.0,1.0,deterministic,20.0,0.1,0.95,False,5519.505777882709,551950.5777882709,1117605.6778506418,49.38688025008712,565655.1000623709,0.42,0.65,0.3293337412430125,0.01717094809942137,1.0430937910000466,local_ucb_tw_dense,context_noise_refinement
local_ucb_tw,20262280,100,50,2,0.0,0.45,0.2,dense,1.0,1.0,deterministic,20.0,0.1,0.95,False,4373.231725237269,437323.1725237269,733959.2615951736,59.58412072807103,296636.08907144674,0.37,0.61,0.3344566673302953,0.017450719548011764,1.040653667000015,local_ucb_tw_dense,context_noise_refinement
local_ucb_tw,20262281,100,50,2,0.0,0.45,0.2,dense,1.0,1.0,deterministic,20.0,0.1,0.95,False,6707.707905350815,670770.7905350815,1304641.9793962166,51.41416581164373,633871.188861135,0.36,0.55,0.33308680242841315,0.017319229800812633,1.1246326670000144,local_ucb_tw_dense,context_noise_refinement
oracle,20261640,100,50,2,0.0,0.45,0.2,dense,1.0,1.0,deterministic,20.0,0.1,0.95,False,8323.218224992066,832321.8224992065,983336.9526372036,84.6425856637452,151015.1301379971,0.78,0.92,0.3302794992124362,0.0171653260325118,0.0224079160000201,oracle,context_noise_refinement
oracle,20261641,100,50,2,0.0,0.45,0.2,dense,1.0,1.0,deterministic,20.0,0.1,0.95,False,9985.82573866042,998582.573866042,1106656.7446756791,90.23417411680713,108074.17080963716,0.84,0.95,0.3294626231186097,0.0171583829533734,0.0222606250000012,oracle,context_noise_refinement
oracle,20261642,100,50,2,0.0,0.45,0.2,dense,1.0,1.0,deterministic,20.0,0.1,0.95,False,11017.081383301294,1101708.1383301294,1160923.7159784893,94.89927056934576,59215.57764835982,0.84,0.96,0.3309607983756841,0.0172514294207064,0.0223964999999566,oracle,context_noise_refinement
oracle,20261643,100,50,2,0.0,0.45,0.2,dense,1.0,1.0,deterministic,20.0,0.1,0.95,False,8027.084919416101,802708.4919416101,899979.7610137074,89.19183816283444,97271.26907209726,0.85,0.91,0.33074209030159746,0.017274912556747964,0.022573332999968443,oracle,context_noise_refinement
oracle,20261644,100,50,2,0.0,0.45,0.2,dense,1.0,1.0,deterministic,20.0,0.1,0.95,False,9895.102191252861,989510.2191252862,1057107.5875049299,93.60544099970066,67597.36837964365,0.83,0.93,0.32890947772186574,0.01717792639426476,0.022529166000026635,oracle,context_noise_refinement
oracle,20261645,100,50,2,0.0,0.45,0.2,dense,1.0,1.0,deterministic,20.0,0.1,0.95,False,8684.915402374812,868491.5402374812,965401.4366586634,89.96169958513885,96909.8964211822,0.77,0.9,0.331528486021885,0.017223083471873207,0.022709958999939772,oracle,context_noise_refinement
oracle,20261646,100,50,2,0.0,0.45,0.2,dense,1.0,1.0,deterministic,20.0,0.1,0.95,False,8335.09259547307,833509.2595473069,986526.1644950105,84.48932117010492,153016.9049477036,0.75,0.92,0.33351881571609343,0.017371154021964385,0.022602333000008912,oracle,context_noise_refinement
oracle,20261647,100,50,2,0.0,0.45,0.2,dense,1.0,1.0,deterministic,20.0,0.1,0.95,False,9709.88242633762,970988.242633762,1082171.1715602528,89.72593875641785,111182.92892649083,0.78,0.93,0.33097448079275477,0.01723356829660147,0.022598790999950324,oracle,context_noise_refinement
oracle,20261648,100,50,2,0.0,0.45,0.2,dense,1.0,1.0,deterministic,20.0,0.1,0.95,False,7937.049094676286,793704.9094676286,853443.8448915043,93.00025001276211,59738.93542387569,0.86,0.95,0.3308091263205777,0.017222108745577495,0.0225161250000383,oracle,context_noise_refinement
oracle,20261649,100,50,2,0.0,0.45,0.2,dense,1.0,1.0,deterministic,20.0,0.1,0.95,False,11778.446159941828,1177844.6159941829,1399163.4940560265,84.18205742201981,221318.87806184357,0.71,0.91,0.33286315303019864,0.0173555256922969,0.022561167000048954,oracle,context_noise_refinement
state_thompson,20262538,100,50,2,0.0,0.45,0.2,dense,1.0,1.0,deterministic,20.0,0.1,0.95,False,4085.949183198688,408594.91831986886,919258.0074570164,44.448339313375456,510663.08913714753,0.29,0.58,0.3306048082141714,0.0171838596633376,0.0250767079999718,state_thompson,context_noise_refinement
state_thompson,20262539,100,50,2,0.0,0.45,0.2,dense,1.0,1.0,deterministic,20.0,0.1,0.95,False,6277.484093562405,627748.4093562405,1008444.9084857296,62.24915253911698,380696.4991294892,0.36,0.47,0.3289989233521626,0.0171653611712546,0.0248807500000225,state_thompson,context_noise_refinement
state_thompson,20262540,100,50,2,0.0,0.45,0.2,dense,1.0,1.0,deterministic,20.0,0.1,0.95,False,3294.0132321273386,329401.32321273384,879683.636764774,37.44543031676457,550282.3135520401,0.19,0.41,0.3312775800630567,0.0172191535399281,0.0250322079999705,state_thompson,context_noise_refinement
state_thompson,20262541,100,50,2,0.0,0.45,0.2,dense,1.0,1.0,deterministic,20.0,0.1,0.95,False,4788.120869879008,478812.0869879008,795354.6233813564,60.201081745434216,316542.5363934556,0.33,0.59,0.33310757052498663,0.017401357522417914,0.025233250000042062,state_thompson,context_noise_refinement
state_thompson,20262542,100,50,2,0.0,0.45,0.2,dense,1.0,1.0,deterministic,20.0,0.1,0.95,False,4780.254675677482,478025.46756774816,1039524.7811486209,45.98499970722726,561499.3135808727,0.23,0.48,0.331614241720219,0.017322033050090307,0.025153457999977036,state_thompson,context_noise_refinement
state_thompson,20262543,100,50,2,0.0,0.45,0.2,dense,1.0,1.0,deterministic,20.0,0.1,0.95,False,5771.102537855681,577110.253785568,1066050.4277778761,54.135361587774305,488940.1739923081,0.32,0.49,0.3304869059352418,0.01724619803592652,0.02526816600004622,state_thompson,context_noise_refinement
state_thompson,20262544,100,50,2,0.0,0.45,0.2,dense,1.0,1.0,deterministic,20.0,0.1,0.95,False,6802.057348042141,680205.7348042141,1016959.2752088937,66.88623147318195,336753.5404046796,0.47,0.67,0.33329244212877057,0.01732240854867671,0.02790716699996665,state_thompson,context_noise_refinement
state_thompson,20262545,100,50,2,0.0,0.45,0.2,dense,1.0,1.0,deterministic,20.0,0.1,0.95,False,4438.761100549302,443876.1100549302,999233.8488772232,44.42164469845434,555357.738822293,0.26,0.43,0.33026633900233193,0.017156622497962407,0.02700049999998555,state_thompson,context_noise_refinement
state_thompson,20262546,100,50,2,0.0,0.45,0.2,dense,1.0,1.0,deterministic,20.0,0.1,0.95,False,3027.236230965855,302723.6230965855,742865.6031919057,40.750792848108546,440141.98009532015,0.22,0.5,0.3343530680515009,0.01741152842642313,0.02577529199993478,state_thompson,context_noise_refinement
state_thompson,20262547,100,50,2,0.0,0.45,0.2,dense,1.0,1.0,deterministic,20.0,0.1,0.95,False,6633.015669482379,663301.566948238,1364873.6377349617,48.59802025695226,701572.0707867238,0.23,0.42,0.3308090268152452,0.017219274787802327,0.025106750000077227,state_thompson,context_noise_refinement
tm_tw,20261565,100,50,2,0.0,0.45,0.2,dense,1.0,1.0,deterministic,20.0,0.1,0.95,False,4636.737365122299,463673.7365122298,965352.3776604026,48.03155275133572,501678.6411481727,0.35,0.6,0.334186055574454,0.0174402756729619,1.00746566600003,tm_tw_dense,context_noise_refinement
tm_tw,20261566,100,50,2,0.0,0.45,0.2,dense,1.0,1.0,deterministic,20.0,0.1,0.95,False,6332.877596629529,633287.7596629529,1091408.4844087292,58.02481552138901,458120.7247457764,0.34,0.6,0.3344883678910966,0.0174006442448256,1.0069856249999702,tm_tw_dense,context_noise_refinement
tm_tw,20261567,100,50,2,0.0,0.45,0.2,dense,1.0,1.0,deterministic,20.0,0.1,0.95,False,2690.1358323414643,269013.5832341464,983633.2118474456,27.3489731735358,714619.628613299,0.14,0.38,0.3335248824569971,0.0173858863466747,1.009630125000001,tm_tw_dense,context_noise_refinement
tm_tw,20261568,100,50,2,0.0,0.45,0.2,dense,1.0,1.0,deterministic,20.0,0.1,0.95,False,3665.3200578936485,366532.00578936486,846084.7564341575,43.32095608649445,479552.7506447926,0.28,0.48,0.32932015267526454,0.017198075714598558,1.1039812080000502,tm_tw_dense,context_noise_refinement
tm_tw,20261569,100,50,2,0.0,0.45,0.2,dense,1.0,1.0,deterministic,20.0,0.1,0.95,False,4480.282181354229,448028.2181354229,909987.4190965699,49.234550800737736,461959.20096114697,0.31,0.52,0.3322436646846197,0.017214982577756985,1.0797645000000102,tm_tw_dense,context_noise_refinement
tm_tw,20261570,100,50,2,0.0,0.45,0.2,dense,1.0,1.0,deterministic,20.0,0.1,0.95,False,2995.516206286993,299551.6206286993,936147.7739918071,31.998326434232478,636596.1533631078,0.21,0.49,0.33208180312446567,0.017317590264016407,1.0155957089999674,tm_tw_dense,context_noise_refinement
tm_tw,20261571,100,50,2,0.0,0.45,0.2,dense,1.0,1.0,deterministic,20.0,0.1,0.95,False,5770.772906013452,577077.2906013451,920997.3387266451,62.657867328824445,343920.0481253,0.47,0.7,0.32832931987611563,0.017083429538346972,1.0083546249999245,tm_tw_dense,context_noise_refinement
tm_tw,20261572,100,50,2,0.0,0.45,0.2,dense,1.0,1.0,deterministic,20.0,0.1,0.95,False,3527.528279028677,352752.8279028677,1176282.1964368566,29.98879256792387,823529.368533989,0.18,0.43,0.33085160580292466,0.01722591625264747,1.0169949580000548,tm_tw_dense,context_noise_refinement
tm_tw,20261573,100,50,2,0.0,0.45,0.2,dense,1.0,1.0,deterministic,20.0,0.1,0.95,False,5750.142585802702,575014.2585802702,876301.8452663079,65.6182868593097,301287.5866860377,0.42,0.59,0.33424529622789084,0.01737574739297825,0.9940334580001036,tm_tw_dense,context_noise_refinement
tm_tw,20261574,100,50,2,0.0,0.45,0.2,dense,1.0,1.0,deterministic,20.0,0.1,0.95,False,6993.499827836678,699349.9827836679,1158173.242618284,60.383883606449615,458823.2598346161,0.37,0.54,0.33274095531875036,0.017325637387940067,0.9918946249999863,tm_tw_dense,context_noise_refinement
tm_tw,20262389,100,50,2,0.0,0.45,0.2,gated_offline,1.0,1.0,deterministic,20.0,0.1,0.95,False,6510.271528507044,651027.1528507044,1022136.4943142869,63.692780413584025,371109.3414635824,0.44,0.62,0.2597142856334201,0.0135741159786213,0.9677830839999616,tm_tw_gated_offline,context_noise_refinement
tm_tw,20262390,100,50,2,0.0,0.45,0.2,gated_offline,1.0,1.0,deterministic,20.0,0.1,0.95,False,4669.539753756847,466953.9753756847,1038177.1280035224,44.97825686775296,571223.1526278376,0.37,0.56,0.2589580179804388,0.0135027194608987,0.9659065000000168,tm_tw_gated_offline,context_noise_refinement
tm_tw,20262391,100,50,2,0.0,0.45,0.2,gated_offline,1.0,1.0,deterministic,20.0,0.1,0.95,False,4758.01790737587,475801.79073758697,999017.1084251588,47.62699124218568,523215.3176875719,0.36,0.6,0.2595030426648322,0.013553510209592,0.9725107920000368,tm_tw_gated_offline,context_noise_refinement
tm_tw,20262392,100,50,2,0.0,0.45,0.2,gated_offline,1.0,1.0,deterministic,20.0,0.1,0.95,False,5071.9692414727815,507196.9241472781,858525.8567975456,59.077652714993704,351328.93265026744,0.4,0.54,0.2615890149072663,0.013649941485699216,0.9732958750000762,tm_tw_gated_offline,context_noise_refinement
tm_tw,20262393,100,50,2,0.0,0.45,0.2,gated_offline,1.0,1.0,deterministic,20.0,0.1,0.95,False,4588.566624773221,458856.66247732204,916380.7777318347,50.07270706976786,457524.11525451264,0.4,0.57,0.2590057442747814,0.01350567194025834,1.0327620420000585,tm_tw_gated_offline,context_noise_refinement
tm_tw,20262394,100,50,2,0.0,0.45,0.2,gated_offline,1.0,1.0,deterministic,20.0,0.1,0.95,False,5455.438217403455,545543.8217403456,922724.0840423821,59.12318006812619,377180.2623020365,0.35,0.57,0.26022277469876837,0.013589048387473981,1.1728394169999774,tm_tw_gated_offline,context_noise_refinement
tm_tw,20262395,100,50,2,0.0,0.45,0.2,gated_offline,1.0,1.0,deterministic,20.0,0.1,0.95,False,4749.325022494818,474932.5022494818,959148.4627969177,49.51605728111772,484215.96054743585,0.42,0.67,0.2604070591172471,0.013589689338585358,1.0689564580000024,tm_tw_gated_offline,context_noise_refinement
tm_tw,20262396,100,50,2,0.0,0.45,0.2,gated_offline,1.0,1.0,deterministic,20.0,0.1,0.95,False,6688.377866911027,668837.7866911027,1125763.5146196205,59.41192603999904,456925.72792851785,0.47,0.61,0.25942603110837437,0.013508683685640113,1.0119124589999728,tm_tw_gated_offline,context_noise_refinement
tm_tw,20262397,100,50,2,0.0,0.45,0.2,gated_offline,1.0,1.0,deterministic,20.0,0.1,0.95,False,5482.735668357916,548273.5668357917,773031.134647816,70.92515970725795,224757.56781202427,0.48,0.73,0.2580647334587538,0.01347555762696575,1.127465333000032,tm_tw_gated_offline,context_noise_refinement
tm_tw,20262398,100,50,2,0.0,0.45,0.2,gated_offline,1.0,1.0,deterministic,20.0,0.1,0.95,False,6442.025612522645,644202.5612522645,1155813.2746716533,55.73586801339268,511610.71341938875,0.43,0.54,0.25695223266511497,0.013409295436549694,1.0536496250000482,tm_tw_gated_offline,context_noise_refinement
tm_tw,20263345,100,50,2,0.0,0.45,0.2,gated_offline_low_rank,1.0,1.0,deterministic,20.0,0.1,0.95,False,5066.187060302624,506618.7060302624,919937.8209256368,55.07097267949102,413319.1148953743,0.31,0.51,0.2580733267922719,0.0134731439526819,2.4275508750000085,tm_tw_gated_offline_low_rank,context_noise_refinement
tm_tw,20263346,100,50,2,0.0,0.45,0.2,gated_offline_low_rank,1.0,1.0,deterministic,20.0,0.1,0.95,False,4436.738557920577,443673.8557920576,1058412.1930640584,41.91881562774146,614738.3372720007,0.25,0.57,0.2571209551539404,0.0134490353409307,2.4318867089999685,tm_tw_gated_offline_low_rank,context_noise_refinement
tm_tw,20263347,100,50,2,0.0,0.45,0.2,gated_offline_low_rank,1.0,1.0,deterministic,20.0,0.1,0.95,False,4718.735394667039,471873.5394667039,1015600.7209486776,46.46250536588085,543727.1814819739,0.3,0.58,0.2616801565040484,0.0136596458253035,2.4179229999999734,tm_tw_gated_offline_low_rank,context_noise_refinement
tm_tw,20263348,100,50,2,0.0,0.45,0.2,gated_offline_low_rank,1.0,1.0,deterministic,20.0,0.1,0.95,False,5577.081938523083,557708.1938523083,913656.7574357864,61.041325346023626,355948.5635834781,0.42,0.66,0.25932278029790695,0.013534034071356737,2.817922666999948,tm_tw_gated_offline_low_rank,context_noise_refinement
tm_tw,20263349,100,50,2,0.0,0.45,0.2,gated_offline_low_rank,1.0,1.0,deterministic,20.0,0.1,0.95,False,5326.575652677666,532657.5652677666,904697.4147933484,58.87687491507164,372039.8495255818,0.27,0.58,0.26027054347334266,0.013536486721258345,3.0538031669999555,tm_tw_gated_offline_low_rank,context_noise_refinement
tm_tw,20263350,100,50,2,0.0,0.45,0.2,gated_offline_low_rank,1.0,1.0,deterministic,20.0,0.1,0.95,False,5169.424791738372,516942.4791738372,856912.6498925025,60.32615800906735,339970.1707186653,0.4,0.62,0.2612453187019831,0.013643352594107169,2.903154250000057,tm_tw_gated_offline_low_rank,context_noise_refinement
tm_tw,20263351,100,50,2,0.0,0.45,0.2,gated_offline_low_rank,1.0,1.0,deterministic,20.0,0.1,0.95,False,5137.780142245223,513778.01422452234,933036.3280445212,55.065167216083644,419258.3138199988,0.32,0.51,0.2589538431891387,0.013540973863480701,2.832566583000016,tm_tw_gated_offline_low_rank,context_noise_refinement
tm_tw,20263352,100,50,2,0.0,0.45,0.2,gated_offline_low_rank,1.0,1.0,deterministic,20.0,0.1,0.95,False,4238.085669545483,423808.56695454835,1035192.2551117692,40.94008285531367,611383.6881572208,0.26,0.42,0.258536697913699,0.013470623277305025,2.6767364169999155,tm_tw_gated_offline_low_rank,context_noise_refinement
tm_tw,20263353,100,50,2,0.0,0.45,0.2,gated_offline_low_rank,1.0,1.0,deterministic,20.0,0.1,0.95,False,4941.167724919602,494116.7724919602,730519.1721747639,67.63912451756318,236402.39968280366,0.43,0.6,0.2594372423624478,0.013562979339353784,2.6605046659999516,tm_tw_gated_offline_low_rank,context_noise_refinement
tm_tw,20263354,100,50,2,0.0,0.45,0.2,gated_offline_low_rank,1.0,1.0,deterministic,20.0,0.1,0.95,False,7201.885669925417,720188.5669925417,1293027.6287513452,55.69784828867234,572839.0617588036,0.39,0.57,0.25961637648122754,0.013558994330349832,2.6009343750000653,tm_tw_gated_offline_low_rank,context_noise_refinement
tm_tw_refined,20262393,100,50,2,0.0,0.45,0.2,dense,1.0,1.0,deterministic,20.0,0.1,0.95,False,7344.088912962132,734408.8912962131,925529.2236812508,79.35015691618409,191120.3323850378,0.57,0.8,0.3305331993941699,0.0172272579567143,1.011846708000007,tm_tw_refined_dense,context_noise_refinement
tm_tw_refined,20262394,100,50,2,0.0,0.45,0.2,dense,1.0,1.0,deterministic,20.0,0.1,0.95,False,7692.651964525094,769265.1964525094,1030803.491463452,74.62772515063646,261538.29501094265,0.45,0.69,0.3326738718493859,0.01733630213641,1.0029943750000143,tm_tw_refined_dense,context_noise_refinement
tm_tw_refined,20262395,100,50,2,0.0,0.45,0.2,dense,1.0,1.0,deterministic,20.0,0.1,0.95,False,7267.92759644991,726792.759644991,1104037.3886194404,65.830448057001,377244.62897444936,0.42,0.66,0.3361569311512011,0.0175297887639105,1.0090757080000117,tm_tw_refined_dense,context_noise_refinement
tm_tw_refined,20262396,100,50,2,0.0,0.45,0.2,dense,1.0,1.0,deterministic,20.0,0.1,0.95,False,6765.515322473959,676551.5322473958,838119.6606739305,80.72254643249651,161568.1284265347,0.57,0.79,0.3352689469189641,0.01747993331164676,1.2146088750000672,tm_tw_refined_dense,context_noise_refinement
tm_tw_refined,20262397,100,50,2,0.0,0.45,0.2,dense,1.0,1.0,deterministic,20.0,0.1,0.95,False,4107.677976770221,410767.79767702206,768082.3963675618,53.47965265440757,357314.5986905397,0.35,0.56,0.33327794582980164,0.0173876832711753,1.0550008750000188,tm_tw_refined_dense,context_noise_refinement
tm_tw_refined,20262398,100,50,2,0.0,0.45,0.2,dense,1.0,1.0,deterministic,20.0,0.1,0.95,False,8131.344141295182,813134.4141295182,1099285.8293090195,73.9693346761899,286151.4151795013,0.5,0.72,0.33499130807401,0.017370620212127267,1.1576215830000365,tm_tw_refined_dense,context_noise_refinement
tm_tw_refined,20262399,100,50,2,0.0,0.45,0.2,dense,1.0,1.0,deterministic,20.0,0.1,0.95,False,7297.835677473594,729783.5677473594,932757.1401615948,78.2393976229363,202973.57241423544,0.53,0.73,0.33212447163986675,0.017287484563426474,1.0469454159999714,tm_tw_refined_dense,context_noise_refinement
tm_tw_refined,20262400,100,50,2,0.0,0.45,0.2,dense,1.0,1.0,deterministic,20.0,0.1,0.95,False,7721.395072100861,772139.5072100861,1058600.493727348,72.93965115124512,286460.98651726195,0.41,0.72,0.33831099572458023,0.017600510492662258,1.0316297919999897,tm_tw_refined_dense,context_noise_refinement
tm_tw_refined,20262401,100,50,2,0.0,0.45,0.2,dense,1.0,1.0,deterministic,20.0,0.1,0.95,False,6103.147002646023,610314.7002646023,803414.6764309113,75.96509227039066,193099.97616630897,0.48,0.76,0.33256049821520917,0.017288078557706008,1.0807672910000292,tm_tw_refined_dense,context_noise_refinement
tm_tw_refined,20262402,100,50,2,0.0,0.45,0.2,dense,1.0,1.0,deterministic,20.0,0.1,0.95,False,8891.050873086258,889105.0873086258,1262106.5310962056,70.44612046626457,373001.4437875798,0.49,0.71,0.3292157799710278,0.017178793469534936,1.1016483329999573,tm_tw_refined_dense,context_noise_refinement
tm_tw_refined,20263217,100,50,2,0.0,0.45,0.2,gated_offline,1.0,1.0,deterministic,20.0,0.1,0.95,False,5792.01195141608,579201.195141608,872477.9255906605,66.38577070583115,293276.7304490525,0.45,0.71,0.2601821301354629,0.0135546224536005,0.966372041999989,tm_tw_refined_gated_offline,context_noise_refinement
tm_tw_refined,20263218,100,50,2,0.0,0.45,0.2,gated_offline,1.0,1.0,deterministic,20.0,0.1,0.95,False,8646.284657074739,864628.4657074738,1085266.292575365,79.6697061009504,220637.82686789116,0.5,0.72,0.2606606529168536,0.0135985045921827,0.9628924170000346,tm_tw_refined_gated_offline,context_noise_refinement
tm_tw_refined,20263219,100,50,2,0.0,0.45,0.2,gated_offline,1.0,1.0,deterministic,20.0,0.1,0.95,False,5237.418908990889,523741.8908990889,956822.5101654044,54.73762221674222,433080.6192663154,0.33,0.65,0.2590186012374762,0.0135367151443472,0.969391666999968,tm_tw_refined_gated_offline,context_noise_refinement
tm_tw_refined,20263220,100,50,2,0.0,0.45,0.2,gated_offline,1.0,1.0,deterministic,20.0,0.1,0.95,False,7238.5761451756625,723857.6145175663,794210.1520231708,91.141823442273,70352.53750560456,0.57,0.8,0.2587989279454193,0.013518328121397997,1.1238792079999484,tm_tw_refined_gated_offline,context_noise_refinement
tm_tw_refined,20263221,100,50,2,0.0,0.45,0.2,gated_offline,1.0,1.0,deterministic,20.0,0.1,0.95,False,6560.0342279667675,656003.4227966768,968201.9981023048,67.7548098519169,312198.575305628,0.4,0.63,0.2582509898618305,0.013467639076819245,1.146596499999987,tm_tw_refined_gated_offline,context_noise_refinement
tm_tw_refined,20263222,100,50,2,0.0,0.45,0.2,gated_offline,1.0,1.0,deterministic,20.0,0.1,0.95,False,7252.447566260601,725244.7566260601,1062108.247147222,68.28350674933905,336863.49052116193,0.45,0.69,0.26048938225105694,0.013574176714676608,1.1788358750000043,tm_tw_refined_gated_offline,context_noise_refinement
tm_tw_refined,20263223,100,50,2,0.0,0.45,0.2,gated_offline,1.0,1.0,deterministic,20.0,0.1,0.95,False,7095.079408677053,709507.9408677053,917264.6127578586,77.3504102305321,207756.67189015332,0.49,0.71,0.2606143800337057,0.01362357435193259,1.1737041669999826,tm_tw_refined_gated_offline,context_noise_refinement
tm_tw_refined,20263224,100,50,2,0.0,0.45,0.2,gated_offline,1.0,1.0,deterministic,20.0,0.1,0.95,False,6719.377251210667,671937.7251210667,1073717.1284047235,62.580516538783264,401779.4032836568,0.41,0.74,0.2602572258244916,0.013594277815895367,1.1334374160001062,tm_tw_refined_gated_offline,context_noise_refinement
tm_tw_refined,20263225,100,50,2,0.0,0.45,0.2,gated_offline,1.0,1.0,deterministic,20.0,0.1,0.95,False,5917.01469896389,591701.4698963889,769261.8992744661,76.91807828445107,177560.42937807715,0.51,0.74,0.2596414218894263,0.013578590906509239,1.1308960410000282,tm_tw_refined_gated_offline,context_noise_refinement
tm_tw_refined,20263226,100,50,2,0.0,0.45,0.2,gated_offline,1.0,1.0,deterministic,20.0,0.1,0.95,False,10022.574766798283,1002257.4766798284,1436626.6860132215,69.76464285660668,434369.20933339314,0.5,0.75,0.2609128056522201,0.013586160158277604,1.160387667000009,tm_tw_refined_gated_offline,context_noise_refinement
tm_tw_refined,20263217,100,50,2,0.0,0.45,0.2,gated_offline,0.5,0.5,beta,20.0,0.1,0.95,False,6626.128991135746,662612.8991135746,940283.374320846,70.46949007177449,277670.4752072713,0.5,0.74,0.2608576547998427,0.0136165257105438,1.0398391659999788,tm_tw_refined_gated_offline_best_beta,context_noise_refinement
tm_tw_refined,20263218,100,50,2,0.0,0.45,0.2,gated_offline,0.5,0.5,beta,20.0,0.1,0.95,False,8515.5088048928,851550.8804892799,986130.3417154514,86.3527714812973,134579.46122617158,0.54,0.71,0.2609830392606481,0.0136137199687283,1.0280629169999995,tm_tw_refined_gated_offline_best_beta,context_noise_refinement
tm_tw_refined,20263219,100,50,2,0.0,0.45,0.2,gated_offline,0.5,0.5,beta,20.0,0.1,0.95,False,6513.798539114995,651379.8539114995,969212.594484732,67.20711819245356,317832.74057323264,0.38,0.63,0.2590395049526345,0.0135509827383496,1.042058790999988,tm_tw_refined_gated_offline_best_beta,context_noise_refinement
tm_tw_refined,20263220,100,50,2,0.0,0.45,0.2,gated_offline,0.5,0.5,beta,20.0,0.1,0.95,False,7059.388508864222,705938.8508864222,865957.1753189765,81.52121964072747,160018.3244325543,0.59,0.78,0.26341604010771486,0.01376621309465342,1.1317967090000138,tm_tw_refined_gated_offline_best_beta,context_noise_refinement
tm_tw_refined,20263221,100,50,2,0.0,0.45,0.2,gated_offline,0.5,0.5,beta,20.0,0.1,0.95,False,5940.578843797171,594057.8843797172,983706.4534758342,60.389751666329886,389648.56909611705,0.42,0.64,0.2594888128737802,0.013556570112223658,1.0165328750000526,tm_tw_refined_gated_offline_best_beta,context_noise_refinement
tm_tw_refined,20263222,100,50,2,0.0,0.45,0.2,gated_offline,0.5,0.5,beta,20.0,0.1,0.95,False,6552.233635832646,655223.3635832645,1014698.8675049876,64.57318368693693,359475.5039217231,0.43,0.63,0.2588529283080423,0.013512733676786506,1.0094375000001037,tm_tw_refined_gated_offline_best_beta,context_noise_refinement
tm_tw_refined,20263223,100,50,2,0.0,0.45,0.2,gated_offline,0.5,0.5,beta,20.0,0.1,0.95,False,7577.691045935382,757769.1045935382,954750.8125171749,79.36825972378074,196981.70792363666,0.49,0.7,0.26021911675717174,0.01355886394844193,1.0106285410000737,tm_tw_refined_gated_offline_best_beta,context_noise_refinement
tm_tw_refined,20263224,100,50,2,0.0,0.45,0.2,gated_offline,0.5,0.5,beta,20.0,0.1,0.95,False,7750.064927725698,775006.4927725698,1143930.9706655953,67.74941081642653,368924.4778930255,0.5,0.73,0.2606519917983546,0.01360337938880035,1.0147879169999214,tm_tw_refined_gated_offline_best_beta,context_noise_refinement
tm_tw_refined,20263225,100,50,2,0.0,0.45,0.2,gated_offline,0.5,0.5,beta,20.0,0.1,0.95,False,5805.631255146462,580563.1255146462,749914.1213081788,77.41728139508692,169350.99579353258,0.55,0.78,0.26133412597214667,0.013642156943947091,1.0045091659999343,tm_tw_refined_gated_offline_best_beta,context_noise_refinement
tm_tw_refined,20263226,100,50,2,0.0,0.45,0.2,gated_offline,0.5,0.5,beta,20.0,0.1,0.95,False,11054.519628417627,1105451.9628417627,1416234.5572474708,78.05571168876637,310782.59440570814,0.49,0.71,0.2566013336591434,0.01338013893482742,1.0958348750000368,tm_tw_refined_gated_offline_best_beta,context_noise_refinement
tm_tw_refined,20264173,100,50,2,0.0,0.45,0.2,gated_offline_low_rank,1.0,1.0,deterministic,20.0,0.1,0.95,False,6497.603454506986,649760.3454506986,914760.7382489084,71.03063328827493,265000.3927982099,0.44,0.72,0.2606151450953188,0.0135684295536779,2.428862332999984,tm_tw_refined_gated_offline_low_rank,context_noise_refinement
tm_tw_refined,20264174,100,50,2,0.0,0.45,0.2,gated_offline_low_rank,1.0,1.0,deterministic,20.0,0.1,0.95,False,8159.43242376141,815943.242376141,1067865.9298548573,76.40877188459817,251922.68747871625,0.49,0.72,0.260877379190681,0.0136092087714198,2.4292235419999884,tm_tw_refined_gated_offline_low_rank,context_noise_refinement
tm_tw_refined,20264175,100,50,2,0.0,0.45,0.2,gated_offline_low_rank,1.0,1.0,deterministic,20.0,0.1,0.95,False,7023.550168602698,702355.0168602698,1074023.6532709885,65.39474384211329,371668.6364107184,0.37,0.54,0.2583835547056077,0.013469045196834,2.420600250000007,tm_tw_refined_gated_offline_low_rank,context_noise_refinement
tm_tw_refined,20264176,100,50,2,0.0,0.45,0.2,gated_offline_low_rank,1.0,1.0,deterministic,20.0,0.1,0.95,False,7291.188544825951,729118.8544825951,826331.9706145931,88.23558574652574,97213.11613199802,0.57,0.8,0.25854899901809036,0.013493230300418258,2.7458428329999833,tm_tw_refined_gated_offline_low_rank,context_noise_refinement
tm_tw_refined,20264177,100,50,2,0.0,0.45,0.2,gated_offline_low_rank,1.0,1.0,deterministic,20.0,0.1,0.95,False,5226.591395740791,522659.1395740791,953370.0383914679,54.82227451325332,430710.8988173888,0.32,0.56,0.2601161877284959,0.013565087817769354,2.6656316249999463,tm_tw_refined_gated_offline_low_rank,context_noise_refinement
tm_tw_refined,20264178,100,50,2,0.0,0.45,0.2,gated_offline_low_rank,1.0,1.0,deterministic,20.0,0.1,0.95,False,7274.459061054963,727445.9061054963,1035652.6614983671,70.24033569836418,308206.75539287075,0.5,0.73,0.26001029040177126,0.01356963314323133,2.5713702080000758,tm_tw_refined_gated_offline_low_rank,context_noise_refinement
tm_tw_refined,20264179,100,50,2,0.0,0.45,0.2,gated_offline_low_rank,1.0,1.0,deterministic,20.0,0.1,0.95,False,8563.660663147797,856366.0663147797,954967.9902782487,89.67484512912947,98601.92396346899,0.66,0.84,0.2588836557898486,0.013505824120569433,2.7442696250000154,tm_tw_refined_gated_offline_low_rank,context_noise_refinement
tm_tw_refined,20264180,100,50,2,0.0,0.45,0.2,gated_offline_low_rank,1.0,1.0,deterministic,20.0,0.1,0.95,False,7756.286526612125,775628.6526612125,1079549.3469248365,71.84744772164784,303920.694263624,0.54,0.79,0.260209031312253,0.01355202350048277,2.5671669590000192,tm_tw_refined_gated_offline_low_rank,context_noise_refinement
tm_tw_refined,20264181,100,50,2,0.0,0.45,0.2,gated_offline_low_rank,1.0,1.0,deterministic,20.0,0.1,0.95,False,6335.673082564995,633567.3082564995,741417.5544881024,85.45350786763255,107850.24623160297,0.54,0.83,0.26171014768731565,0.013640429550336935,2.6149313330000723,tm_tw_refined_gated_offline_low_rank,context_noise_refinement
tm_tw_refined,20264182,100,50,2,0.0,0.45,0.2,gated_offline_low_rank,1.0,1.0,deterministic,20.0,0.1,0.95,False,10408.725318149112,1040872.5318149112,1332813.3466302415,78.09589650693057,291940.8148153303,0.56,0.73,0.2610809962797547,0.013663371270208773,2.4466007080000054,tm_tw_refined_gated_offline_low_rank,context_noise_refinement
tm_tw_refined,20264173,100,50,2,0.0,0.45,0.2,gated_offline_low_rank,1.0,0.5,beta,20.0,0.1,0.95,False,8173.342820003284,817334.2820003284,998278.2963716476,81.87439163718373,180944.0143713191,0.58,0.83,0.2603360133923051,0.0135908866136786,2.5864537090000117,tm_tw_refined_gated_offline_low_rank_best_beta,context_noise_refinement
tm_tw_refined,20264174,100,50,2,0.0,0.45,0.2,gated_offline_low_rank,1.0,0.5,beta,20.0,0.1,0.95,False,8923.742416476549,892374.2416476549,1009447.1535704518,88.40227430344366,117072.91192279686,0.58,0.78,0.2584419139314688,0.0134739494275223,2.564832832999969,tm_tw_refined_gated_offline_low_rank_best_beta,context_noise_refinement
tm_tw_refined,20264175,100,50,2,0.0,0.45,0.2,gated_offline_low_rank,1.0,0.5,beta,20.0,0.1,0.95,False,7604.1300329789265,760413.0032978926,1035695.731697078,73.42050179659324,275282.72839918535,0.37,0.63,0.2605331333593468,0.0136235400066151,2.563163083000063,tm_tw_refined_gated_offline_low_rank_best_beta,context_noise_refinement
tm_tw_refined,20264176,100,50,2,0.0,0.45,0.2,gated_offline_low_rank,1.0,0.5,beta,20.0,0.1,0.95,False,7368.508018407521,736850.8018407521,824284.1708008769,89.39281232646087,87433.36896012479,0.64,0.87,0.25910615106414747,0.013557559728444801,2.415673125000012,tm_tw_refined_gated_offline_low_rank_best_beta,context_noise_refinement
tm_tw_refined,20264177,100,50,2,0.0,0.45,0.2,gated_offline_low_rank,1.0,0.5,beta,20.0,0.1,0.95,False,4248.896579635806,424889.6579635806,858500.461805654,49.49207098502021,433610.80384207336,0.27,0.66,0.2611075856941091,0.013657092976248938,2.5413312919999953,tm_tw_refined_gated_offline_low_rank_best_beta,context_noise_refinement
tm_tw_refined,20264178,100,50,2,0.0,0.45,0.2,gated_offline_low_rank,1.0,0.5,beta,20.0,0.1,0.95,False,7134.738696404391,713473.869640439,955206.6574690726,74.69314247985542,241732.78782863356,0.48,0.67,0.26090356082222577,0.013604991630834607,2.503134374999945,tm_tw_refined_gated_offline_low_rank_best_beta,context_noise_refinement
tm_tw_refined,20264179,100,50,2,0.0,0.45,0.2,gated_offline_low_rank,1.0,0.5,beta,20.0,0.1,0.95,False,8814.315872834093,881431.5872834093,1005403.8239407613,87.66940867884979,123972.23665735195,0.59,0.81,0.25646460837968255,0.013339428611216652,2.5049075829999765,tm_tw_refined_gated_offline_low_rank_best_beta,context_noise_refinement
tm_tw_refined,20264180,100,50,2,0.0,0.45,0.2,gated_offline_low_rank,1.0,0.5,beta,20.0,0.1,0.95,False,7271.867954565773,727186.7954565773,1017668.408422611,71.45616287565801,290481.61296603363,0.45,0.81,0.25972545652387546,0.013559336146442016,2.37104475000001,tm_tw_refined_gated_offline_low_rank_best_beta,context_noise_refinement
tm_tw_refined,20264181,100,50,2,0.0,0.45,0.2,gated_offline_low_rank,1.0,0.5,beta,20.0,0.1,0.95,False,7057.86402862706,705786.402862706,758725.6020248978,93.02261594693695,52939.19916219183,0.65,0.8,0.2584726152260559,0.013489945358203614,2.4034648329998163,tm_tw_refined_gated_offline_low_rank_best_beta,context_noise_refinement
tm_tw_refined,20264182,100,50,2,0.0,0.45,0.2,gated_offline_low_rank,1.0,0.5,beta,20.0,0.1,0.95,False,9677.850662660223,967785.0662660223,1390223.9219598009,69.61361051115666,422438.8556937786,0.48,0.66,0.25816198075560803,0.013485960900462056,2.4857984999998735,tm_tw_refined_gated_offline_low_rank_best_beta,context_noise_refinement
tm_tw_refined,20265065,100,50,2,0.0,0.45,0.2,support_gated_offline_low_rank,0.5,0.5,beta,20.0,0.1,0.95,True,6329.339431635877,632933.9431635877,926021.9871275384,68.3497748392464,293088.0439639508,0.43,0.72,0.086674608080998,0.0017971810271127,2.5132668329999888,tm_tw_refined_support_gated_offline_low_rank_best_beta,context_noise_refinement
tm_tw_refined,20265066,100,50,2,0.0,0.45,0.2,support_gated_offline_low_rank,0.5,0.5,beta,20.0,0.1,0.95,True,7471.12560030953,747112.5600309529,930963.41280683,80.2515490676941,183850.85277587725,0.54,0.73,0.0893183183922993,0.0016415686306192,2.548294749999968,tm_tw_refined_support_gated_offline_low_rank_best_beta,context_noise_refinement
tm_tw_refined,20265067,100,50,2,0.0,0.45,0.2,support_gated_offline_low_rank,0.5,0.5,beta,20.0,0.1,0.95,True,6664.498807814644,666449.8807814644,1032662.6302357296,64.53703864826903,366212.7494542653,0.41,0.72,0.0847183459596345,0.0017811728764051,2.5008042499999874,tm_tw_refined_support_gated_offline_low_rank_best_beta,context_noise_refinement
tm_tw_refined,20265068,100,50,2,0.0,0.45,0.2,support_gated_offline_low_rank,0.5,0.5,beta,20.0,0.1,0.95,True,7335.837310158361,733583.7310158361,809136.3280219409,90.66256273639267,75552.59700610477,0.6,0.82,0.08970612501452022,0.0016945329486086392,2.6984312500001124,tm_tw_refined_support_gated_offline_low_rank_best_beta,context_noise_refinement
tm_tw_refined,20265069,100,50,2,0.0,0.45,0.2,support_gated_offline_low_rank,0.5,0.5,beta,20.0,0.1,0.95,True,5380.611781450372,538061.1781450373,878069.5136165576,61.27774279839103,340008.3354715203,0.32,0.66,0.08591112980876857,0.001626046108981648,2.507811042000185,tm_tw_refined_support_gated_offline_low_rank_best_beta,context_noise_refinement
tm_tw_refined,20265070,100,50,2,0.0,0.45,0.2,support_gated_offline_low_rank,0.5,0.5,beta,20.0,0.1,0.95,True,5912.7934651908545,591279.3465190855,905799.9957044086,65.27703127877236,314520.64918532316,0.4,0.62,0.08902824078121813,0.001684078849357985,2.7420001670000147,tm_tw_refined_support_gated_offline_low_rank_best_beta,context_noise_refinement
tm_tw_refined,20265071,100,50,2,0.0,0.45,0.2,support_gated_offline_low_rank,0.5,0.5,beta,20.0,0.1,0.95,True,6937.923409234371,693792.3409234372,920894.861126736,75.33893066517564,227102.5202032989,0.53,0.71,0.08874513808763067,0.0019149281715972347,2.5545258329998433,tm_tw_refined_support_gated_offline_low_rank_best_beta,context_noise_refinement
tm_tw_refined,20265072,100,50,2,0.0,0.45,0.2,support_gated_offline_low_rank,0.5,0.5,beta,20.0,0.1,0.95,True,8367.936564311362,836793.6564311361,1118770.9966420091,74.79579457661774,281977.34021087305,0.56,0.77,0.08557571905385364,0.0017094019215845926,2.676691333000008,tm_tw_refined_support_gated_offline_low_rank_best_beta,context_noise_refinement
tm_tw_refined,20265073,100,50,2,0.0,0.45,0.2,support_gated_offline_low_rank,0.5,0.5,beta,20.0,0.1,0.95,True,6272.692329978008,627269.2329978008,754159.165320757,83.17464824961881,126889.93232295616,0.58,0.78,0.08587188870515972,0.0015081220309983284,2.8032517919998554,tm_tw_refined_support_gated_offline_low_rank_best_beta,context_noise_refinement
tm_tw_refined,20265074,100,50,2,0.0,0.45,0.2,support_gated_offline_low_rank,0.5,0.5,beta,20.0,0.1,0.95,True,8476.946668745537,847694.6668745537,1112981.5199182609,76.16430746638181,265286.8530437072,0.49,0.71,0.08924276785847375,0.0018192859587470962,2.764178541000092,tm_tw_refined_support_gated_offline_low_rank_best_beta,context_noise_refinement
tm_tw_refined,20263497,100,50,2,0.0,0.45,0.2,support_offline,1.0,1.0,deterministic,20.0,0.1,0.95,True,6780.186116926683,678018.6116926683,976229.588091302,69.45278241548817,298210.9763986337,0.41,0.69,0.0863053789945153,0.0017170373416932,0.941245916000014,tm_tw_refined_support_offline,context_noise_refinement
tm_tw_refined,20263498,100,50,2,0.0,0.45,0.2,support_offline,1.0,1.0,deterministic,20.0,0.1,0.95,True,8425.811486042276,842581.1486042276,1034853.7432031416,81.42031220723229,192272.5945989139,0.53,0.74,0.0861541918900631,0.0017163416993609,0.9478399999999852,tm_tw_refined_support_offline,context_noise_refinement
tm_tw_refined,20263499,100,50,2,0.0,0.45,0.2,support_offline,1.0,1.0,deterministic,20.0,0.1,0.95,True,5707.386976495944,570738.6976495944,1092522.078616106,52.240472647705865,521783.3809665116,0.31,0.53,0.0870477966203299,0.0017158223293663,0.9378985839999814,tm_tw_refined_support_offline,context_noise_refinement
tm_tw_refined,20263500,100,50,2,0.0,0.45,0.2,support_offline,1.0,1.0,deterministic,20.0,0.1,0.95,True,6994.97603929973,699497.603929973,765747.3626303304,91.34835300342523,66249.7587003574,0.72,0.83,0.08436337905948244,0.001572996391533226,1.00955304099989,tm_tw_refined_support_offline,context_noise_refinement
tm_tw_refined,20263501,100,50,2,0.0,0.45,0.2,support_offline,1.0,1.0,deterministic,20.0,0.1,0.95,True,5581.834505806236,558183.4505806236,874240.6448560472,63.84780367567265,316057.19427542365,0.33,0.65,0.08720705058173908,0.001656534116930797,1.1249886250000145,tm_tw_refined_support_offline,context_noise_refinement
tm_tw_refined,20263502,100,50,2,0.0,0.45,0.2,support_offline,1.0,1.0,deterministic,20.0,0.1,0.95,True,7380.314078957725,738031.4078957725,1018846.1615761794,72.43796323028985,280814.75368040695,0.47,0.72,0.08866578868163541,0.0015986899296026942,0.973469833000081,tm_tw_refined_support_offline,context_noise_refinement
tm_tw_refined,20263503,100,50,2,0.0,0.45,0.2,support_offline,1.0,1.0,deterministic,20.0,0.1,0.95,True,7885.92602525361,788592.602525361,920761.1306138773,85.64573115717877,132168.52808851632,0.59,0.75,0.08738371039449214,0.0015894334365520865,0.9584026659999836,tm_tw_refined_support_offline,context_noise_refinement
tm_tw_refined,20263504,100,50,2,0.0,0.45,0.2,support_offline,1.0,1.0,deterministic,20.0,0.1,0.95,True,8715.415076548543,871541.5076548543,1099301.7158942425,79.28137426274156,227760.2082393882,0.49,0.71,0.08624106970600498,0.001643487163554415,0.9574346250001327,tm_tw_refined_support_offline,context_noise_refinement
tm_tw_refined,20263505,100,50,2,0.0,0.45,0.2,support_offline,1.0,1.0,deterministic,20.0,0.1,0.95,True,7953.083329335802,795308.3329335802,882680.7913008109,90.10146598540231,87372.45836723072,0.6,0.79,0.08631133871507786,0.0017269244281642498,0.9565689169999132,tm_tw_refined_support_offline,context_noise_refinement
tm_tw_refined,20263506,100,50,2,0.0,0.45,0.2,support_offline,1.0,1.0,deterministic,20.0,0.1,0.95,True,8405.106347371024,840510.6347371023,1186894.2832367874,70.81596453939774,346383.6484996851,0.41,0.71,0.08797967254731948,0.0017763292056269624,0.9563135829998828,tm_tw_refined_support_offline,context_noise_refinement
tm_tw,20262669,100,50,2,0.0,0.45,0.2,support_offline,1.0,1.0,deterministic,20.0,0.1,0.95,True,2605.403410353079,260540.3410353079,986549.7564552192,26.40924487898692,726009.4154199113,0.17,0.39,0.0842174438635092,0.0017205618713114,0.9464247910000269,tm_tw_support_offline,context_noise_refinement
tm_tw,20262670,100,50,2,0.0,0.45,0.2,support_offline,1.0,1.0,deterministic,20.0,0.1,0.95,True,6008.576525789253,600857.6525789252,1047893.88706149,57.33955126542953,447036.23448256473,0.37,0.6,0.0880491762631055,0.0017140237013728,0.9415784580000376,tm_tw_support_offline,context_noise_refinement
tm_tw,20262671,100,50,2,0.0,0.45,0.2,support_offline,1.0,1.0,deterministic,20.0,0.1,0.95,True,2180.7524647707723,218075.2464770772,976601.0098460328,22.330024675221065,758525.7633689556,0.13,0.33,0.0842589044386636,0.0015637280524042,0.9384939999999916,tm_tw_support_offline,context_noise_refinement
tm_tw,20262672,100,50,2,0.0,0.45,0.2,support_offline,1.0,1.0,deterministic,20.0,0.1,0.95,True,5550.499471613684,555049.9471613684,860297.4384155393,64.51837729328088,305247.4912541709,0.44,0.56,0.08646076714735654,0.0017487607391930803,0.9905725840001196,tm_tw_support_offline,context_noise_refinement
tm_tw,20262673,100,50,2,0.0,0.45,0.2,support_offline,1.0,1.0,deterministic,20.0,0.1,0.95,True,4984.569674892632,498456.9674892632,1019516.4991843835,48.89150571746807,521059.5316951203,0.3,0.57,0.0869969925489622,0.0016725476359686798,1.0629375829998935,tm_tw_support_offline,context_noise_refinement
tm_tw,20262674,100,50,2,0.0,0.45,0.2,support_offline,1.0,1.0,deterministic,20.0,0.1,0.95,True,5362.386522664792,536238.6522664792,907927.098412117,59.061862257918335,371688.4461456378,0.37,0.54,0.08606779937422632,0.0012765738894991217,0.9626376659998641,tm_tw_support_offline,context_noise_refinement
tm_tw,20262675,100,50,2,0.0,0.45,0.2,support_offline,1.0,1.0,deterministic,20.0,0.1,0.95,True,6314.206988990864,631420.6988990864,1020348.0798047103,61.8828722664855,388927.3809056239,0.42,0.61,0.08191427376045404,0.0017995234130564316,0.9808555839999826,tm_tw_support_offline,context_noise_refinement
tm_tw,20262676,100,50,2,0.0,0.45,0.2,support_offline,1.0,1.0,deterministic,20.0,0.1,0.95,True,4884.744218783892,488474.4218783892,1021129.2102591846,47.83669069210192,532654.7883807954,0.29,0.52,0.09025185360057976,0.001893889112780236,0.9623903750000409,tm_tw_support_offline,context_noise_refinement
tm_tw,20262677,100,50,2,0.0,0.45,0.2,support_offline,1.0,1.0,deterministic,20.0,0.1,0.95,True,5938.718610300756,593871.8610300756,854447.4537509292,69.50361411027023,260575.59272085363,0.45,0.61,0.0845728635672199,0.0016349297008461062,0.9533655840000392,tm_tw_support_offline,context_noise_refinement
tm_tw,20262678,100,50,2,0.0,0.45,0.2,support_offline,1.0,1.0,deterministic,20.0,0.1,0.95,True,5252.506797247063,525250.6797247063,1310021.00112124,40.09482895885998,784770.3213965336,0.27,0.44,0.08710179044546669,0.0017859482673756445,0.9546542079999654,tm_tw_support_offline,context_noise_refinement
tw,20261245,100,50,2,0.0,0.45,0.2,dense,1.0,1.0,deterministic,20.0,0.1,0.95,False,4750.783380818669,475078.3380818669,853889.1087254662,55.63700640133229,378810.7706435993,0.33,0.57,0.3303056728724198,0.0172075155135563,0.9965080000000056,tw_dense,context_noise_refinement
tw,20261246,100,50,2,0.0,0.45,0.2,dense,1.0,1.0,deterministic,20.0,0.1,0.95,False,4310.580886714394,431058.0886714394,1092085.0722509152,39.4711089478568,661026.9835794759,0.34,0.52,0.3314312620900129,0.0172592754753785,0.993348000000026,tw_dense,context_noise_refinement
tw,20261247,100,50,2,0.0,0.45,0.2,dense,1.0,1.0,deterministic,20.0,0.1,0.95,False,3958.70585128285,395870.585128285,1073737.9119395998,36.86845558178946,677867.3268113148,0.3,0.45,0.328315366840765,0.0171416090962935,0.9920771249999802,tw_dense,context_noise_refinement
tw,20261248,100,50,2,0.0,0.45,0.2,dense,1.0,1.0,deterministic,20.0,0.1,0.95,False,4422.597143400698,442259.7143400698,785532.2737344223,56.30064214135545,343272.5593943525,0.36,0.56,0.3334691677623655,0.017298027381778373,1.0086508749998302,tw_dense,context_noise_refinement
tw,20261249,100,50,2,0.0,0.45,0.2,dense,1.0,1.0,deterministic,20.0,0.1,0.95,False,6179.770846499578,617977.0846499577,987557.1338152665,62.576337458320374,369580.0491653088,0.38,0.53,0.3361404815325808,0.01748880125562596,1.0295528330000252,tw_dense,context_noise_refinement
tw,20261250,100,50,2,0.0,0.45,0.2,dense,1.0,1.0,deterministic,20.0,0.1,0.95,False,6293.617578104227,629361.7578104227,1006212.6276767636,62.54759088678415,376850.8698663409,0.39,0.55,0.3317516877723005,0.01730845045272968,1.0252948750000996,tw_dense,context_noise_refinement
tw,20261251,100,50,2,0.0,0.45,0.2,dense,1.0,1.0,deterministic,20.0,0.1,0.95,False,4589.775028265415,458977.50282654155,888970.4260086208,51.630233064928824,429992.9231820792,0.35,0.6,0.3320905478839404,0.01730641761708906,1.0015637080000488,tw_dense,context_noise_refinement
tw,20261252,100,50,2,0.0,0.45,0.2,dense,1.0,1.0,deterministic,20.0,0.1,0.95,False,4582.3247699032,458232.47699031996,1161767.6805816656,39.44269449472853,703535.2035913456,0.26,0.47,0.3278956196207039,0.01714621057842919,1.0217356660000405,tw_dense,context_noise_refinement
tw,20261253,100,50,2,0.0,0.45,0.2,dense,1.0,1.0,deterministic,20.0,0.1,0.95,False,3565.5156743369575,356551.5674336958,796884.7108784057,44.74318085996018,440333.14344470995,0.22,0.46,0.32953355278653307,0.01714313255209909,1.0333557500000552,tw_dense,context_noise_refinement
tw,20261254,100,50,2,0.0,0.45,0.2,dense,1.0,1.0,deterministic,20.0,0.1,0.95,False,5777.822551134396,577782.2551134396,1288013.390507792,44.8584043746356,710231.1353943523,0.36,0.5,0.32753357741469863,0.01707857819581668,1.0290038339999228,tw_dense,context_noise_refinement
tw,20262069,100,50,2,0.0,0.45,0.2,gated_offline,1.0,1.0,deterministic,20.0,0.1,0.95,False,5138.231900796237,513823.19007962366,926210.1587754702,55.47587501727927,412386.96869584656,0.33,0.54,0.2580050608501897,0.0134902872912302,0.9528093749999584,tw_gated_offline,context_noise_refinement
tw,20262070,100,50,2,0.0,0.45,0.2,gated_offline,1.0,1.0,deterministic,20.0,0.1,0.95,False,5124.676888689053,512467.6888689053,1057876.3524280528,48.4430612039566,545408.6635591475,0.35,0.57,0.2591165686893066,0.0135158199276342,0.9527064159999554,tw_gated_offline,context_noise_refinement
tw,20262071,100,50,2,0.0,0.45,0.2,gated_offline,1.0,1.0,deterministic,20.0,0.1,0.95,False,8267.885136211633,826788.5136211632,1138548.4926494623,72.61776893640979,311759.97902829933,0.51,0.73,0.2600465644283639,0.0135971469999632,0.958534541000006,tw_gated_offline,context_noise_refinement
tw,20262072,100,50,2,0.0,0.45,0.2,gated_offline,1.0,1.0,deterministic,20.0,0.1,0.95,False,4960.986601850116,496098.66018501157,861632.4249519286,57.576600626733544,365533.764766917,0.3,0.51,0.25824841138524884,0.013504410383110656,0.9643511249998937,tw_gated_offline,context_noise_refinement
tw,20262073,100,50,2,0.0,0.45,0.2,gated_offline,1.0,1.0,deterministic,20.0,0.1,0.95,False,5058.332103547976,505833.2103547976,1024934.026282349,49.352758068688665,519100.8159275514,0.37,0.59,0.25846213410871316,0.013505519091750408,0.9721903340000608,tw_gated_offline,context_noise_refinement
tw,20262074,100,50,2,0.0,0.45,0.2,gated_offline,1.0,1.0,deterministic,20.0,0.1,0.95,False,4657.635594724526,465763.55947245256,907517.5487044897,51.32281575572229,441753.98923203716,0.34,0.48,0.26243987315479145,0.013641860811257777,0.9709207500000048,tw_gated_offline,context_noise_refinement
tw,20262075,100,50,2,0.0,0.45,0.2,gated_offline,1.0,1.0,deterministic,20.0,0.1,0.95,False,7128.084596373063,712808.4596373063,1019827.1721698712,69.89502526400373,307018.7125325649,0.46,0.64,0.25971439149732256,0.013520450932635732,0.9986548340000354,tw_gated_offline,context_noise_refinement
tw,20262076,100,50,2,0.0,0.45,0.2,gated_offline,1.0,1.0,deterministic,20.0,0.1,0.95,False,4588.5776226291755,458857.7622629176,1164493.083750582,39.40407793449793,705635.3214876645,0.2,0.41,0.25956606887865713,0.013552116647121906,0.9952065410000159,tw_gated_offline,context_noise_refinement
tw,20262077,100,50,2,0.0,0.45,0.2,gated_offline,1.0,1.0,deterministic,20.0,0.1,0.95,False,3928.6261246405006,392862.61246405006,756112.8167388772,51.95820038581951,363250.20427482715,0.36,0.61,0.25834792728307837,0.013530407082218279,0.9816249579998839,tw_gated_offline,context_noise_refinement
tw,20262078,100,50,2,0.0,0.45,0.2,gated_offline,1.0,1.0,deterministic,20.0,0.1,0.95,False,7781.936316020873,778193.6316020873,1326087.9372102409,58.683410787916,547894.3056081536,0.35,0.51,0.2579266778652174,0.013444129690324174,0.9839222499999778,tw_gated_offline,context_noise_refinement
tw,20263025,100,50,2,0.0,0.45,0.2,gated_offline_low_rank,1.0,1.0,deterministic,20.0,0.1,0.95,False,4717.118993817847,471711.8993817847,900480.8856476721,52.38444334579132,428768.9862658874,0.44,0.68,0.2611134797887116,0.0136323931135633,2.41304954200001,tw_gated_offline_low_rank,context_noise_refinement
tw,20263026,100,50,2,0.0,0.45,0.2,gated_offline_low_rank,1.0,1.0,deterministic,20.0,0.1,0.95,False,5507.680840934901,550768.0840934901,987787.021712973,55.75777692830733,437018.93761948287,0.39,0.65,0.2608936673013933,0.0135990962683332,2.412064583000017,tw_gated_offline_low_rank,context_noise_refinement
tw,20263027,100,50,2,0.0,0.45,0.2,gated_offline_low_rank,1.0,1.0,deterministic,20.0,0.1,0.95,False,5769.751662841783,576975.1662841783,1081929.143840165,53.32836901280621,504953.9775559871,0.4,0.64,0.2620479264281471,0.0136735062331199,2.413372750000008,tw_gated_offline_low_rank,context_noise_refinement
tw,20263028,100,50,2,0.0,0.45,0.2,gated_offline_low_rank,1.0,1.0,deterministic,20.0,0.1,0.95,False,3918.116217109841,391811.6217109841,830402.0098926236,47.1833662543336,438590.38818163954,0.32,0.51,0.26047613526613045,0.013604782000781787,2.5446387499998764,tw_gated_offline_low_rank,context_noise_refinement
tw,20263029,100,50,2,0.0,0.45,0.2,gated_offline_low_rank,1.0,1.0,deterministic,20.0,0.1,0.95,False,2858.9624405431327,285896.2440543133,1017164.4273843735,28.107180742595588,731268.1833300602,0.17,0.41,0.2605932585835698,0.013586866090012795,2.4392875000000913,tw_gated_offline_low_rank,context_noise_refinement
tw,20263030,100,50,2,0.0,0.45,0.2,gated_offline_low_rank,1.0,1.0,deterministic,20.0,0.1,0.95,False,4381.207019796568,438120.70197965676,935701.6977757579,46.82268964789812,497580.9957961011,0.27,0.5,0.26227132981347373,0.013695836632555214,2.3680641669998295,tw_gated_offline_low_rank,context_noise_refinement
tw,20263031,100,50,2,0.0,0.45,0.2,gated_offline_low_rank,1.0,1.0,deterministic,20.0,0.1,0.95,False,3647.1046200030664,364710.46200030664,924085.0671385095,39.46719571279911,559374.6051382029,0.21,0.41,0.25765757501670444,0.013460853270656468,2.3618744590000915,tw_gated_offline_low_rank,context_noise_refinement
tw,20263032,100,50,2,0.0,0.45,0.2,gated_offline_low_rank,1.0,1.0,deterministic,20.0,0.1,0.95,False,4203.3310598144135,420333.1059814414,1024840.51096119,41.014489716767166,604507.4049797487,0.22,0.45,0.25795975988947917,0.013474319925963787,2.3768263330000536,tw_gated_offline_low_rank,context_noise_refinement
tw,20263033,100,50,2,0.0,0.45,0.2,gated_offline_low_rank,1.0,1.0,deterministic,20.0,0.1,0.95,False,3473.372121534346,347337.21215343464,798355.5735288827,43.506580735465825,451018.36137544806,0.27,0.45,0.2587465139947094,0.013509746319070667,2.630986249999978,tw_gated_offline_low_rank,context_noise_refinement
tw,20263034,100,50,2,0.0,0.45,0.2,gated_offline_low_rank,1.0,1.0,deterministic,20.0,0.1,0.95,False,5647.996061913309,564799.6061913309,1255850.670141089,44.973468551629495,691051.0639497581,0.27,0.52,0.2587478542435238,0.013509379129722212,2.5821352919999754,tw_gated_offline_low_rank,context_noise_refinement
tw,20262349,100,50,2,0.0,0.45,0.2,support_offline,1.0,1.0,deterministic,20.0,0.1,0.95,True,2443.582972427946,244358.29724279465,859323.1068013167,28.436137153622763,614964.8095585221,0.22,0.36,0.0823675563836766,0.001809498742753,0.942300541999998,tw_support_offline,context_noise_refinement
tw,20262350,100,50,2,0.0,0.45,0.2,support_offline,1.0,1.0,deterministic,20.0,0.1,0.95,True,6963.834969833926,696383.4969833926,1034201.8953199842,67.33535300357676,337818.39833659155,0.42,0.64,0.0833347848478962,0.0018602711755197,0.9427962089999936,tw_support_offline,context_noise_refinement
tw,20262351,100,50,2,0.0,0.45,0.2,support_offline,1.0,1.0,deterministic,20.0,0.1,0.95,True,6280.28031681914,628028.031681914,1005446.8081134844,62.46258147263707,377418.7764315703,0.4,0.54,0.0848764544129547,0.0017797500208415,0.9432914160000224,tw_support_offline,context_noise_refinement
tw,20262352,100,50,2,0.0,0.45,0.2,support_offline,1.0,1.0,deterministic,20.0,0.1,0.95,True,6490.593834998435,649059.3834998435,899794.560476509,72.13417506726398,250735.1769766655,0.52,0.68,0.08417859347783,0.0018037632881136019,0.9668910420000429,tw_support_offline,context_noise_refinement
tw,20262353,100,50,2,0.0,0.45,0.2,support_offline,1.0,1.0,deterministic,20.0,0.1,0.95,True,6036.564157351597,603656.4157351597,941458.6677914934,64.11926900107447,337802.2520563337,0.35,0.62,0.08609835613301589,0.0016971718819528444,0.9465849169998819,tw_support_offline,context_noise_refinement
tw,20262354,100,50,2,0.0,0.45,0.2,support_offline,1.0,1.0,deterministic,20.0,0.1,0.95,True,6267.742897437314,626774.2897437314,970923.5348076707,64.55444401889882,344149.24506393936,0.41,0.58,0.08774973228806551,0.0017564839206900208,0.9370312920000288,tw_support_offline,context_noise_refinement
tw,20262355,100,50,2,0.0,0.45,0.2,support_offline,1.0,1.0,deterministic,20.0,0.1,0.95,True,2724.242297377007,272424.2297377007,984485.6455694913,27.671732032224057,712061.4158317905,0.15,0.42,0.09144310767110313,0.001942391162156063,0.9506321250000838,tw_support_offline,context_noise_refinement
tw,20262356,100,50,2,0.0,0.45,0.2,support_offline,1.0,1.0,deterministic,20.0,0.1,0.95,True,5687.353339349149,568735.3339349149,1138859.7313754437,49.939015162827104,570124.3974405288,0.19,0.46,0.08656603038569693,0.001876245710590489,0.9421649999999318,tw_support_offline,context_noise_refinement
tw,20262357,100,50,2,0.0,0.45,0.2,support_offline,1.0,1.0,deterministic,20.0,0.1,0.95,True,5930.316672295784,593031.6672295784,834249.4344270688,71.08565409299321,241217.76719749044,0.43,0.61,0.08502397069340376,0.001572939834297155,0.9559347090000756,tw_support_offline,context_noise_refinement
tw,20262358,100,50,2,0.0,0.45,0.2,support_offline,1.0,1.0,deterministic,20.0,0.1,0.95,True,8052.968129566451,805296.8129566452,1354784.346254175,59.44095938096712,549487.5332975299,0.34,0.54,0.08780728861103711,0.0016562902871198322,0.9300964999999906,tw_support_offline,context_noise_refinement
exp4,20261395,100,50,2,0.0,0.45,0.3,dense,1.0,1.0,deterministic,20.0,0.1,0.95,False,5742.813768495114,574281.3768495114,920304.208347356,62.40125511115308,346022.83149784466,0.41,0.64,0.3448880171806965,0.018018286821288,1.010306833999948,exp4_dense,context_noise_refinement
exp4,20261396,100,50,2,0.0,0.45,0.3,dense,1.0,1.0,deterministic,20.0,0.1,0.95,False,8019.772336760115,801977.2336760114,1100101.9439611526,72.90026511436938,298124.71028514113,0.57,0.75,0.3474165038424204,0.0181773842970306,1.016853334000018,exp4_dense,context_noise_refinement
exp4,20261397,100,50,2,0.0,0.45,0.3,dense,1.0,1.0,deterministic,20.0,0.1,0.95,False,7235.118154085326,723511.8154085326,1058549.5531801537,68.34935721572204,335037.73777162086,0.42,0.66,0.342068586951159,0.0178644300988822,1.0135556669999914,exp4_dense,context_noise_refinement
exp4,20261398,100,50,2,0.0,0.45,0.3,dense,1.0,1.0,deterministic,20.0,0.1,0.95,False,7153.245610284278,715324.5610284278,868524.9649100673,82.36085201102966,153200.40388163948,0.52,0.74,0.34247614165492213,0.017888063652051426,1.0156890420000764,exp4_dense,context_noise_refinement
exp4,20261399,100,50,2,0.0,0.45,0.3,dense,1.0,1.0,deterministic,20.0,0.1,0.95,False,7280.725417622934,728072.5417622934,1077664.5078326676,67.5602227289222,349591.9660703741,0.43,0.66,0.34543340458362926,0.018056731387522437,1.0316329170000245,exp4_dense,context_noise_refinement
exp4,20261400,100,50,2,0.0,0.45,0.3,dense,1.0,1.0,deterministic,20.0,0.1,0.95,False,7741.177554811851,774117.7554811852,934739.1084455253,82.81645097406333,160621.35296434013,0.57,0.76,0.34673097841424044,0.01802844246768127,1.0536067080001885,exp4_dense,context_noise_refinement
exp4,20261401,100,50,2,0.0,0.45,0.3,dense,1.0,1.0,deterministic,20.0,0.1,0.95,False,4884.267729245871,488426.77292458713,878509.8603956302,55.59718734455955,390083.0874710431,0.31,0.57,0.346390766119888,0.018083806492488263,1.0710859580001397,exp4_dense,context_noise_refinement
exp4,20261402,100,50,2,0.0,0.45,0.3,dense,1.0,1.0,deterministic,20.0,0.1,0.95,False,8777.883159287925,877788.3159287926,1122515.460194279,78.19832751139747,244727.1442654864,0.58,0.76,0.34713035370065753,0.01815406537518292,1.1014975829998548,exp4_dense,context_noise_refinement
exp4,20261403,100,50,2,0.0,0.45,0.3,dense,1.0,1.0,deterministic,20.0,0.1,0.95,False,4648.620345938659,464862.03459386586,758061.7894539289,61.3224464101706,293199.7548600631,0.36,0.61,0.3458120981367369,0.018072662618430078,1.0466302080001242,exp4_dense,context_noise_refinement
exp4,20261404,100,50,2,0.0,0.45,0.3,dense,1.0,1.0,deterministic,20.0,0.1,0.95,False,10006.139745659879,1000613.9745659878,1431102.8879226574,69.91908010320954,430488.9133566696,0.5,0.63,0.34343082520607315,0.017936574148740014,1.070175208999899,exp4_dense,context_noise_refinement
global_ucb_tw,20262374,100,50,2,0.0,0.45,0.3,dense,1.0,1.0,deterministic,20.0,0.1,0.95,False,4414.996454257439,441499.6454257439,930000.780249347,47.47304032447922,488501.1348236031,0.33,0.5,0.3431677978438583,0.0179098222670864,1.0008050420000243,global_ucb_tw_dense,context_noise_refinement
global_ucb_tw,20262375,100,50,2,0.0,0.45,0.3,dense,1.0,1.0,deterministic,20.0,0.1,0.95,False,5871.799155604359,587179.9155604359,963884.83866513,60.91805701328519,376704.9231046941,0.36,0.54,0.3430049987126021,0.0179127840984292,1.0044513329999631,global_ucb_tw_dense,context_noise_refinement
global_ucb_tw,20262376,100,50,2,0.0,0.45,0.3,dense,1.0,1.0,deterministic,20.0,0.1,0.95,False,6270.589555481245,627058.9555481245,1155497.2374975735,54.26745605261054,528438.281949449,0.36,0.6,0.3442925353937408,0.017978448271662,1.0063317499999584,global_ucb_tw_dense,context_noise_refinement
global_ucb_tw,20262377,100,50,2,0.0,0.45,0.3,dense,1.0,1.0,deterministic,20.0,0.1,0.95,False,4075.039972280027,407503.9972280027,799205.5569745908,50.98863410942956,391701.55974658806,0.31,0.51,0.3443061608976812,0.017980652161295255,1.0501955409999937,global_ucb_tw_dense,context_noise_refinement
global_ucb_tw,20262378,100,50,2,0.0,0.45,0.3,dense,1.0,1.0,deterministic,20.0,0.1,0.95,False,4049.3674097920566,404936.74097920564,871577.1296001794,46.46023022253501,466640.38862097374,0.35,0.59,0.3435030523837581,0.017926885981759885,1.0397433749999436,global_ucb_tw_dense,context_noise_refinement
global_ucb_tw,20262379,100,50,2,0.0,0.45,0.3,dense,1.0,1.0,deterministic,20.0,0.1,0.95,False,5573.57383940597,557357.383940597,895032.9958883905,62.27227225152476,337675.6119477935,0.38,0.53,0.3432942228198478,0.0179340994395319,0.9894121669999549,global_ucb_tw_dense,context_noise_refinement
global_ucb_tw,20262380,100,50,2,0.0,0.45,0.3,dense,1.0,1.0,deterministic,20.0,0.1,0.95,False,4824.019300116509,482401.9300116509,888759.3931459729,54.27812451062552,406357.46313432197,0.3,0.54,0.34117784508477633,0.017848023208578888,0.9960362910001095,global_ucb_tw_dense,context_noise_refinement
global_ucb_tw,20262381,100,50,2,0.0,0.45,0.3,dense,1.0,1.0,deterministic,20.0,0.1,0.95,False,5790.1453512187445,579014.5351218744,1052209.3694918253,55.02845269297641,473194.8343699509,0.33,0.61,0.34224846045918467,0.01784674889041772,1.037190209000073,global_ucb_tw_dense,context_noise_refinement
global_ucb_tw,20262382,100,50,2,0.0,0.45,0.3,dense,1.0,1.0,deterministic,20.0,0.1,0.95,False,5342.379109146336,534237.9109146337,795415.8060968809,67.16460834945539,261177.89518224727,0.42,0.59,0.3404959212109876,0.01778689955242261,1.035168209000176,global_ucb_tw_dense,context_noise_refinement
global_ucb_tw,20262383,100,50,2,0.0,0.45,0.3,dense,1.0,1.0,deterministic,20.0,0.1,0.95,False,5656.170493216014,565617.0493216014,1262749.9007527768,44.79248416368229,697132.8514311754,0.26,0.46,0.3406681071537839,0.017827988364024126,1.0866360420000092,global_ucb_tw_dense,context_noise_refinement
local_ucb_tw,20262272,100,50,2,0.0,0.45,0.3,dense,1.0,1.0,deterministic,20.0,0.1,0.95,False,4659.15721817018,465915.721817018,985886.0841113322,47.258575744781886,519970.3622943142,0.25,0.52,0.3437687490316412,0.0179667751285367,1.0037894170000072,local_ucb_tw_dense,context_noise_refinement
local_ucb_tw,20262273,100,50,2,0.0,0.45,0.3,dense,1.0,1.0,deterministic,20.0,0.1,0.95,False,5472.607235328627,547260.7235328627,1001128.8198819894,54.66436612996242,453868.09634912666,0.35,0.61,0.3483132080620451,0.0181550770230826,1.005666209000026,local_ucb_tw_dense,context_noise_refinement
local_ucb_tw,20262274,100,50,2,0.0,0.45,0.3,dense,1.0,1.0,deterministic,20.0,0.1,0.95,False,5489.961612638343,548996.1612638342,968900.5109260164,56.661768166386565,419904.3496621821,0.36,0.59,0.3393377681682681,0.017722882205406,1.0108296249999853,local_ucb_tw_dense,context_noise_refinement
local_ucb_tw,20262275,100,50,2,0.0,0.45,0.3,dense,1.0,1.0,deterministic,20.0,0.1,0.95,False,5470.11780648664,547011.780648664,813544.5285345949,67.23808734034195,266532.74788593093,0.38,0.65,0.3415614672473917,0.017819693531754156,1.015745041999935,local_ucb_tw_dense,context_noise_refinement
local_ucb_tw,20262276,100,50,2,0.0,0.45,0.3,dense,1.0,1.0,deterministic,20.0,0.1,0.95,False,6467.533585942488,646753.3585942488,1037318.9757775705,62.34855176629202,390565.61718332174,0.34,0.54,0.3438336962305486,0.017937994013420864,1.0194689999998445,local_ucb_tw_dense,context_noise_refinement
local_ucb_tw,20262277,100,50,2,0.0,0.45,0.3,dense,1.0,1.0,deterministic,20.0,0.1,0.95,False,4367.473442421325,436747.34424213244,997080.7893678233,43.80260344992128,560333.4451256909,0.27,0.54,0.3405729983770532,0.017780018581781683,0.9998334160000013,local_ucb_tw_dense,context_noise_refinement
local_ucb_tw,20262278,100,50,2,0.0,0.45,0.3,dense,1.0,1.0,deterministic,20.0,0.1,0.95,False,4412.428296233959,441242.8296233959,857262.1976925195,51.47116375959222,416019.3680691236,0.28,0.61,0.3430085109000116,0.01789030184483774,0.994685833000176,local_ucb_tw_dense,context_noise_refinement
local_ucb_tw,20262279,100,50,2,0.0,0.45,0.3,dense,1.0,1.0,deterministic,20.0,0.1,0.95,False,5597.716507817582,559771.6507817582,1066024.9656729426,52.51018210707616,506253.31489118433,0.39,0.66,0.3389960790931851,0.017690826117683627,1.0016972500000065,local_ucb_tw_dense,context_noise_refinement
local_ucb_tw,20262280,100,50,2,0.0,0.45,0.3,dense,1.0,1.0,deterministic,20.0,0.1,0.95,False,4753.5294788389165,475352.94788389164,784086.9593242609,60.62502917961531,308734.0114403693,0.35,0.57,0.34360078890829215,0.017938288668710754,1.0311601250000422,local_ucb_tw_dense,context_noise_refinement
local_ucb_tw,20262281,100,50,2,0.0,0.45,0.3,dense,1.0,1.0,deterministic,20.0,0.1,0.95,False,6946.161682023912,694616.1682023912,1371709.613863546,50.63871836882014,677093.4456611547,0.33,0.5,0.34514597540238384,0.018027360928842977,1.0169558749998941,local_ucb_tw_dense,context_noise_refinement
oracle,20261640,100,50,2,0.0,0.45,0.3,dense,1.0,1.0,deterministic,20.0,0.1,0.95,False,8033.156033554188,803315.6033554188,944061.6816381592,85.09143194557856,140746.07828274043,0.71,0.88,0.3408403584217004,0.017776018317378,0.0224925839999627,oracle,context_noise_refinement
oracle,20261641,100,50,2,0.0,0.45,0.3,dense,1.0,1.0,deterministic,20.0,0.1,0.95,False,9886.725319658384,988672.5319658384,1129472.301323926,87.53402193280462,140799.76935808756,0.74,0.89,0.3466014157049566,0.0180507328654963,0.022442500000011,oracle,context_noise_refinement
oracle,20261642,100,50,2,0.0,0.45,0.3,dense,1.0,1.0,deterministic,20.0,0.1,0.95,False,9145.215164070632,914521.5164070632,1092228.7686172242,83.7298506213913,177707.25221016095,0.72,0.82,0.3410471489738018,0.0178334355838039,0.0224339170000007,oracle,context_noise_refinement
oracle,20261643,100,50,2,0.0,0.45,0.3,dense,1.0,1.0,deterministic,20.0,0.1,0.95,False,7219.25119610524,721925.1196105239,801665.5465007975,90.05315530418716,79740.42689027358,0.68,0.86,0.3456974826003645,0.018026889789963956,0.02302024999994501,oracle,context_noise_refinement
oracle,20261644,100,50,2,0.0,0.45,0.3,dense,1.0,1.0,deterministic,20.0,0.1,0.95,False,8463.758251094367,846375.8251094366,986357.2596088452,85.80824208107717,139981.43449940858,0.64,0.85,0.34409487681410716,0.017935842491069262,0.023371957999870574,oracle,context_noise_refinement
oracle,20261645,100,50,2,0.0,0.45,0.3,dense,1.0,1.0,deterministic,20.0,0.1,0.95,False,8628.824419388562,862882.4419388563,1051730.2891907783,82.0440801988098,188847.847251922,0.74,0.86,0.3417677860698695,0.01779865621053235,0.02642499999979009,oracle,context_noise_refinement
oracle,20261646,100,50,2,0.0,0.45,0.3,dense,1.0,1.0,deterministic,20.0,0.1,0.95,False,7410.15875166855,741015.875166855,923526.216446113,80.23766537114788,182510.3412792579,0.68,0.85,0.34234549244309787,0.017920087536589333,0.023390249999920343,oracle,context_noise_refinement
oracle,20261647,100,50,2,0.0,0.45,0.3,dense,1.0,1.0,deterministic,20.0,0.1,0.95,False,10124.334323171282,1012433.4323171282,1169240.670372728,86.58896820569771,156807.23805559985,0.74,0.9,0.3440937848699,0.01795641821498917,0.023247584000046118,oracle,context_noise_refinement
oracle,20261648,100,50,2,0.0,0.45,0.3,dense,1.0,1.0,deterministic,20.0,0.1,0.95,False,7290.511784043314,729051.1784043314,826409.8006433172,88.21908668517761,97358.62223898573,0.72,0.9,0.3461794991500866,0.018097906660661255,0.026358834000120623,oracle,context_noise_refinement
oracle,20261649,100,50,2,0.0,0.45,0.3,dense,1.0,1.0,deterministic,20.0,0.1,0.95,False,13202.082957616918,1320208.2957616919,1525990.4383140074,86.51484718477829,205782.1425523155,0.68,0.88,0.3457846150217527,0.018093244191477384,0.022652291999975205,oracle,context_noise_refinement
state_thompson,20262538,100,50,2,0.0,0.45,0.3,dense,1.0,1.0,deterministic,20.0,0.1,0.95,False,5968.520594921349,596852.0594921348,1012571.8516389168,58.944168606513095,415719.7921467821,0.33,0.47,0.3383665750419278,0.0176784227022071,0.0248710420000293,state_thompson,context_noise_refinement
state_thompson,20262539,100,50,2,0.0,0.45,0.3,dense,1.0,1.0,deterministic,20.0,0.1,0.95,False,5988.671797709522,598867.1797709522,1044642.2770424152,57.32748835960012,445775.0972714632,0.36,0.51,0.3419304468224164,0.0178746594415031,0.0249704590000305,state_thompson,context_noise_refinement
state_thompson,20262540,100,50,2,0.0,0.45,0.3,dense,1.0,1.0,deterministic,20.0,0.1,0.95,False,3270.924353704965,327092.43537049653,972275.8167131166,33.64193881487949,645183.3813426201,0.22,0.4,0.3417701287591039,0.017882278656159,0.0249973749999981,state_thompson,context_noise_refinement
state_thompson,20262541,100,50,2,0.0,0.45,0.3,dense,1.0,1.0,deterministic,20.0,0.1,0.95,False,3712.0462460701824,371204.62460701825,833686.1071754838,44.525705947608266,462481.4825684656,0.28,0.5,0.34072360103425664,0.017811478003536645,0.025529290999884324,state_thompson,context_noise_refinement
state_thompson,20262542,100,50,2,0.0,0.45,0.3,dense,1.0,1.0,deterministic,20.0,0.1,0.95,False,2770.9974274660276,277099.74274660274,959020.4704436178,28.89403837421986,681920.727697015,0.18,0.37,0.34429488919257945,0.01801487469104194,0.026758125000014843,state_thompson,context_noise_refinement
state_thompson,20262543,100,50,2,0.0,0.45,0.3,dense,1.0,1.0,deterministic,20.0,0.1,0.95,False,4536.206115236365,453620.6115236365,1064463.1364971348,42.61496673491027,610842.5249734983,0.21,0.44,0.33834385482662693,0.017636922351719243,0.02572870799986049,state_thompson,context_noise_refinement
state_thompson,20262544,100,50,2,0.0,0.45,0.3,dense,1.0,1.0,deterministic,20.0,0.1,0.95,False,4874.970900002977,487497.0900002977,901405.2956069113,54.08189771861375,413908.2056066136,0.32,0.6,0.3445135367760163,0.017972925663643544,0.026459917000011046,state_thompson,context_noise_refinement
state_thompson,20262545,100,50,2,0.0,0.45,0.3,dense,1.0,1.0,deterministic,20.0,0.1,0.95,False,6184.901308773475,618490.1308773474,1043171.0633835254,59.28942553978393,424680.9325061779,0.38,0.59,0.3424338500923219,0.01788575179544264,0.026824791999843,state_thompson,context_noise_refinement
state_thompson,20262546,100,50,2,0.0,0.45,0.3,dense,1.0,1.0,deterministic,20.0,0.1,0.95,False,5350.036067434453,535003.6067434453,868035.6892024049,61.63382605098111,333032.08245895966,0.39,0.62,0.34347083127144895,0.01787390771926536,0.02684737499998846,state_thompson,context_noise_refinement
state_thompson,20262547,100,50,2,0.0,0.45,0.3,dense,1.0,1.0,deterministic,20.0,0.1,0.95,False,8375.483059201737,837548.3059201736,1310271.6758523623,63.92172870373077,472723.36993218865,0.38,0.51,0.34537651697594884,0.0180268878641729,0.025696208999988812,state_thompson,context_noise_refinement
tm_tw,20261565,100,50,2,0.0,0.45,0.3,dense,1.0,1.0,deterministic,20.0,0.1,0.95,False,4881.926971102012,488192.6971102012,989913.205315696,49.31671731306084,501720.5082054947,0.29,0.49,0.3416800708182014,0.0178291978470269,1.0063078750000043,tm_tw_dense,context_noise_refinement
tm_tw,20261566,100,50,2,0.0,0.45,0.3,dense,1.0,1.0,deterministic,20.0,0.1,0.95,False,7613.733452745181,761373.3452745181,1142183.1738136332,66.65947833326682,380809.828539115,0.42,0.67,0.3406988113000379,0.0178008898625487,1.0073242920000212,tm_tw_dense,context_noise_refinement
tm_tw,20261567,100,50,2,0.0,0.45,0.3,dense,1.0,1.0,deterministic,20.0,0.1,0.95,False,2157.356233507667,215735.62335076672,1008898.7369951936,21.38327816657724,793163.1136444268,0.12,0.33,0.3403334900933527,0.0178018814215775,1.007941040999981,tm_tw_dense,context_noise_refinement
tm_tw,20261568,100,50,2,0.0,0.45,0.3,dense,1.0,1.0,deterministic,20.0,0.1,0.95,False,4119.736786943613,411973.6786943613,851726.9887292677,48.3692173837305,439753.31003490643,0.32,0.5,0.33987955173396633,0.017714564482378074,1.0289007910000691,tm_tw_dense,context_noise_refinement
tm_tw,20261569,100,50,2,0.0,0.45,0.3,dense,1.0,1.0,deterministic,20.0,0.1,0.95,False,4077.15625172616,407715.625172616,1014548.0135304829,40.186922623190945,606832.3883578669,0.25,0.47,0.34348937238503924,0.01794824244035328,1.034705041000052,tm_tw_dense,context_noise_refinement
tm_tw,20261570,100,50,2,0.0,0.45,0.3,dense,1.0,1.0,deterministic,20.0,0.1,0.95,False,6498.661712698767,649866.1712698766,1092247.418895306,59.49807342434814,442381.2476254294,0.38,0.59,0.34577553913787473,0.01805734154386451,1.0322189579999304,tm_tw_dense,context_noise_refinement
tm_tw,20261571,100,50,2,0.0,0.45,0.3,dense,1.0,1.0,deterministic,20.0,0.1,0.95,False,5035.29189449695,503529.189449695,968726.222227452,51.97848245419632,465197.032777757,0.35,0.53,0.33907684341663286,0.017704154369431294,1.0113283329999376,tm_tw_dense,context_noise_refinement
tm_tw,20261572,100,50,2,0.0,0.45,0.3,dense,1.0,1.0,deterministic,20.0,0.1,0.95,False,6619.347122179239,661934.7122179238,1092865.6337725928,60.568718766726406,430930.9215546689,0.41,0.69,0.3439676821699659,0.01796925337742751,1.0138274580001507,tm_tw_dense,context_noise_refinement
tm_tw,20261573,100,50,2,0.0,0.45,0.3,dense,1.0,1.0,deterministic,20.0,0.1,0.95,False,4290.616958624882,429061.6958624881,819482.5791724798,52.35763477678295,390420.8833099917,0.35,0.51,0.3489008305866855,0.018196924064568035,1.03758295800003,tm_tw_dense,context_noise_refinement
tm_tw,20261574,100,50,2,0.0,0.45,0.3,dense,1.0,1.0,deterministic,20.0,0.1,0.95,False,8527.513854278373,852751.3854278374,1378128.963378595,61.87747359559501,525377.5779507576,0.41,0.6,0.3453053624417479,0.01802446777671808,1.0247601670000677,tm_tw_dense,context_noise_refinement
tm_tw,20262389,100,50,2,0.0,0.45,0.3,gated_offline,1.0,1.0,deterministic,20.0,0.1,0.95,False,5295.27466378245,529527.466378245,891710.4391014061,59.38334274878066,362182.9727231611,0.37,0.57,0.2696661734083977,0.014112515527224,0.966213707999998,tm_tw_gated_offline,context_noise_refinement
tm_tw,20262390,100,50,2,0.0,0.45,0.3,gated_offline,1.0,1.0,deterministic,20.0,0.1,0.95,False,6355.973133064935,635597.3133064935,1002522.988308744,63.399774440957806,366925.6750022505,0.43,0.63,0.266805525460058,0.0139250274294801,0.9690431669999952,tm_tw_gated_offline,context_noise_refinement
tm_tw,20262391,100,50,2,0.0,0.45,0.3,gated_offline,1.0,1.0,deterministic,20.0,0.1,0.95,False,3004.053338179294,300405.3338179294,997908.2148963708,30.103503441859672,697502.8810784413,0.18,0.42,0.2681362490871974,0.014000708622746,0.97414112499996,tm_tw_gated_offline,context_noise_refinement
tm_tw,20262392,100,50,2,0.0,0.45,0.3,gated_offline,1.0,1.0,deterministic,20.0,0.1,0.95,False,5902.617030268939,590261.7030268939,876121.1568251335,67.37215491586458,285859.4537982396,0.44,0.59,0.26990179124653707,0.014117844179838494,1.0308598750000328,tm_tw_gated_offline,context_noise_refinement
tm_tw,20262393,100,50,2,0.0,0.45,0.3,gated_offline,1.0,1.0,deterministic,20.0,0.1,0.95,False,4985.521728376876,498552.1728376876,1000729.7752766471,49.81886071091121,502177.60243895947,0.38,0.61,0.2670549790507486,0.01394978084814224,1.0259426659999917,tm_tw_gated_offline,context_noise_refinement
tm_tw,20262394,100,50,2,0.0,0.45,0.3,gated_offline,1.0,1.0,deterministic,20.0,0.1,0.95,False,5772.7179669407615,577271.7966940762,1063095.486148856,54.301029796042776,485823.68945477996,0.47,0.55,0.2702555881843756,0.014111671728257709,1.0693484999999328,tm_tw_gated_offline,context_noise_refinement
tm_tw,20262395,100,50,2,0.0,0.45,0.3,gated_offline,1.0,1.0,deterministic,20.0,0.1,0.95,False,5664.273628554728,566427.3628554728,925402.0235615813,61.20878801144957,358974.66070610844,0.39,0.66,0.27058199731641336,0.014137572273840425,0.9857080829999632,tm_tw_gated_offline,context_noise_refinement
tm_tw,20262396,100,50,2,0.0,0.45,0.3,gated_offline,1.0,1.0,deterministic,20.0,0.1,0.95,False,4911.42345153602,491142.345153602,1042651.8712160302,47.105113289710935,551509.5260624283,0.33,0.58,0.2683026472698713,0.014052759703053322,0.9839301249999153,tm_tw_gated_offline,context_noise_refinement
tm_tw,20262397,100,50,2,0.0,0.45,0.3,gated_offline,1.0,1.0,deterministic,20.0,0.1,0.95,False,6245.203113594071,624520.311359407,835269.303337081,74.76873732391621,210748.99197767396,0.5,0.71,0.27100094311862866,0.014149888313935878,0.9832636669998465,tm_tw_gated_offline,context_noise_refinement
tm_tw,20262398,100,50,2,0.0,0.45,0.3,gated_offline,1.0,1.0,deterministic,20.0,0.1,0.95,False,7361.017932931959,736101.7932931959,1277473.4533575242,57.621690013090586,541371.6600643283,0.35,0.54,0.267598595790987,0.013987091105297797,0.9999776660001771,tm_tw_gated_offline,context_noise_refinement
tm_tw,20263345,100,50,2,0.0,0.45,0.3,gated_offline_low_rank,1.0,1.0,deterministic,20.0,0.1,0.95,False,5081.001149101953,508100.1149101953,851193.0765011348,59.69269827695996,343092.9615909395,0.38,0.53,0.2690635338050138,0.0140554743863447,2.418944709000016,tm_tw_gated_offline_low_rank,context_noise_refinement
tm_tw,20263346,100,50,2,0.0,0.45,0.3,gated_offline_low_rank,1.0,1.0,deterministic,20.0,0.1,0.95,False,7042.098628317509,704209.8628317509,1108008.682477714,63.556348787538944,403798.8196459632,0.49,0.61,0.2664049148093652,0.0139369351648608,2.418388458000038,tm_tw_gated_offline_low_rank,context_noise_refinement
tm_tw,20263347,100,50,2,0.0,0.45,0.3,gated_offline_low_rank,1.0,1.0,deterministic,20.0,0.1,0.95,False,4476.176623809521,447617.662380952,1046201.5571313942,42.78503117585544,598583.8947504421,0.3,0.59,0.2668537190486507,0.0139523146171399,2.698679374999984,tm_tw_gated_offline_low_rank,context_noise_refinement
tm_tw,20263348,100,50,2,0.0,0.45,0.3,gated_offline_low_rank,1.0,1.0,deterministic,20.0,0.1,0.95,False,4385.387363036992,438538.7363036992,795010.7738452702,55.16135764834934,356472.03754157096,0.31,0.54,0.2708393591758106,0.014169556100135977,2.8783076669999446,tm_tw_gated_offline_low_rank,context_noise_refinement
tm_tw,20263349,100,50,2,0.0,0.45,0.3,gated_offline_low_rank,1.0,1.0,deterministic,20.0,0.1,0.95,False,4801.701645424806,480170.1645424806,951856.0244718537,50.44567163494159,471685.85992937314,0.35,0.58,0.2646283427757324,0.013841648424893003,2.5573514170000635,tm_tw_gated_offline_low_rank,context_noise_refinement
tm_tw,20263350,100,50,2,0.0,0.45,0.3,gated_offline_low_rank,1.0,1.0,deterministic,20.0,0.1,0.95,False,4389.955862732644,438995.5862732644,880809.9774827997,49.83998790838368,441814.3912095353,0.3,0.46,0.26981022746826516,0.014104628081640288,2.450513000000001,tm_tw_gated_offline_low_rank,context_noise_refinement
tm_tw,20263351,100,50,2,0.0,0.45,0.3,gated_offline_low_rank,1.0,1.0,deterministic,20.0,0.1,0.95,False,5109.987788961717,510998.7788961718,932665.8268475516,54.789053505194715,421667.04795137985,0.33,0.49,0.2686164273793409,0.014050945164426534,2.4752295840000897,tm_tw_gated_offline_low_rank,context_noise_refinement
tm_tw,20263352,100,50,2,0.0,0.45,0.3,gated_offline_low_rank,1.0,1.0,deterministic,20.0,0.1,0.95,False,2244.5159274173916,224451.59274173918,1105174.3338480128,20.30915719515854,880722.7411062736,0.05,0.27,0.26908222464193077,0.0140623308042083,2.4686289169999327,tm_tw_gated_offline_low_rank,context_noise_refinement
tm_tw,20263353,100,50,2,0.0,0.45,0.3,gated_offline_low_rank,1.0,1.0,deterministic,20.0,0.1,0.95,False,4122.909651023895,412290.9651023895,682876.927760869,60.375588681005524,270585.9626584795,0.37,0.59,0.26824441799101495,0.01404422049827438,2.436434833000021,tm_tw_gated_offline_low_rank,context_noise_refinement
tm_tw,20263354,100,50,2,0.0,0.45,0.3,gated_offline_low_rank,1.0,1.0,deterministic,20.0,0.1,0.95,False,8636.856316613847,863685.6316613847,1382794.045744129,62.45945550023003,519108.4140827443,0.42,0.63,0.26482732989328955,0.013860413363268546,2.475787000000082,tm_tw_gated_offline_low_rank,context_noise_refinement
tm_tw_refined,20262393,100,50,2,0.0,0.45,0.3,dense,1.0,1.0,deterministic,20.0,0.1,0.95,False,6823.340261335605,682334.0261335605,981073.9819032731,69.54970152300233,298739.9557697128,0.45,0.67,0.3460880239783391,0.0180975294469171,1.00927145899999,tm_tw_refined_dense,context_noise_refinement
tm_tw_refined,20262394,100,50,2,0.0,0.45,0.3,dense,1.0,1.0,deterministic,20.0,0.1,0.95,False,9689.492328580283,968949.2328580284,1170127.26642748,82.80716642184836,201178.03356945165,0.54,0.72,0.3491795013705877,0.0182035570080192,1.0125074160000054,tm_tw_refined_dense,context_noise_refinement
tm_tw_refined,20262395,100,50,2,0.0,0.45,0.3,dense,1.0,1.0,deterministic,20.0,0.1,0.95,False,5068.752856983975,506875.2856983975,1044055.6472005522,48.54868483854214,537180.3615021547,0.33,0.62,0.3436218112825689,0.0179589937880824,1.008473374999994,tm_tw_refined_dense,context_noise_refinement
tm_tw_refined,20262396,100,50,2,0.0,0.45,0.3,dense,1.0,1.0,deterministic,20.0,0.1,0.95,False,6840.502698775212,684050.2698775212,850257.8006864233,80.45210162438724,166207.5308089021,0.55,0.78,0.3445535632765603,0.017991735051777168,1.0250760419999096,tm_tw_refined_dense,context_noise_refinement
tm_tw_refined,20262397,100,50,2,0.0,0.45,0.3,dense,1.0,1.0,deterministic,20.0,0.1,0.95,False,6442.398434053108,644239.8434053108,954134.0460292135,67.5208945835673,309894.2026239027,0.39,0.6,0.3447444536306507,0.018013969142771757,1.0175504169999385,tm_tw_refined_dense,context_noise_refinement
tm_tw_refined,20262398,100,50,2,0.0,0.45,0.3,dense,1.0,1.0,deterministic,20.0,0.1,0.95,False,5348.80911072738,534880.911072738,900423.5336331862,59.40325758862688,365542.62256044825,0.39,0.66,0.34555586803280375,0.018029075042013502,1.012720457999876,tm_tw_refined_dense,context_noise_refinement
tm_tw_refined,20262399,100,50,2,0.0,0.45,0.3,dense,1.0,1.0,deterministic,20.0,0.1,0.95,False,7189.377777363574,718937.7777363574,939771.7465743641,76.50131857624089,220833.96883800672,0.53,0.73,0.3415296664262105,0.017837099930182506,1.0085284169999795,tm_tw_refined_dense,context_noise_refinement
tm_tw_refined,20262400,100,50,2,0.0,0.45,0.3,dense,1.0,1.0,deterministic,20.0,0.1,0.95,False,6567.746975119503,656774.6975119503,1085933.523475456,60.48019361350847,429158.8259635058,0.45,0.75,0.3478311226130428,0.01817139802125333,1.0180147500000203,tm_tw_refined_dense,context_noise_refinement
tm_tw_refined,20262401,100,50,2,0.0,0.45,0.3,dense,1.0,1.0,deterministic,20.0,0.1,0.95,False,6319.803174242684,631980.3174242683,774396.9599318433,81.60934896747149,142416.642507575,0.56,0.82,0.3418700769241616,0.01783705738107908,1.0151998339999864,tm_tw_refined_dense,context_noise_refinement
tm_tw_refined,20262402,100,50,2,0.0,0.45,0.3,dense,1.0,1.0,deterministic,20.0,0.1,0.95,False,9206.916347303355,920691.6347303356,1449551.4935360018,63.51562113081076,528859.8588056662,0.42,0.65,0.34648318058800603,0.018112515142193114,1.0137862079998285,tm_tw_refined_dense,context_noise_refinement
tm_tw_refined,20263217,100,50,2,0.0,0.45,0.3,gated_offline,1.0,1.0,deterministic,20.0,0.1,0.95,False,5847.298642702403,584729.8642702403,952491.8224487816,61.38948917870452,367761.9581785414,0.4,0.6,0.2712801864855068,0.0141609841537119,0.9664196250000144,tm_tw_refined_gated_offline,context_noise_refinement
tm_tw_refined,20263218,100,50,2,0.0,0.45,0.3,gated_offline,1.0,1.0,deterministic,20.0,0.1,0.95,False,8880.371135605821,888037.1135605822,1057113.1724752302,84.00586963468098,169076.05891464802,0.53,0.74,0.2678875960923688,0.0139958185578307,0.9678810420000444,tm_tw_refined_gated_offline,context_noise_refinement
tm_tw_refined,20263219,100,50,2,0.0,0.45,0.3,gated_offline,1.0,1.0,deterministic,20.0,0.1,0.95,False,6139.166265055037,613916.6265055037,1049843.282029194,58.47697813705035,435926.6555236904,0.35,0.63,0.2692330205105101,0.0140814429376605,0.9663078329999736,tm_tw_refined_gated_offline,context_noise_refinement
tm_tw_refined,20263220,100,50,2,0.0,0.45,0.3,gated_offline,1.0,1.0,deterministic,20.0,0.1,0.95,False,7636.801874561328,763680.1874561328,858824.6460769724,88.92155004453467,95144.45862083952,0.61,0.8,0.26564147018407314,0.013883494151607178,0.9763214580000295,tm_tw_refined_gated_offline,context_noise_refinement
tm_tw_refined,20263221,100,50,2,0.0,0.45,0.3,gated_offline,1.0,1.0,deterministic,20.0,0.1,0.95,False,5021.641408464126,502164.1408464125,1054814.5663153122,47.606864455861356,552650.4254688997,0.35,0.61,0.2689724244132798,0.014086458690401017,0.9764511660000608,tm_tw_refined_gated_offline,context_noise_refinement
tm_tw_refined,20263222,100,50,2,0.0,0.45,0.3,gated_offline,1.0,1.0,deterministic,20.0,0.1,0.95,False,6187.011256529614,618701.1256529614,870566.642011246,71.06878391567972,251865.5163582845,0.44,0.69,0.2665973998346546,0.013955743968840157,0.9805645829999321,tm_tw_refined_gated_offline,context_noise_refinement
tm_tw_refined,20263223,100,50,2,0.0,0.45,0.3,gated_offline,1.0,1.0,deterministic,20.0,0.1,0.95,False,7095.419188431052,709541.9188431052,906935.5131714112,78.23510145301823,197393.59432830603,0.45,0.66,0.26900285715861183,0.014046258049114286,0.9783697499999562,tm_tw_refined_gated_offline,context_noise_refinement
tm_tw_refined,20263224,100,50,2,0.0,0.45,0.3,gated_offline,1.0,1.0,deterministic,20.0,0.1,0.95,False,7550.841001310447,755084.1001310446,1079607.3575275093,69.94062191835373,324523.2573964647,0.48,0.79,0.26787621820516216,0.014017556136886803,1.0022221659999104,tm_tw_refined_gated_offline,context_noise_refinement
tm_tw_refined,20263225,100,50,2,0.0,0.45,0.3,gated_offline,1.0,1.0,deterministic,20.0,0.1,0.95,False,6657.749201853648,665774.9201853648,801545.1058608129,83.06144162284681,135770.18567544816,0.57,0.77,0.2700005089338661,0.014121925342367352,1.087556084000198,tm_tw_refined_gated_offline,context_noise_refinement
tm_tw_refined,20263226,100,50,2,0.0,0.45,0.3,gated_offline,1.0,1.0,deterministic,20.0,0.1,0.95,False,8531.485097371884,853148.5097371885,1337969.962637087,63.76439931847691,484821.45289989864,0.48,0.63,0.26767316615511205,0.013974712875818958,1.0897819999997864,tm_tw_refined_gated_offline,context_noise_refinement
tm_tw_refined,20263217,100,50,2,0.0,0.45,0.3,gated_offline,0.5,0.5,beta,20.0,0.1,0.95,False,6116.464211163856,611646.4211163856,882090.0822583254,69.34058475642868,270443.6611419398,0.39,0.66,0.2697500311766867,0.0140839267422397,1.04252791600004,tm_tw_refined_gated_offline_best_beta,context_noise_refinement
tm_tw_refined,20263218,100,50,2,0.0,0.45,0.3,gated_offline,0.5,0.5,beta,20.0,0.1,0.95,False,8707.708292507165,870770.8292507164,1060911.5558155973,82.07760811703984,190140.72656488093,0.56,0.76,0.2670897131403627,0.0139845169438013,1.039189083999986,tm_tw_refined_gated_offline_best_beta,context_noise_refinement
tm_tw_refined,20263219,100,50,2,0.0,0.45,0.3,gated_offline,0.5,0.5,beta,20.0,0.1,0.95,False,7080.459427360696,708045.9427360697,1093272.2747151272,64.76391646541704,385226.3319790575,0.38,0.62,0.2681988322481976,0.0140170107880379,1.0449303330000248,tm_tw_refined_gated_offline_best_beta,context_noise_refinement
tm_tw_refined,20263220,100,50,2,0.0,0.45,0.3,gated_offline,0.5,0.5,beta,20.0,0.1,0.95,False,5833.043798061411,583304.379806141,779671.2642131555,74.81414367564412,196366.88440701447,0.49,0.78,0.2679436902574457,0.013971360966613541,1.0298242080000364,tm_tw_refined_gated_offline_best_beta,context_noise_refinement
tm_tw_refined,20263221,100,50,2,0.0,0.45,0.3,gated_offline,0.5,0.5,beta,20.0,0.1,0.95,False,4426.694155079546,442669.4155079546,933732.4247418732,47.40859413020051,491063.00923391856,0.31,0.56,0.2693111761898845,0.014089364026955056,0.9942755409999791,tm_tw_refined_gated_offline_best_beta,context_noise_refinement
tm_tw_refined,20263222,100,50,2,0.0,0.45,0.3,gated_offline,0.5,0.5,beta,20.0,0.1,0.95,False,6111.214670238364,611121.4670238364,967841.8598892039,63.14269844598332,356720.39286536747,0.36,0.55,0.26912197354338613,0.014069484185451347,1.0103912919998947,tm_tw_refined_gated_offline_best_beta,context_noise_refinement
tm_tw_refined,20263223,100,50,2,0.0,0.45,0.3,gated_offline,0.5,0.5,beta,20.0,0.1,0.95,False,6172.87534871654,617287.534871654,940401.9371093641,65.64081915538063,323114.4022377101,0.46,0.71,0.2670366648687103,0.013961508604704773,0.9992450409999947,tm_tw_refined_gated_offline_best_beta,context_noise_refinement
tm_tw_refined,20263224,100,50,2,0.0,0.45,0.3,gated_offline,0.5,0.5,beta,20.0,0.1,0.95,False,7449.619884757106,744961.9884757106,992135.879581063,75.08668961657514,247173.89110535244,0.46,0.71,0.2681497003803123,0.01399241399471456,0.9776065410001138,tm_tw_refined_gated_offline_best_beta,context_noise_refinement
tm_tw_refined,20263225,100,50,2,0.0,0.45,0.3,gated_offline,0.5,0.5,beta,20.0,0.1,0.95,False,6449.846005312847,644984.6005312847,819709.9607274616,78.6844898113578,174725.36019617692,0.55,0.77,0.2681792842527143,0.014015138249925662,0.9990315830000327,tm_tw_refined_gated_offline_best_beta,context_noise_refinement
tm_tw_refined,20263226,100,50,2,0.0,0.45,0.3,gated_offline,0.5,0.5,beta,20.0,0.1,0.95,False,7110.768530655731,711076.8530655731,1156277.0943956715,61.49709758258401,445200.24133009836,0.39,0.66,0.26726759122509147,0.0139935481085018,1.0070433749999665,tm_tw_refined_gated_offline_best_beta,context_noise_refinement
tm_tw_refined,20264173,100,50,2,0.0,0.45,0.3,gated_offline_low_rank,1.0,1.0,deterministic,20.0,0.1,0.95,False,5335.559682196654,533555.9682196653,907909.1677100472,58.76754935357845,374353.1994903818,0.34,0.61,0.2690629341162252,0.0140723117104836,2.428002749999962,tm_tw_refined_gated_offline_low_rank,context_noise_refinement
tm_tw_refined,20264174,100,50,2,0.0,0.45,0.3,gated_offline_low_rank,1.0,1.0,deterministic,20.0,0.1,0.95,False,8407.564345483659,840756.4345483659,1020615.0847073484,82.37742584310762,179858.6501589825,0.46,0.66,0.2716078065367351,0.0142080845970605,2.420652542000028,tm_tw_refined_gated_offline_low_rank,context_noise_refinement
tm_tw_refined,20264175,100,50,2,0.0,0.45,0.3,gated_offline_low_rank,1.0,1.0,deterministic,20.0,0.1,0.95,False,6909.723066937799,690972.3066937799,1255074.209200136,55.0542989114675,564101.9025063562,0.43,0.61,0.267891614317272,0.0139951530337806,2.729611416000012,tm_tw_refined_gated_offline_low_rank,context_noise_refinement
tm_tw_refined,20264176,100,50,2,0.0,0.45,0.3,gated_offline_low_rank,1.0,1.0,deterministic,20.0,0.1,0.95,False,6913.0066372410765,691300.6637241077,815063.6756741626,84.81554071862092,123763.0119500549,0.44,0.7,0.26608913411421903,0.013900786233808752,2.5242842080001537,tm_tw_refined_gated_offline_low_rank,context_noise_refinement
tm_tw_refined,20264177,100,50,2,0.0,0.45,0.3,gated_offline_low_rank,1.0,1.0,deterministic,20.0,0.1,0.95,False,6466.964529835594,646696.4529835593,1023091.602940386,63.21002451050723,376395.1499568267,0.3,0.61,0.2705408155544646,0.014127058901247491,2.4754786670000613,tm_tw_refined_gated_offline_low_rank,context_noise_refinement
tm_tw_refined,20264178,100,50,2,0.0,0.45,0.3,gated_offline_low_rank,1.0,1.0,deterministic,20.0,0.1,0.95,False,6768.585505510692,676858.5505510692,957543.8200493637,70.68695305413549,280685.26949829445,0.46,0.68,0.26653944461326534,0.013936147845232246,2.4976108329999533,tm_tw_refined_gated_offline_low_rank,context_noise_refinement
tm_tw_refined,20264179,100,50,2,0.0,0.45,0.3,gated_offline_low_rank,1.0,1.0,deterministic,20.0,0.1,0.95,False,6936.651603234702,693665.1603234701,937597.4458550443,73.9832604482919,243932.28553157416,0.51,0.7,0.26770626969444783,0.013987146949848484,2.700151999999889,tm_tw_refined_gated_offline_low_rank,context_noise_refinement
tm_tw_refined,20264180,100,50,2,0.0,0.45,0.3,gated_offline_low_rank,1.0,1.0,deterministic,20.0,0.1,0.95,False,8536.43300817435,853643.300817435,1234733.4056881121,69.13583911190149,381090.1048706771,0.57,0.76,0.26926363622790944,0.014102688793701211,2.4712252090000675,tm_tw_refined_gated_offline_low_rank,context_noise_refinement
tm_tw_refined,20264181,100,50,2,0.0,0.45,0.3,gated_offline_low_rank,1.0,1.0,deterministic,20.0,0.1,0.95,False,6763.217402114285,676321.7402114285,762786.6882088047,88.66459662524849,86464.9479973762,0.51,0.82,0.26916233899167674,0.01407334796684407,2.43264175000013,tm_tw_refined_gated_offline_low_rank,context_noise_refinement
tm_tw_refined,20264182,100,50,2,0.0,0.45,0.3,gated_offline_low_rank,1.0,1.0,deterministic,20.0,0.1,0.95,False,7496.290482336309,749629.0482336308,1346805.3292342734,55.65979224776551,597176.2810006426,0.4,0.66,0.2684316006886455,0.014048007537260324,2.406492999999955,tm_tw_refined_gated_offline_low_rank,context_noise_refinement
tm_tw_refined,20264173,100,50,2,0.0,0.45,0.3,gated_offline_low_rank,1.0,1.0,beta,20.0,0.1,0.95,False,6661.5332634448605,666153.3263444861,945172.180108925,70.47957402509628,279018.8537644389,0.48,0.76,0.2659812003187385,0.0139107004844123,2.7710696249999955,tm_tw_refined_gated_offline_low_rank_best_beta,context_noise_refinement
tm_tw_refined,20264174,100,50,2,0.0,0.45,0.3,gated_offline_low_rank,1.0,1.0,beta,20.0,0.1,0.95,False,6461.010388224577,646101.0388224577,963458.4674862226,67.06060101461476,317357.42866376496,0.34,0.67,0.2700428480632527,0.0140976153922786,2.543761915999994,tm_tw_refined_gated_offline_low_rank_best_beta,context_noise_refinement
tm_tw_refined,20264175,100,50,2,0.0,0.45,0.3,gated_offline_low_rank,1.0,1.0,beta,20.0,0.1,0.95,False,6651.106500045904,665110.6500045904,1097672.4167322037,60.5928180271342,432561.7667276133,0.31,0.67,0.2676713110015055,0.0140100011693444,2.5274795000000267,tm_tw_refined_gated_offline_low_rank_best_beta,context_noise_refinement
tm_tw_refined,20264176,100,50,2,0.0,0.45,0.3,gated_offline_low_rank,1.0,1.0,beta,20.0,0.1,0.95,False,6443.948675073238,644394.8675073237,809288.3390811738,79.62487983441576,164893.47157385002,0.53,0.72,0.2716711598608179,0.014222396538072182,2.5148729579998417,tm_tw_refined_gated_offline_low_rank_best_beta,context_noise_refinement
tm_tw_refined,20264177,100,50,2,0.0,0.45,0.3,gated_offline_low_rank,1.0,1.0,beta,20.0,0.1,0.95,False,4885.984327636759,488598.4327636759,961112.7968151798,50.83674199144312,472514.3640515038,0.27,0.5,0.26802941998917873,0.01400506595102785,2.7030984999998964,tm_tw_refined_gated_offline_low_rank_best_beta,context_noise_refinement
tm_tw_refined,20264178,100,50,2,0.0,0.45,0.3,gated_offline_low_rank,1.0,1.0,beta,20.0,0.1,0.95,False,4353.21694738773,435321.694738773,914904.3917148553,47.58111324865604,479582.69697608234,0.29,0.55,0.2685913120203389,0.01404047893160185,2.767913000000135,tm_tw_refined_gated_offline_low_rank_best_beta,context_noise_refinement
tm_tw_refined,20264179,100,50,2,0.0,0.45,0.3,gated_offline_low_rank,1.0,1.0,beta,20.0,0.1,0.95,False,6770.28198845072,677028.198845072,877099.9996545367,77.18939677479568,200071.80080946477,0.54,0.75,0.2667132699406092,0.013899928256920466,2.535358874999929,tm_tw_refined_gated_offline_low_rank_best_beta,context_noise_refinement
tm_tw_refined,20264180,100,50,2,0.0,0.45,0.3,gated_offline_low_rank,1.0,1.0,beta,20.0,0.1,0.95,False,6439.6450046491145,643964.5004649115,1005325.3111171026,64.05533545647504,361360.81065219117,0.5,0.76,0.26802681262030953,0.01401868933190339,2.7537427500001286,tm_tw_refined_gated_offline_low_rank_best_beta,context_noise_refinement
tm_tw_refined,20264181,100,50,2,0.0,0.45,0.3,gated_offline_low_rank,1.0,1.0,beta,20.0,0.1,0.95,False,6898.592037968799,689859.2037968799,805596.1668053508,85.63337714633944,115736.96300847095,0.57,0.77,0.2675550662068824,0.01397185654694705,2.679843624999876,tm_tw_refined_gated_offline_low_rank_best_beta,context_noise_refinement
tm_tw_refined,20264182,100,50,2,0.0,0.45,0.3,gated_offline_low_rank,1.0,1.0,beta,20.0,0.1,0.95,False,8837.48907883931,883748.907883931,1396205.8198094335,63.296463554675114,512456.9119255026,0.4,0.64,0.2660031184256252,0.013914769639140293,2.658510290999857,tm_tw_refined_gated_offline_low_rank_best_beta,context_noise_refinement
tm_tw_refined,20265065,100,50,2,0.0,0.45,0.3,support_gated_offline_low_rank,0.5,0.25,beta,20.0,0.1,0.95,True,6505.182869722536,650518.2869722536,905295.3656603292,71.85702165809283,254777.07868807577,0.45,0.74,0.0882609704958854,0.0023280245014282,2.591210375000003,tm_tw_refined_support_gated_offline_low_rank_best_beta,context_noise_refinement
tm_tw_refined,20265066,100,50,2,0.0,0.45,0.3,support_gated_offline_low_rank,0.5,0.25,beta,20.0,0.1,0.95,True,6668.882075382035,666888.2075382035,925886.8222144484,72.02696825765415,258998.6146762449,0.39,0.59,0.088918792810152,0.0022565008207702,2.6038798750000183,tm_tw_refined_support_gated_offline_low_rank_best_beta,context_noise_refinement
tm_tw_refined,20265067,100,50,2,0.0,0.45,0.3,support_gated_offline_low_rank,0.5,0.25,beta,20.0,0.1,0.95,True,4643.057094803969,464305.70948039694,957528.5991955334,48.490009579920944,493222.8897151365,0.31,0.52,0.0908069187973208,0.0023540480273358,2.615352583999993,tm_tw_refined_support_gated_offline_low_rank_best_beta,context_noise_refinement
tm_tw_refined,20265068,100,50,2,0.0,0.45,0.3,support_gated_offline_low_rank,0.5,0.25,beta,20.0,0.1,0.95,True,6285.366857251669,628536.6857251669,858551.8771305373,73.2089350064518,230015.19140537037,0.58,0.76,0.09027254649945675,0.002470622082382722,2.642021290999992,tm_tw_refined_support_gated_offline_low_rank_best_beta,context_noise_refinement
tm_tw_refined,20265069,100,50,2,0.0,0.45,0.3,support_gated_offline_low_rank,0.5,0.25,beta,20.0,0.1,0.95,True,5425.183942984202,542518.3942984202,1040977.7394105477,52.1162339749571,498459.3451121275,0.33,0.69,0.09188077499687404,0.002514910575528096,2.6022782080001434,tm_tw_refined_support_gated_offline_low_rank_best_beta,context_noise_refinement
tm_tw_refined,20265070,100,50,2,0.0,0.45,0.3,support_gated_offline_low_rank,0.5,0.25,beta,20.0,0.1,0.95,True,6209.215860740956,620921.5860740956,983638.8401836671,63.12495610260325,362717.2541095716,0.42,0.63,0.09013557878782386,0.0023348776117288377,2.5988894580000306,tm_tw_refined_support_gated_offline_low_rank_best_beta,context_noise_refinement
tm_tw_refined,20265071,100,50,2,0.0,0.45,0.3,support_gated_offline_low_rank,0.5,0.25,beta,20.0,0.1,0.95,True,6939.587464512672,693958.7464512673,893425.2707830569,77.67395541017505,199466.52433178958,0.53,0.75,0.0897695713511513,0.002481769546476039,2.4397564999999304,tm_tw_refined_support_gated_offline_low_rank_best_beta,context_noise_refinement
tm_tw_refined,20265072,100,50,2,0.0,0.45,0.3,support_gated_offline_low_rank,0.5,0.25,beta,20.0,0.1,0.95,True,8859.60470970574,885960.4709705741,1165239.3791296165,76.03248627182066,279278.9081590425,0.54,0.81,0.08845013569676839,0.002123665789570875,2.461014750000004,tm_tw_refined_support_gated_offline_low_rank_best_beta,context_noise_refinement
tm_tw_refined,20265073,100,50,2,0.0,0.45,0.3,support_gated_offline_low_rank,0.5,0.25,beta,20.0,0.1,0.95,True,6141.420310541485,614142.0310541486,810013.6750848751,75.81872379991577,195871.64403072651,0.48,0.77,0.08725892990508029,0.0022047757715103838,2.6795314169999074,tm_tw_refined_support_gated_offline_low_rank_best_beta,context_noise_refinement
tm_tw_refined,20265074,100,50,2,0.0,0.45,0.3,support_gated_offline_low_rank,0.5,0.25,beta,20.0,0.1,0.95,True,8054.412872034736,805441.2872034736,1247404.4553958923,64.56937713500858,441963.16819241864,0.41,0.63,0.09271370129597496,0.002372415671291216,2.6898493329999837,tm_tw_refined_support_gated_offline_low_rank_best_beta,context_noise_refinement
tm_tw_refined,20263497,100,50,2,0.0,0.45,0.3,support_offline,1.0,1.0,deterministic,20.0,0.1,0.95,True,6847.29809863157,684729.809863157,918559.9746209936,74.543832605561,233830.1647578365,0.48,0.72,0.09166165068117,0.0025111604787129,0.9403960419999748,tm_tw_refined_support_offline,context_noise_refinement
tm_tw_refined,20263498,100,50,2,0.0,0.45,0.3,support_offline,1.0,1.0,deterministic,20.0,0.1,0.95,True,8497.114876480779,849711.4876480779,1044835.7174425834,81.32488901967231,195124.22979450552,0.52,0.75,0.0893336318349202,0.0021902658296735,0.9422022079999692,tm_tw_refined_support_offline,context_noise_refinement
tm_tw_refined,20263499,100,50,2,0.0,0.45,0.3,support_offline,1.0,1.0,deterministic,20.0,0.1,0.95,True,6646.82991920067,664682.991920067,1040905.0556548733,63.85625550659752,376222.0637348063,0.3,0.61,0.0888952883821275,0.0021687127716933,0.947789916999966,tm_tw_refined_support_offline,context_noise_refinement
tm_tw_refined,20263500,100,50,2,0.0,0.45,0.3,support_offline,1.0,1.0,deterministic,20.0,0.1,0.95,True,6549.137788797196,654913.7788797196,812602.6418581532,80.59459139612795,157688.8629784336,0.47,0.72,0.08633021457153427,0.002210085173729325,0.9751870000000054,tm_tw_refined_support_offline,context_noise_refinement
tm_tw_refined,20263501,100,50,2,0.0,0.45,0.3,support_offline,1.0,1.0,deterministic,20.0,0.1,0.95,True,5037.295261583984,503729.5261583984,932648.8481600727,54.010630812674535,428919.32200167427,0.35,0.57,0.08930358696828632,0.002487919085450892,0.9899502499999926,tm_tw_refined_support_offline,context_noise_refinement
tm_tw_refined,20263502,100,50,2,0.0,0.45,0.3,support_offline,1.0,1.0,deterministic,20.0,0.1,0.95,True,7189.110470791436,718911.0470791436,1031921.6762844691,69.66721056462835,313010.6292053255,0.47,0.66,0.09300778993050896,0.002313258714610764,0.9923051670000405,tm_tw_refined_support_offline,context_noise_refinement
tm_tw_refined,20263503,100,50,2,0.0,0.45,0.3,support_offline,1.0,1.0,deterministic,20.0,0.1,0.95,True,6999.640489501704,699964.0489501704,889375.0654541828,78.70290905813908,189411.0165040124,0.48,0.7,0.0864999591803228,0.0025326653427787523,0.9628872500002217,tm_tw_refined_support_offline,context_noise_refinement
tm_tw_refined,20263504,100,50,2,0.0,0.45,0.3,support_offline,1.0,1.0,deterministic,20.0,0.1,0.95,True,7107.099935231209,710709.9935231209,981813.2048810871,72.38749590959097,271103.2113579662,0.49,0.72,0.08983632560738578,0.0022761752409340527,0.9659507920000578,tm_tw_refined_support_offline,context_noise_refinement
tm_tw_refined,20263505,100,50,2,0.0,0.45,0.3,support_offline,1.0,1.0,deterministic,20.0,0.1,0.95,True,6205.098910309021,620509.8910309022,807440.6655630771,76.84897695834816,186930.77453217492,0.6,0.75,0.09066120211157341,0.002331154742385023,1.0142252499999813,tm_tw_refined_support_offline,context_noise_refinement
tm_tw_refined,20263506,100,50,2,0.0,0.45,0.3,support_offline,1.0,1.0,deterministic,20.0,0.1,0.95,True,10473.187246561021,1047318.7246561021,1492342.7431312934,70.17950329952862,445024.0184751913,0.44,0.64,0.09296725061952163,0.0024952401755745433,0.9797766669998964,tm_tw_refined_support_offline,context_noise_refinement
tm_tw,20262669,100,50,2,0.0,0.45,0.3,support_offline,1.0,1.0,deterministic,20.0,0.1,0.95,True,3649.78347817712,364978.347817712,968485.4553700334,37.685475377455525,603507.1075523214,0.3,0.55,0.0883607901354451,0.0022001322996799,0.9455494580000164,tm_tw_support_offline,context_noise_refinement
tm_tw,20262670,100,50,2,0.0,0.45,0.3,support_offline,1.0,1.0,deterministic,20.0,0.1,0.95,True,3207.7698066451903,320776.980664519,1079121.896981093,29.7257410457439,758344.9163165741,0.13,0.38,0.0916046406913969,0.0022834585661198,0.941281207999964,tm_tw_support_offline,context_noise_refinement
tm_tw,20262671,100,50,2,0.0,0.45,0.3,support_offline,1.0,1.0,deterministic,20.0,0.1,0.95,True,1914.5877743085484,191458.77743085485,1034440.7872590562,18.50843274830265,842982.0098282014,0.1,0.3,0.0905433957175465,0.0023146328417842,0.9479290419999984,tm_tw_support_offline,context_noise_refinement
tm_tw,20262672,100,50,2,0.0,0.45,0.3,support_offline,1.0,1.0,deterministic,20.0,0.1,0.95,True,6607.2939227421475,660729.3922742148,872734.7207399553,75.7079300928935,212005.32846574055,0.53,0.66,0.08784703728404858,0.0022614644740294337,0.9746703749999597,tm_tw_support_offline,context_noise_refinement
tm_tw,20262673,100,50,2,0.0,0.45,0.3,support_offline,1.0,1.0,deterministic,20.0,0.1,0.95,True,6218.1983232977545,621819.8323297754,1008807.2418197559,61.63911266220632,386987.40948998043,0.33,0.61,0.08804135491924993,0.0022474733978191264,0.9453622920000271,tm_tw_support_offline,context_noise_refinement
tm_tw,20262674,100,50,2,0.0,0.45,0.3,support_offline,1.0,1.0,deterministic,20.0,0.1,0.95,True,5778.219077345438,577821.9077345438,930609.455148456,62.09069814816854,352787.54741391225,0.34,0.57,0.0922433740146943,0.002441980085992242,0.9384500420001132,tm_tw_support_offline,context_noise_refinement
tm_tw,20262675,100,50,2,0.0,0.45,0.3,support_offline,1.0,1.0,deterministic,20.0,0.1,0.95,True,6149.355898420005,614935.5898420005,1002203.6400565645,61.358347272346116,387268.05021456396,0.34,0.56,0.09161568891573485,0.0024356340081075787,1.027694166999936,tm_tw_support_offline,context_noise_refinement
tm_tw,20262676,100,50,2,0.0,0.45,0.3,support_offline,1.0,1.0,deterministic,20.0,0.1,0.95,True,2177.298875181747,217729.8875181747,1056849.7523004166,20.601782518683276,839119.8647822419,0.07,0.23,0.09221751051992579,0.0024545560469463714,0.9545566659999167,tm_tw_support_offline,context_noise_refinement
tm_tw,20262677,100,50,2,0.0,0.45,0.3,support_offline,1.0,1.0,deterministic,20.0,0.1,0.95,True,5246.566721037628,524656.6721037627,816772.7051386279,64.23533362500338,292116.03303486516,0.46,0.6,0.0858498652734089,0.0022652561593454108,1.0754016250000404,tm_tw_support_offline,context_noise_refinement
tm_tw,20262678,100,50,2,0.0,0.45,0.3,support_offline,1.0,1.0,deterministic,20.0,0.1,0.95,True,8648.622570453514,864862.2570453513,1357323.987181528,63.71818852485106,492461.7301361767,0.45,0.62,0.08673240416332845,0.0022531766051691587,1.0464541669998653,tm_tw_support_offline,context_noise_refinement
tw,20261245,100,50,2,0.0,0.45,0.3,dense,1.0,1.0,deterministic,20.0,0.1,0.95,False,4268.709264922244,426870.9264922244,944906.159497131,45.17601268674135,518035.2330049066,0.23,0.49,0.3443494552603419,0.0179789808501039,0.995730750000007,tw_dense,context_noise_refinement
tw,20261246,100,50,2,0.0,0.45,0.3,dense,1.0,1.0,deterministic,20.0,0.1,0.95,False,5075.590284571024,507559.0284571024,1079359.095840131,47.02411184685837,571800.0673830286,0.34,0.51,0.3449983493900584,0.0180246389406566,0.999561208999978,tw_dense,context_noise_refinement
tw,20261247,100,50,2,0.0,0.45,0.3,dense,1.0,1.0,deterministic,20.0,0.1,0.95,False,4420.745855808887,442074.5855808887,1059922.9427004284,41.70818158295442,617848.3571195398,0.31,0.45,0.3436813637958031,0.0179561112897252,0.9949912920000088,tw_dense,context_noise_refinement
tw,20261248,100,50,2,0.0,0.45,0.3,dense,1.0,1.0,deterministic,20.0,0.1,0.95,False,4156.570207897395,415657.02078973956,840630.0384346631,49.44589198403312,424973.01764492353,0.35,0.46,0.3416971433126429,0.01782364957587512,1.023154624999961,tw_dense,context_noise_refinement
tw,20261249,100,50,2,0.0,0.45,0.3,dense,1.0,1.0,deterministic,20.0,0.1,0.95,False,4966.294001280797,496629.40012807964,1075192.7038091253,46.18980377830431,578563.3036810458,0.3,0.57,0.34439991462107866,0.0180162828684626,1.0325797909999892,tw_dense,context_noise_refinement
tw,20261250,100,50,2,0.0,0.45,0.3,dense,1.0,1.0,deterministic,20.0,0.1,0.95,False,5084.55910050768,508455.910050768,937440.53580315,54.23873735256707,428984.62575238204,0.37,0.55,0.34548296264119205,0.018057425982395344,1.0320720830000027,tw_dense,context_noise_refinement
tw,20261251,100,50,2,0.0,0.45,0.3,dense,1.0,1.0,deterministic,20.0,0.1,0.95,False,5016.197416263163,501619.74162631633,1026528.8684458425,48.865624440330166,524909.1268195262,0.3,0.42,0.3396102543840762,0.01772511760556383,1.0080683329999829,tw_dense,context_noise_refinement
tw,20261252,100,50,2,0.0,0.45,0.3,dense,1.0,1.0,deterministic,20.0,0.1,0.95,False,7337.435070028072,733743.5070028072,1183557.9968230613,61.994723450168195,449814.48982025404,0.4,0.63,0.34285355629170905,0.01789967988712526,1.035562791999837,tw_dense,context_noise_refinement
tw,20261253,100,50,2,0.0,0.45,0.3,dense,1.0,1.0,deterministic,20.0,0.1,0.95,False,2980.6932380805306,298069.32380805304,801031.3928858459,37.21069192234899,502962.0690777928,0.23,0.45,0.34359108717495146,0.01796996660814805,0.9984867089999625,tw_dense,context_noise_refinement
tw,20261254,100,50,2,0.0,0.45,0.3,dense,1.0,1.0,deterministic,20.0,0.1,0.95,False,6873.117831743944,687311.7831743944,1304319.982421391,52.69502824747358,617008.1992469965,0.3,0.5,0.33881837402598425,0.017722860161232274,1.0166837079998459,tw_dense,context_noise_refinement
tw,20262069,100,50,2,0.0,0.45,0.3,gated_offline,1.0,1.0,deterministic,20.0,0.1,0.95,False,5414.36470296411,541436.470296411,996983.1691447254,54.30748352160138,455546.69884831447,0.38,0.58,0.2678058943767345,0.0140240364434555,0.9547100409999985,tw_gated_offline,context_noise_refinement
tw,20262070,100,50,2,0.0,0.45,0.3,gated_offline,1.0,1.0,deterministic,20.0,0.1,0.95,False,5285.949825587903,528594.9825587904,970266.2175391592,54.4793761756893,441671.2349803688,0.38,0.64,0.2677193882226291,0.0139798550848108,0.9651397090000272,tw_gated_offline,context_noise_refinement
tw,20262071,100,50,2,0.0,0.45,0.3,gated_offline,1.0,1.0,deterministic,20.0,0.1,0.95,False,5874.024551390378,587402.4551390378,955079.2509148144,61.50300664331253,367676.7957757765,0.42,0.6,0.2687011995083324,0.0140168584421962,0.9603995420000048,tw_gated_offline,context_noise_refinement
tw,20262072,100,50,2,0.0,0.45,0.3,gated_offline,1.0,1.0,deterministic,20.0,0.1,0.95,False,4558.320738257942,455832.0738257942,897235.8746723861,50.804040129607536,441403.8008465919,0.4,0.55,0.264665391850424,0.013847031852943238,0.9704949590000069,tw_gated_offline,context_noise_refinement
tw,20262073,100,50,2,0.0,0.45,0.3,gated_offline,1.0,1.0,deterministic,20.0,0.1,0.95,False,3013.91416557592,301391.416557592,916280.8872274765,32.89290661399209,614889.4706698845,0.23,0.52,0.2661963685395319,0.013905013764854849,0.9807160410000506,tw_gated_offline,context_noise_refinement
tw,20262074,100,50,2,0.0,0.45,0.3,gated_offline,1.0,1.0,deterministic,20.0,0.1,0.95,False,5523.144708317779,552314.4708317779,1018931.3923444041,54.20526592678506,466616.9215126262,0.4,0.56,0.2721351444800338,0.014241494405521977,1.0102200420001282,tw_gated_offline,context_noise_refinement
tw,20262075,100,50,2,0.0,0.45,0.3,gated_offline,1.0,1.0,deterministic,20.0,0.1,0.95,False,5056.360874725611,505636.08747256116,950093.3061149487,53.219624243030495,444457.21864238754,0.37,0.57,0.2668250437672166,0.013960554958734288,1.0937910829998145,tw_gated_offline,context_noise_refinement
tw,20262076,100,50,2,0.0,0.45,0.3,gated_offline,1.0,1.0,deterministic,20.0,0.1,0.95,False,7105.971233981955,710597.1233981955,1065580.4216598035,66.68639071758962,354983.298261608,0.47,0.68,0.2676171522652354,0.013967074300147335,0.9854362920000312,tw_gated_offline,context_noise_refinement
tw,20262077,100,50,2,0.0,0.45,0.3,gated_offline,1.0,1.0,deterministic,20.0,0.1,0.95,False,5206.605586337576,520660.5586337576,741267.9586970914,70.23918308150131,220607.40006333386,0.44,0.65,0.2682360209295874,0.014050194411869844,0.9933493749999798,tw_gated_offline,context_noise_refinement
tw,20262078,100,50,2,0.0,0.45,0.3,gated_offline,1.0,1.0,deterministic,20.0,0.1,0.95,False,7331.095022250506,733109.5022250506,1225895.6962300802,59.8019476273174,492786.1940050296,0.39,0.56,0.269288412703691,0.0140883474322866,1.0539375830001063,tw_gated_offline,context_noise_refinement
tw,20263025,100,50,2,0.0,0.45,0.3,gated_offline_low_rank,1.0,1.0,deterministic,20.0,0.1,0.95,False,3823.211820371156,382321.1820371156,966643.3944010802,39.551419298116336,584322.2123639646,0.21,0.43,0.2677134651550255,0.0139899704322899,2.4251616669999976,tw_gated_offline_low_rank,context_noise_refinement
tw,20263026,100,50,2,0.0,0.45,0.3,gated_offline_low_rank,1.0,1.0,deterministic,20.0,0.1,0.95,False,5330.563027701936,533056.3027701937,973455.4531094644,54.75918811358817,440399.1503392706,0.38,0.56,0.2676716441037512,0.0140055150294173,2.413362209000013,tw_gated_offline_low_rank,context_noise_refinement
tw,20263027,100,50,2,0.0,0.45,0.3,gated_offline_low_rank,1.0,1.0,deterministic,20.0,0.1,0.95,False,7374.864029502101,737486.4029502101,1087324.7135202857,67.82577401028153,349838.3105700755,0.53,0.73,0.2680498428667056,0.014030506860711,2.5607564580000144,tw_gated_offline_low_rank,context_noise_refinement
tw,20263028,100,50,2,0.0,0.45,0.3,gated_offline_low_rank,1.0,1.0,deterministic,20.0,0.1,0.95,False,5110.6345432438675,511063.4543243867,822088.8142772467,62.16645275409772,311025.35995286,0.33,0.58,0.26612633139200387,0.013887480296545752,2.669695208999883,tw_gated_offline_low_rank,context_noise_refinement
tw,20263029,100,50,2,0.0,0.45,0.3,gated_offline_low_rank,1.0,1.0,deterministic,20.0,0.1,0.95,False,4452.853747728505,445285.37477285054,1011978.4018928725,44.00147018354926,566693.027120022,0.26,0.5,0.26882918931091426,0.014061613110690145,2.513128209000115,tw_gated_offline_low_rank,context_noise_refinement
tw,20263030,100,50,2,0.0,0.45,0.3,gated_offline_low_rank,1.0,1.0,deterministic,20.0,0.1,0.95,False,4241.978935029981,424197.89350299805,1029068.7954621023,41.221529150780675,604870.9019591042,0.31,0.49,0.2686412389733153,0.014061356807088228,2.371596082999986,tw_gated_offline_low_rank,context_noise_refinement
tw,20263031,100,50,2,0.0,0.45,0.3,gated_offline_low_rank,1.0,1.0,deterministic,20.0,0.1,0.95,False,4091.1939886786213,409119.3988678621,904960.3467846453,45.208544255168434,495840.9479167832,0.24,0.49,0.26684757534922693,0.013970781990758836,2.4023054580000007,tw_gated_offline_low_rank,context_noise_refinement
tw,20263032,100,50,2,0.0,0.45,0.3,gated_offline_low_rank,1.0,1.0,deterministic,20.0,0.1,0.95,False,4354.532371856997,435453.2371856997,1059884.6243694695,41.084965964550435,624431.3871837698,0.27,0.5,0.26577808083045923,0.013880365587194674,2.3571315839999443,tw_gated_offline_low_rank,context_noise_refinement
tw,20263033,100,50,2,0.0,0.45,0.3,gated_offline_low_rank,1.0,1.0,deterministic,20.0,0.1,0.95,False,3336.852393896577,333685.2393896577,768859.2760669045,43.40004078465733,435174.03667724686,0.28,0.56,0.26752074387937647,0.013959952157106438,2.4099951670000337,tw_gated_offline_low_rank,context_noise_refinement
tw,20263034,100,50,2,0.0,0.45,0.3,gated_offline_low_rank,1.0,1.0,deterministic,20.0,0.1,0.95,False,7047.180162279052,704718.0162279052,1221613.468035027,57.68747927783152,516895.45180712175,0.4,0.55,0.2645398327266992,0.013837563286592962,2.3633299999999053,tw_gated_offline_low_rank,context_noise_refinement
tw,20262349,100,50,2,0.0,0.45,0.3,support_offline,1.0,1.0,deterministic,20.0,0.1,0.95,True,5957.065237177291,595706.5237177291,1045554.9183144462,56.97515389034523,449848.3945967171,0.39,0.64,0.0920987827832174,0.0024809622035031,0.9420717909999894,tw_support_offline,context_noise_refinement
tw,20262350,100,50,2,0.0,0.45,0.3,support_offline,1.0,1.0,deterministic,20.0,0.1,0.95,True,6078.835795266666,607883.5795266666,1025214.9337711968,59.29328177951917,417331.3542445302,0.41,0.64,0.0931937907764668,0.002251658776062,0.9426605419999988,tw_support_offline,context_noise_refinement
tw,20262351,100,50,2,0.0,0.45,0.3,support_offline,1.0,1.0,deterministic,20.0,0.1,0.95,True,1633.3621834499866,163336.21834499866,956019.575948682,17.08502863897071,792683.3576036835,0.12,0.28,0.0883894143715605,0.0024803398213592,0.9416424159999792,tw_support_offline,context_noise_refinement
tw,20262352,100,50,2,0.0,0.45,0.3,support_offline,1.0,1.0,deterministic,20.0,0.1,0.95,True,5248.8000906997295,524880.0090699729,851884.0135385391,61.61402265194961,327004.00446856616,0.39,0.62,0.08925177529225478,0.0023925369729075868,0.9359969170000113,tw_support_offline,context_noise_refinement
tw,20262353,100,50,2,0.0,0.45,0.3,support_offline,1.0,1.0,deterministic,20.0,0.1,0.95,True,3772.377958707939,377237.79587079387,1020359.1208089372,36.97108088490658,643121.3249381434,0.26,0.54,0.09372867303168102,0.0024086728332465205,0.9259577090001585,tw_support_offline,context_noise_refinement
tw,20262354,100,50,2,0.0,0.45,0.3,support_offline,1.0,1.0,deterministic,20.0,0.1,0.95,True,2423.2223220350315,242322.23220350314,922889.4282009689,26.256908444153822,680567.1959974658,0.16,0.45,0.08850067662914965,0.0024812059959788044,0.9158451250000326,tw_support_offline,context_noise_refinement
tw,20262355,100,50,2,0.0,0.45,0.3,support_offline,1.0,1.0,deterministic,20.0,0.1,0.95,True,3836.1094531700296,383610.94531700294,985475.9373580308,38.92646494702125,601864.9920410279,0.27,0.48,0.09117004023448831,0.002072257673757508,0.9210686669998722,tw_support_offline,context_noise_refinement
tw,20262356,100,50,2,0.0,0.45,0.3,support_offline,1.0,1.0,deterministic,20.0,0.1,0.95,True,5919.572239447153,591957.2239447153,1147520.7152259105,51.58575493150707,555563.4912811952,0.26,0.49,0.09114579256107243,0.002274100927710647,0.9452959170000668,tw_support_offline,context_noise_refinement
tw,20262357,100,50,2,0.0,0.45,0.3,support_offline,1.0,1.0,deterministic,20.0,0.1,0.95,True,5221.278630186859,522127.8630186859,828606.217968887,63.01278601294434,306478.35495020106,0.43,0.6,0.08545668315530147,0.0023359108447191797,0.9860287919998427,tw_support_offline,context_noise_refinement
tw,20262358,100,50,2,0.0,0.45,0.3,support_offline,1.0,1.0,deterministic,20.0,0.1,0.95,True,4932.607664098929,493260.7664098928,1185428.5248264847,41.61033382270712,692167.7584165919,0.3,0.45,0.08893171929614173,0.0024779033150770778,0.9952323749998868,tw_support_offline,context_noise_refinement
exp4,20261395,100,100,2,0.0,0.45,0.0,dense,1.0,1.0,deterministic,20.0,0.1,0.95,False,6810.960528713198,681096.0528713198,823953.3886173352,82.66196392665582,142857.33574601542,0.51,0.79,0.3608688450354392,0.0092310131836951,3.1238135830000147,exp4_dense,context_noise_refinement
exp4,20261396,100,100,2,0.0,0.45,0.0,dense,1.0,1.0,deterministic,20.0,0.1,0.95,False,11139.400166355492,1113940.0166355493,1239049.910452791,89.90275591307517,125109.89381724175,0.68,0.81,0.360591626808864,0.0092268479516313,3.142199374999961,exp4_dense,context_noise_refinement
exp4,20261397,100,100,2,0.0,0.45,0.0,dense,1.0,1.0,deterministic,20.0,0.1,0.95,False,4399.521012505335,439952.1012505336,1018229.8578848148,43.20754276096884,578277.7566342812,0.28,0.53,0.3606383977316835,0.0092278515631677,3.321456000000012,exp4_dense,context_noise_refinement
exp4,20261398,100,100,2,0.0,0.45,0.0,dense,1.0,1.0,deterministic,20.0,0.1,0.95,False,3276.6879497389004,327668.79497389006,1056412.105180229,31.017137475719117,728743.310206339,0.21,0.42,0.35988200209943694,0.009208815909318453,3.0577158749999853,exp4_dense,context_noise_refinement
exp4,20261399,100,100,2,0.0,0.45,0.0,dense,1.0,1.0,deterministic,20.0,0.1,0.95,False,3912.9847001375806,391298.47001375805,878083.0672189696,44.562807850635735,486784.5972052115,0.24,0.44,0.3616283053673056,0.009251951670366115,3.3806435409999267,exp4_dense,context_noise_refinement
exp4,20261400,100,100,2,0.0,0.45,0.0,dense,1.0,1.0,deterministic,20.0,0.1,0.95,False,5411.584125976861,541158.4125976862,878058.715531605,61.631232971709814,336900.3029339188,0.29,0.6,0.36150158410149086,0.009245181769270281,3.185118040999896,exp4_dense,context_noise_refinement
exp4,20261401,100,100,2,0.0,0.45,0.0,dense,1.0,1.0,deterministic,20.0,0.1,0.95,False,2086.9380766833247,208693.80766833248,1261647.7554963527,16.54136875836861,1052953.9478280202,0.13,0.28,0.3610391509788918,0.009238169715350375,2.9857678329999544,exp4_dense,context_noise_refinement
exp4,20261402,100,100,2,0.0,0.45,0.0,dense,1.0,1.0,deterministic,20.0,0.1,0.95,False,6760.1323938462465,676013.2393846246,849586.8972089678,79.56964044589658,173573.6578243432,0.49,0.73,0.3613572475600166,0.00924554296360871,3.1484534159999384,exp4_dense,context_noise_refinement
exp4,20261403,100,100,2,0.0,0.45,0.0,dense,1.0,1.0,deterministic,20.0,0.1,0.95,False,8950.443848659683,895044.3848659683,1177473.0586745497,76.01400119281676,282428.6738085814,0.48,0.72,0.3605532278730893,0.009224819972602143,3.0375784159998602,exp4_dense,context_noise_refinement
exp4,20261404,100,100,2,0.0,0.45,0.0,dense,1.0,1.0,deterministic,20.0,0.1,0.95,False,7522.041721175091,752204.1721175091,970935.1634721536,77.47213206570433,218730.99135464453,0.47,0.66,0.361272377073444,0.009241707995438577,2.839092124999979,exp4_dense,context_noise_refinement
global_ucb_tw,20262374,100,100,2,0.0,0.45,0.0,dense,1.0,1.0,deterministic,20.0,0.1,0.95,False,4823.303896748199,482330.3896748199,900748.9303415108,53.54770607298403,418418.5406666909,0.26,0.51,0.3606700066800267,0.0092289797104422,3.1090152499999704,global_ucb_tw_dense,context_noise_refinement
global_ucb_tw,20262375,100,100,2,0.0,0.45,0.0,dense,1.0,1.0,deterministic,20.0,0.1,0.95,False,3939.420539197574,393942.05391975737,988733.2966244444,39.84310584711606,594791.242704687,0.25,0.54,0.3599972802748353,0.0092117656969972,3.0966448749999813,global_ucb_tw_dense,context_noise_refinement
global_ucb_tw,20262376,100,100,2,0.0,0.45,0.0,dense,1.0,1.0,deterministic,20.0,0.1,0.95,False,3266.5290354285257,326652.9035428525,1043429.6016559426,31.305696428819747,716776.6981130901,0.23,0.5,0.3602242580398893,0.0092175737019591,3.211427709000077,global_ucb_tw_dense,context_noise_refinement
global_ucb_tw,20262377,100,100,2,0.0,0.45,0.0,dense,1.0,1.0,deterministic,20.0,0.1,0.95,False,6741.5173932828475,674151.7393282847,1147024.9460001364,58.77393876036978,472873.2066718517,0.42,0.62,0.3597063259318144,0.009204275238632455,2.7735935829998652,global_ucb_tw_dense,context_noise_refinement
global_ucb_tw,20262378,100,100,2,0.0,0.45,0.0,dense,1.0,1.0,deterministic,20.0,0.1,0.95,False,5652.496364725595,565249.6364725595,1073193.1597062778,52.66988811476051,507943.52323371824,0.4,0.56,0.3599023494084895,0.009209017364188896,3.003687707999916,global_ucb_tw_dense,context_noise_refinement
global_ucb_tw,20262379,100,100,2,0.0,0.45,0.0,dense,1.0,1.0,deterministic,20.0,0.1,0.95,False,3594.7834110101394,359478.34110101394,1060829.0480774248,33.88654767254991,701350.7069764108,0.24,0.47,0.3595928046569329,0.009201415800410728,2.953226208999922,global_ucb_tw_dense,context_noise_refinement
global_ucb_tw,20262380,100,100,2,0.0,0.45,0.0,dense,1.0,1.0,deterministic,20.0,0.1,0.95,False,6081.140741764527,608114.0741764527,1255116.9874100913,48.45078827522555,647002.9132336386,0.31,0.53,0.3614538124151921,0.009248381645874087,2.7582539999998517,global_ucb_tw_dense,context_noise_refinement
global_ucb_tw,20262381,100,100,2,0.0,0.45,0.0,dense,1.0,1.0,deterministic,20.0,0.1,0.95,False,3099.823312942981,309982.3312942981,998811.0971615602,31.035130884629897,688828.7658672621,0.26,0.48,0.36007309857810865,0.009213705768446557,3.0180532500000936,global_ucb_tw_dense,context_noise_refinement
global_ucb_tw,20262382,100,100,2,0.0,0.45,0.0,dense,1.0,1.0,deterministic,20.0,0.1,0.95,False,6833.336299069333,683333.6299069333,1258096.0403240717,54.31490188387479,574762.4104171384,0.37,0.55,0.3600749599455025,0.009213296754012617,2.812268417000041,global_ucb_tw_dense,context_noise_refinement
global_ucb_tw,20262383,100,100,2,0.0,0.45,0.0,dense,1.0,1.0,deterministic,20.0,0.1,0.95,False,4653.631189061653,465363.11890616524,1075498.534367868,43.26952608816764,610135.4154617027,0.32,0.55,0.36072013073766585,0.00923026230645071,2.912901791999957,global_ucb_tw_dense,context_noise_refinement
local_ucb_tw,20262272,100,100,2,0.0,0.45,0.0,dense,1.0,1.0,deterministic,20.0,0.1,0.95,False,5182.680885010844,518268.0885010844,948835.263944297,54.62150366826061,430567.1754432126,0.33,0.59,0.360575775946951,0.0092252943072516,3.0977978749999693,local_ucb_tw_dense,context_noise_refinement
local_ucb_tw,20262273,100,100,2,0.0,0.45,0.0,dense,1.0,1.0,deterministic,20.0,0.1,0.95,False,5206.645876993588,520664.5876993588,1139584.6985971043,45.68897672461971,618920.1108977457,0.36,0.56,0.3601001357012126,0.0092143040283648,3.1419650000000274,local_ucb_tw_dense,context_noise_refinement
local_ucb_tw,20262274,100,100,2,0.0,0.45,0.0,dense,1.0,1.0,deterministic,20.0,0.1,0.95,False,3466.4558981257887,346645.58981257887,909171.1514941044,38.12764947973898,562525.5616815257,0.27,0.49,0.3609615639934427,0.0092349598677479,3.2203950840000743,local_ucb_tw_dense,context_noise_refinement
local_ucb_tw,20262275,100,100,2,0.0,0.45,0.0,dense,1.0,1.0,deterministic,20.0,0.1,0.95,False,5849.148165402669,584914.816540267,1053300.5722631759,55.531614806160114,468385.7557229089,0.29,0.55,0.3596551695297035,0.009202873601109591,2.762797583000065,local_ucb_tw_dense,context_noise_refinement
local_ucb_tw,20262276,100,100,2,0.0,0.45,0.0,dense,1.0,1.0,deterministic,20.0,0.1,0.95,False,4283.402594742812,428340.25947428116,910385.744860858,47.05041372761697,482045.4853865768,0.3,0.54,0.36026762627411196,0.009217933878848708,2.964829416000157,local_ucb_tw_dense,context_noise_refinement
local_ucb_tw,20262277,100,100,2,0.0,0.45,0.0,dense,1.0,1.0,deterministic,20.0,0.1,0.95,False,5998.1819833363725,599818.1983336372,967017.2868081845,62.027660365146694,367199.08847454726,0.4,0.59,0.360259757610459,0.009218482080284042,3.2490459160001137,local_ucb_tw_dense,context_noise_refinement
local_ucb_tw,20262278,100,100,2,0.0,0.45,0.0,dense,1.0,1.0,deterministic,20.0,0.1,0.95,False,7439.970360168265,743997.0360168265,1277760.1696742603,58.2266573708033,533763.1336574338,0.35,0.56,0.36194429983973875,0.009260040999118485,3.0179812919998312,local_ucb_tw_dense,context_noise_refinement
local_ucb_tw,20262279,100,100,2,0.0,0.45,0.0,dense,1.0,1.0,deterministic,20.0,0.1,0.95,False,5179.3395297988845,517933.9529798884,886745.8133377129,58.408390001908664,368811.8603578245,0.38,0.57,0.3603438357897687,0.009219645024308889,3.2122584999999617,local_ucb_tw_dense,context_noise_refinement
local_ucb_tw,20262280,100,100,2,0.0,0.45,0.0,dense,1.0,1.0,deterministic,20.0,0.1,0.95,False,6360.871465319947,636087.1465319947,1176532.9112484313,54.064543409757746,540445.7647164366,0.36,0.55,0.3599842307385047,0.009211415287616511,2.8367095829999016,local_ucb_tw_dense,context_noise_refinement
local_ucb_tw,20262281,100,100,2,0.0,0.45,0.0,dense,1.0,1.0,deterministic,20.0,0.1,0.95,False,5821.186259031961,582118.625903196,1148472.0594937466,50.686355065511776,566353.4335905506,0.32,0.57,0.36108492201489983,0.009238316227983429,3.227889792000042,local_ucb_tw_dense,context_noise_refinement
oracle,20261640,100,100,2,0.0,0.45,0.0,dense,1.0,1.0,deterministic,20.0,0.1,0.95,False,9738.080026210324,973808.0026210324,973808.0026210324,100.0,0.0,1.0,1.0,0.3597570378852944,0.009205618271102,0.0205412920000185,oracle,context_noise_refinement
oracle,20261641,100,100,2,0.0,0.45,0.0,dense,1.0,1.0,deterministic,20.0,0.1,0.95,False,13557.335068332784,1355733.5068332783,1355733.5068332783,100.0,0.0,1.0,1.0,0.360093234087222,0.0092142210045394,0.0206389999999601,oracle,context_noise_refinement
oracle,20261642,100,100,2,0.0,0.45,0.0,dense,1.0,1.0,deterministic,20.0,0.1,0.95,False,12205.399656100664,1220539.9656100664,1220539.9656100664,100.0,0.0,1.0,1.0,0.3598306562430303,0.0092066047894979,0.0204650839999658,oracle,context_noise_refinement
oracle,20261643,100,100,2,0.0,0.45,0.0,dense,1.0,1.0,deterministic,20.0,0.1,0.95,False,10425.980772176617,1042598.0772176617,1042598.0772176617,100.0,0.0,1.0,1.0,0.3598512262620479,0.009208028403915797,0.021978958000090643,oracle,context_noise_refinement
oracle,20261644,100,100,2,0.0,0.45,0.0,dense,1.0,1.0,deterministic,20.0,0.1,0.95,False,10617.172409698078,1061717.2409698078,1061717.2409698078,100.0,0.0,1.0,1.0,0.35993654881116166,0.009209304284761957,0.020880708000049708,oracle,context_noise_refinement
oracle,20261645,100,100,2,0.0,0.45,0.0,dense,1.0,1.0,deterministic,20.0,0.1,0.95,False,10966.724731356826,1096672.4731356825,1096672.4731356825,100.0,0.0,1.0,1.0,0.3600143478060998,0.009211886569919493,0.020747207999875172,oracle,context_noise_refinement
oracle,20261646,100,100,2,0.0,0.45,0.0,dense,1.0,1.0,deterministic,20.0,0.1,0.95,False,15476.61503474194,1547661.503474194,1547661.503474194,100.0,0.0,1.0,1.0,0.36036499188853893,0.009221174860385673,0.02100174999986848,oracle,context_noise_refinement
oracle,20261647,100,100,2,0.0,0.45,0.0,dense,1.0,1.0,deterministic,20.0,0.1,0.95,False,10789.826365531602,1078982.6365531601,1078982.6365531601,100.0,0.0,1.0,1.0,0.35977839242656146,0.009206155484089951,0.02190199999995457,oracle,context_noise_refinement
oracle,20261648,100,100,2,0.0,0.45,0.0,dense,1.0,1.0,deterministic,20.0,0.1,0.95,False,13350.559381255212,1335055.9381255212,1335055.9381255212,100.0,0.0,1.0,1.0,0.3599110207737868,0.009209032015452203,0.021108666999907655,oracle,context_noise_refinement
oracle,20261649,100,100,2,0.0,0.45,0.0,dense,1.0,1.0,deterministic,20.0,0.1,0.95,False,11497.782101802246,1149778.2101802246,1149778.2101802246,100.0,0.0,1.0,1.0,0.35972550691990046,0.00920466593898726,0.021089125000116837,oracle,context_noise_refinement
state_thompson,20262538,100,100,2,0.0,0.45,0.0,dense,1.0,1.0,deterministic,20.0,0.1,0.95,False,5490.489349994012,549048.9349994012,939244.4610917256,58.45644640386988,390195.5260923245,0.33,0.52,0.3600529060563207,0.0092129512283863,0.0236777910000114,state_thompson,context_noise_refinement
state_thompson,20262539,100,100,2,0.0,0.45,0.0,dense,1.0,1.0,deterministic,20.0,0.1,0.95,False,4743.494899517335,474349.4899517335,997392.5161273468,47.55895821171058,523043.0261756132,0.28,0.47,0.3612740055529413,0.0092428617824238,0.0239102919999822,state_thompson,context_noise_refinement
state_thompson,20262540,100,100,2,0.0,0.45,0.0,dense,1.0,1.0,deterministic,20.0,0.1,0.95,False,2923.243838381617,292324.3838381617,928204.4829803604,31.49353285814145,635880.0991421987,0.2,0.37,0.3611168688393977,0.0092385530900735,0.0241380830000252,state_thompson,context_noise_refinement
state_thompson,20262541,100,100,2,0.0,0.45,0.0,dense,1.0,1.0,deterministic,20.0,0.1,0.95,False,5437.763431743597,543776.3431743596,1050167.4003993787,51.77996793345151,506391.0572250191,0.31,0.51,0.36061249281770885,0.009227504816602814,0.025140540999927907,state_thompson,context_noise_refinement
state_thompson,20262542,100,100,2,0.0,0.45,0.0,dense,1.0,1.0,deterministic,20.0,0.1,0.95,False,3921.5002050537023,392150.0205053702,954329.234856106,41.091691020499724,562179.2143507358,0.26,0.47,0.3607920374568847,0.009230043147970437,0.025723582999944483,state_thompson,context_noise_refinement
state_thompson,20262543,100,100,2,0.0,0.45,0.0,dense,1.0,1.0,deterministic,20.0,0.1,0.95,False,4756.063138254354,475606.31382543547,992429.6400139777,47.92342899177587,516823.3261885422,0.25,0.51,0.36132432852201957,0.009244682812358832,0.025435124999830805,state_thompson,context_noise_refinement
state_thompson,20262544,100,100,2,0.0,0.45,0.0,dense,1.0,1.0,deterministic,20.0,0.1,0.95,False,5277.798159564126,527779.8159564126,1215544.5685376585,43.41920729334915,687764.752581246,0.22,0.45,0.3602593541516046,0.009216677533020287,0.025850166999816793,state_thompson,context_noise_refinement
state_thompson,20262545,100,100,2,0.0,0.45,0.0,dense,1.0,1.0,deterministic,20.0,0.1,0.95,False,4529.99094860166,452999.094860166,901369.8765553447,50.25673773249861,448370.78169517865,0.29,0.48,0.36088693754212436,0.00923374442336291,0.02530512499993165,state_thompson,context_noise_refinement
state_thompson,20262546,100,100,2,0.0,0.45,0.0,dense,1.0,1.0,deterministic,20.0,0.1,0.95,False,4789.005982428805,478900.5982428805,1164811.5772910372,41.11399711158807,685910.9790481566,0.23,0.38,0.36040159645203,0.009222110709829291,0.02532566699983363,state_thompson,context_noise_refinement
state_thompson,20262547,100,100,2,0.0,0.45,0.0,dense,1.0,1.0,deterministic,20.0,0.1,0.95,False,5018.324169450932,501832.4169450932,1110934.3761630761,45.17210266535386,609101.959217983,0.26,0.52,0.36119530591208987,0.009241132933353848,0.02534525000010035,state_thompson,context_noise_refinement
tm_tw,20261565,100,100,2,0.0,0.45,0.0,dense,1.0,1.0,deterministic,20.0,0.1,0.95,False,2926.8355861628056,292683.55861628056,841014.6374965073,34.801244302658894,548331.0788802267,0.25,0.37,0.3599662181505869,0.0092109708659629,3.113774499999977,tm_tw_dense,context_noise_refinement
tm_tw,20261566,100,100,2,0.0,0.45,0.0,dense,1.0,1.0,deterministic,20.0,0.1,0.95,False,6891.3371733439135,689133.7173343913,1047126.5944652352,65.8118818657576,357992.87713084393,0.46,0.68,0.3603868529980802,0.0092216003574908,3.10936166700003,tm_tw_dense,context_noise_refinement
tm_tw,20261567,100,100,2,0.0,0.45,0.0,dense,1.0,1.0,deterministic,20.0,0.1,0.95,False,5656.104338179708,565610.4338179708,1014933.7405215738,55.72880388500081,449323.306703603,0.4,0.58,0.3603307923340189,0.0092195656632993,3.1360167499999534,tm_tw_dense,context_noise_refinement
tm_tw,20261568,100,100,2,0.0,0.45,0.0,dense,1.0,1.0,deterministic,20.0,0.1,0.95,False,4614.6368668434125,461463.6866843412,1044700.7646860176,44.171853059094204,583237.0780016764,0.24,0.47,0.3595739097242103,0.009200932308721656,3.9922345830000268,tm_tw_dense,context_noise_refinement
tm_tw,20261569,100,100,2,0.0,0.45,0.0,dense,1.0,1.0,deterministic,20.0,0.1,0.95,False,4307.3717554920895,430737.17554920894,970836.7155157746,44.367623171356065,540099.5399665656,0.25,0.5,0.3597601870407482,0.009205698853050276,3.3926121660001627,tm_tw_dense,context_noise_refinement
tm_tw,20261570,100,100,2,0.0,0.45,0.0,dense,1.0,1.0,deterministic,20.0,0.1,0.95,False,4705.473329293162,470547.33292931627,916341.0736966184,51.35067568575505,445793.74076730217,0.29,0.5,0.36070015222059104,0.009229669947735693,3.0698690829999578,tm_tw_dense,context_noise_refinement
tm_tw,20261571,100,100,2,0.0,0.45,0.0,dense,1.0,1.0,deterministic,20.0,0.1,0.95,False,5338.379228574,533837.9228574,1257276.6261540104,42.45986219360507,723438.7032966104,0.31,0.46,0.3600277936826033,0.00921254648723753,3.7663538339998013,tm_tw_dense,context_noise_refinement
tm_tw,20261572,100,100,2,0.0,0.45,0.0,dense,1.0,1.0,deterministic,20.0,0.1,0.95,False,3674.2604690955604,367426.046909556,923205.2128753816,39.798957131663514,555779.1659658256,0.24,0.46,0.36034431298885394,0.00922035377917128,3.6052959579999424,tm_tw_dense,context_noise_refinement
tm_tw,20261573,100,100,2,0.0,0.45,0.0,dense,1.0,1.0,deterministic,20.0,0.1,0.95,False,3837.370024753038,383737.0024753038,1084793.29818504,35.37420475562777,701056.2957097362,0.26,0.51,0.3608044342764949,0.00923009931114644,3.494353374999946,tm_tw_dense,context_noise_refinement
tm_tw,20261574,100,100,2,0.0,0.45,0.0,dense,1.0,1.0,deterministic,20.0,0.1,0.95,False,4021.6861587075064,402168.6158707506,1050479.3471782254,38.284295350598484,648310.7313074748,0.25,0.53,0.36093455959538123,0.009233844540328828,3.6552247920001264,tm_tw_dense,context_noise_refinement
tm_tw,20262389,100,100,2,0.0,0.45,0.0,gated_offline,1.0,1.0,deterministic,20.0,0.1,0.95,False,4599.392602994424,459939.26029944245,957364.3183619168,48.04223966550313,497425.0580624744,0.31,0.5,0.3068032153280126,0.0078506130172133,2.899979916999996,tm_tw_gated_offline,context_noise_refinement
tm_tw,20262390,100,100,2,0.0,0.45,0.0,gated_offline,1.0,1.0,deterministic,20.0,0.1,0.95,False,6120.501513754794,612050.1513754794,1193665.27797739,51.274855913759154,581615.1266019106,0.34,0.5,0.3068659659937354,0.0078515636996683,2.953764374999992,tm_tw_gated_offline,context_noise_refinement
tm_tw,20262391,100,100,2,0.0,0.45,0.0,gated_offline,1.0,1.0,deterministic,20.0,0.1,0.95,False,7263.184125374239,726318.4125374239,1130593.4177274762,64.24222900548492,404275.0051900523,0.39,0.55,0.3068282728829892,0.007851254200739,2.968022124999948,tm_tw_gated_offline,context_noise_refinement
tm_tw,20262392,100,100,2,0.0,0.45,0.0,gated_offline,1.0,1.0,deterministic,20.0,0.1,0.95,False,5983.131022646491,598313.1022646491,1015581.1756332015,58.913370651204595,417268.0733685524,0.39,0.57,0.30688110002970137,0.007852605964556739,3.0655743340000754,tm_tw_gated_offline,context_noise_refinement
tm_tw,20262393,100,100,2,0.0,0.45,0.0,gated_offline,1.0,1.0,deterministic,20.0,0.1,0.95,False,4191.109548486059,419110.9548486059,817112.6796282266,51.29169639605823,398001.72477962065,0.36,0.62,0.3073554059411116,0.007863674908544269,2.966366459000028,tm_tw_gated_offline,context_noise_refinement
tm_tw,20262394,100,100,2,0.0,0.45,0.0,gated_offline,1.0,1.0,deterministic,20.0,0.1,0.95,False,5820.402045198821,582040.2045198821,928108.2517537756,62.712534170453175,346068.04723389354,0.35,0.56,0.30755776702105025,0.00786962563689707,2.8636251249999987,tm_tw_gated_offline,context_noise_refinement
tm_tw,20262395,100,100,2,0.0,0.45,0.0,gated_offline,1.0,1.0,deterministic,20.0,0.1,0.95,False,6498.531348157353,649853.1348157353,1139799.6976687165,57.01467864440647,489946.56285298127,0.48,0.69,0.30773622986435023,0.007872214367017051,2.864034375000074,tm_tw_gated_offline,context_noise_refinement
tm_tw,20262396,100,100,2,0.0,0.45,0.0,gated_offline,1.0,1.0,deterministic,20.0,0.1,0.95,False,4981.694181593664,498169.41815936647,877315.6802116336,56.783371071082854,379146.2620522671,0.48,0.6,0.30739208944339763,0.007864306472364677,2.806063833999815,tm_tw_gated_offline,context_noise_refinement
tm_tw,20262397,100,100,2,0.0,0.45,0.0,gated_offline,1.0,1.0,deterministic,20.0,0.1,0.95,False,6445.269418095576,644526.9418095576,1159059.7718144115,55.60773978037426,514532.8300048539,0.33,0.52,0.30710757060620636,0.007858298522739476,3.0374282919999587,tm_tw_gated_offline,context_noise_refinement
tm_tw,20262398,100,100,2,0.0,0.45,0.0,gated_offline,1.0,1.0,deterministic,20.0,0.1,0.95,False,5887.810313154404,588781.0313154404,1034332.1712492764,56.923785963681766,445551.13993383595,0.4,0.57,0.30679647002401716,0.007850336850030228,2.9178855840000324,tm_tw_gated_offline,context_noise_refinement
tm_tw,20263345,100,100,2,0.0,0.45,0.0,gated_offline_low_rank,1.0,1.0,deterministic,20.0,0.1,0.95,False,3307.613623833743,330761.3623833743,887300.0138441548,37.277285835979846,556538.6514607805,0.23,0.37,0.3074042540013741,0.0078659926540529,9.313903583000013,tm_tw_gated_offline_low_rank,context_noise_refinement
tm_tw,20263346,100,100,2,0.0,0.45,0.0,gated_offline_low_rank,1.0,1.0,deterministic,20.0,0.1,0.95,False,5480.501592238309,548050.1592238309,1281633.4146556528,42.761850070137264,733583.2554318219,0.29,0.51,0.3070212533728249,0.0078561922687574,9.699721000000068,tm_tw_gated_offline_low_rank,context_noise_refinement
tm_tw,20263347,100,100,2,0.0,0.45,0.0,gated_offline_low_rank,1.0,1.0,deterministic,20.0,0.1,0.95,False,4421.038576292027,442103.8576292027,1150926.4962390158,38.41286642317338,708822.6386098131,0.2,0.4,0.306626290650683,0.0078460857922512,9.639793333000055,tm_tw_gated_offline_low_rank,context_noise_refinement
tm_tw,20263348,100,100,2,0.0,0.45,0.0,gated_offline_low_rank,1.0,1.0,deterministic,20.0,0.1,0.95,False,7206.5059268807945,720650.5926880795,1059377.9220127203,68.02582701732257,338727.3293246408,0.48,0.68,0.3071135833117374,0.007858554847062046,8.914823667000064,tm_tw_gated_offline_low_rank,context_noise_refinement
tm_tw,20263349,100,100,2,0.0,0.45,0.0,gated_offline_low_rank,1.0,1.0,deterministic,20.0,0.1,0.95,False,6512.4208968995445,651242.0896899544,941157.6525730791,69.19585554125713,289915.5628831247,0.4,0.59,0.3068713672164524,0.007852356917132956,9.657052250000106,tm_tw_gated_offline_low_rank,context_noise_refinement
tm_tw,20263350,100,100,2,0.0,0.45,0.0,gated_offline_low_rank,1.0,1.0,deterministic,20.0,0.1,0.95,False,4741.981607339422,474198.16073394223,894783.3158079834,52.9958652956939,420585.15507404116,0.34,0.53,0.30738788836623787,0.007862958329247813,9.730827500000032,tm_tw_gated_offline_low_rank,context_noise_refinement
tm_tw,20263351,100,100,2,0.0,0.45,0.0,gated_offline_low_rank,1.0,1.0,deterministic,20.0,0.1,0.95,False,3908.745484292701,390874.5484292701,1212077.9632722125,32.24830087447817,821203.4148429425,0.2,0.55,0.30754228626817814,0.007869524683237828,10.719325459000174,tm_tw_gated_offline_low_rank,context_noise_refinement
tm_tw,20263352,100,100,2,0.0,0.45,0.0,gated_offline_low_rank,1.0,1.0,deterministic,20.0,0.1,0.95,False,3974.9708068350847,397497.0806835085,1055673.0189987337,37.65342805298933,658175.9383152253,0.26,0.37,0.3066068388964958,0.007845588052374312,9.948192124999878,tm_tw_gated_offline_low_rank,context_noise_refinement
tm_tw,20263353,100,100,2,0.0,0.45,0.0,gated_offline_low_rank,1.0,1.0,deterministic,20.0,0.1,0.95,False,3644.7909144070372,364479.0914407037,1054000.757172458,34.5805341182565,689521.6657317544,0.26,0.46,0.30765983415619763,0.007872024102736621,9.358306332999973,tm_tw_gated_offline_low_rank,context_noise_refinement
tm_tw,20263354,100,100,2,0.0,0.45,0.0,gated_offline_low_rank,1.0,1.0,deterministic,20.0,0.1,0.95,False,4942.273934734752,494227.39347347524,965407.6131475628,51.19364988868515,471180.2196740876,0.35,0.56,0.30707615740655864,0.007856998655634063,9.5526104999999,tm_tw_gated_offline_low_rank,context_noise_refinement
tm_tw_refined,20262393,100,100,2,0.0,0.45,0.0,dense,1.0,1.0,deterministic,20.0,0.1,0.95,False,6717.830172227853,671783.0172227853,857038.5055418725,78.38422811563673,185255.4883190872,0.48,0.76,0.3613968571029492,0.0092461308455488,3.1159271249999847,tm_tw_refined_dense,context_noise_refinement
tm_tw_refined,20262394,100,100,2,0.0,0.45,0.0,dense,1.0,1.0,deterministic,20.0,0.1,0.95,False,8886.746012855925,888674.6012855924,1115891.7196822003,79.638067530305,227217.11839660796,0.53,0.7,0.3608230916006005,0.0092327481374581,3.1136450829999376,tm_tw_refined_dense,context_noise_refinement
tm_tw_refined,20262395,100,100,2,0.0,0.45,0.0,dense,1.0,1.0,deterministic,20.0,0.1,0.95,False,2856.5457147354523,285654.5714735452,884861.5909341177,32.282401496485974,599207.0194605724,0.24,0.52,0.3619642708209181,0.0092595709377541,3.089085999999952,tm_tw_refined_dense,context_noise_refinement
tm_tw_refined,20262396,100,100,2,0.0,0.45,0.0,dense,1.0,1.0,deterministic,20.0,0.1,0.95,False,6814.524335755835,681452.4335755835,1035630.6279710443,65.80072230102455,354178.19439546077,0.37,0.65,0.3610043963918489,0.009234898820817494,3.1204665000000205,tm_tw_refined_dense,context_noise_refinement
tm_tw_refined,20262397,100,100,2,0.0,0.45,0.0,dense,1.0,1.0,deterministic,20.0,0.1,0.95,False,5100.747383574611,510074.7383574611,864975.057457265,58.96987825948517,354900.31909980386,0.39,0.65,0.3603217720850615,0.009218955804464244,3.012938874999918,tm_tw_refined_dense,context_noise_refinement
tm_tw_refined,20262398,100,100,2,0.0,0.45,0.0,dense,1.0,1.0,deterministic,20.0,0.1,0.95,False,6683.138345070803,668313.8345070803,972700.0704437763,68.70708194789937,304386.23593669606,0.46,0.66,0.36006848720094575,0.00921333460310949,3.330829499999936,tm_tw_refined_dense,context_noise_refinement
tm_tw_refined,20262399,100,100,2,0.0,0.45,0.0,dense,1.0,1.0,deterministic,20.0,0.1,0.95,False,8055.763755035372,805576.3755035372,1019323.7246517533,79.03047442349664,213747.34914821608,0.48,0.67,0.3611418074243725,0.009241052351405672,2.9710622499999317,tm_tw_refined_dense,context_noise_refinement
tm_tw_refined,20262400,100,100,2,0.0,0.45,0.0,dense,1.0,1.0,deterministic,20.0,0.1,0.95,False,9640.601566606434,964060.1566606434,1032116.3216874094,93.40615358979103,68056.16502676602,0.58,0.84,0.3605489749724333,0.00922575887439228,3.0849595409999893,tm_tw_refined_dense,context_noise_refinement
tm_tw_refined,20262401,100,100,2,0.0,0.45,0.0,dense,1.0,1.0,deterministic,20.0,0.1,0.95,False,8828.582592055784,882858.2592055784,1192485.8314248694,74.03511521396231,309627.572219291,0.45,0.65,0.3605086918295606,0.009224465289936295,3.192179792000161,tm_tw_refined_dense,context_noise_refinement
tm_tw_refined,20262402,100,100,2,0.0,0.45,0.0,dense,1.0,1.0,deterministic,20.0,0.1,0.95,False,9569.498260852786,956949.8260852785,1069055.073002611,89.51361349397398,112105.24691733252,0.6,0.81,0.36061891662891954,0.009226917545132001,3.29737129199998,tm_tw_refined_dense,context_noise_refinement
tm_tw_refined,20263217,100,100,2,0.0,0.45,0.0,gated_offline,1.0,1.0,deterministic,20.0,0.1,0.95,False,7504.300931239668,750430.0931239668,883265.8164170849,84.96084408293324,132835.72329311806,0.6,0.86,0.3067941525473746,0.007850381114873,2.915171999999984,tm_tw_refined_gated_offline,context_noise_refinement
tm_tw_refined,20263218,100,100,2,0.0,0.45,0.0,gated_offline,1.0,1.0,deterministic,20.0,0.1,0.95,False,9245.817277646494,924581.7277646494,1161630.3881381855,79.59345220354744,237048.66037353603,0.53,0.73,0.3070579151157757,0.0078571303852506,3.203093959000057,tm_tw_refined_gated_offline,context_noise_refinement
tm_tw_refined,20263219,100,100,2,0.0,0.45,0.0,gated_offline,1.0,1.0,deterministic,20.0,0.1,0.95,False,6573.092413230621,657309.2413230621,1064575.1229494894,61.74381000956841,407265.8816264273,0.34,0.61,0.3073357037831599,0.0078641536929872,2.880857500000048,tm_tw_refined_gated_offline,context_noise_refinement
tm_tw_refined,20263220,100,100,2,0.0,0.45,0.0,gated_offline,1.0,1.0,deterministic,20.0,0.1,0.95,False,8338.855669401833,833885.5669401833,1101645.9640259664,75.69451476885983,267760.3970857831,0.46,0.75,0.3069785446896015,0.007855099420548234,3.1388915830000315,tm_tw_refined_gated_offline,context_noise_refinement
tm_tw_refined,20263221,100,100,2,0.0,0.45,0.0,gated_offline,1.0,1.0,deterministic,20.0,0.1,0.95,False,4278.804372661994,427880.43726619944,815673.7683041163,52.457300196843924,387793.3310379169,0.32,0.6,0.3072965824891481,0.007862796143147572,3.1144993329999124,tm_tw_refined_gated_offline,context_noise_refinement
tm_tw_refined,20263222,100,100,2,0.0,0.45,0.0,gated_offline,1.0,1.0,deterministic,20.0,0.1,0.95,False,5864.80302221995,586480.3022219951,956824.8709352129,61.294424929481785,370344.56871321786,0.39,0.68,0.3075855420732084,0.00786856416809527,3.158355166999854,tm_tw_refined_gated_offline,context_noise_refinement
tm_tw_refined,20263223,100,100,2,0.0,0.45,0.0,gated_offline,1.0,1.0,deterministic,20.0,0.1,0.95,False,8477.198735571514,847719.8735571513,1147495.2938971368,73.87567322198902,299775.4203399855,0.41,0.63,0.30700760434286883,0.007855735208519643,2.965687542000069,tm_tw_refined_gated_offline,context_noise_refinement
tm_tw_refined,20263224,100,100,2,0.0,0.45,0.0,gated_offline,1.0,1.0,deterministic,20.0,0.1,0.95,False,8289.292586676367,828929.2586676368,949582.5875577651,87.29406683831083,120653.3288901283,0.64,0.86,0.307470062856522,0.007867676599425898,3.115289500000017,tm_tw_refined_gated_offline,context_noise_refinement
tm_tw_refined,20263225,100,100,2,0.0,0.45,0.0,gated_offline,1.0,1.0,deterministic,20.0,0.1,0.95,False,9681.572768210257,968157.2768210256,1158503.715391753,83.5696307191936,190346.43857072736,0.58,0.77,0.30692470208973954,0.00785372167287729,3.0164052499999343,tm_tw_refined_gated_offline,context_noise_refinement
tm_tw_refined,20263226,100,100,2,0.0,0.45,0.0,gated_offline,1.0,1.0,deterministic,20.0,0.1,0.95,False,8465.3509443031,846535.0944303101,947080.6464206481,89.38363355113052,100545.55199033802,0.63,0.84,0.3080401178192703,0.007880610701314702,2.812556332999975,tm_tw_refined_gated_offline,context_noise_refinement
tm_tw_refined,20263217,100,100,2,0.0,0.45,0.0,gated_offline,0.5,1.0,beta,20.0,0.1,0.95,False,7177.515542536162,717751.5542536161,959718.4420157816,74.78772135982499,241966.8877621654,0.51,0.8,0.3075406242848857,0.0078680865550555,2.9334447499999925,tm_tw_refined_gated_offline_best_beta,context_noise_refinement
tm_tw_refined,20263218,100,100,2,0.0,0.45,0.0,gated_offline,0.5,1.0,beta,20.0,0.1,0.95,False,9235.526720789796,923552.6720789796,1129247.2867342,81.78480328696716,205694.6146552204,0.52,0.72,0.3073683871658597,0.00786501616523,2.9727546250000074,tm_tw_refined_gated_offline_best_beta,context_noise_refinement
tm_tw_refined,20263219,100,100,2,0.0,0.45,0.0,gated_offline,0.5,1.0,beta,20.0,0.1,0.95,False,4951.9995839147605,495199.958391476,1065086.3301310162,46.49387982761562,569886.3717395402,0.29,0.61,0.3071769498978524,0.0078593829226467,2.967091625000009,tm_tw_refined_gated_offline_best_beta,context_noise_refinement
tm_tw_refined,20263220,100,100,2,0.0,0.45,0.0,gated_offline,0.5,1.0,beta,20.0,0.1,0.95,False,7691.807396678645,769180.7396678645,975452.9209873984,78.85370202072534,206272.18131953385,0.44,0.77,0.30696107806308814,0.007854652476974566,3.2884707919999983,tm_tw_refined_gated_offline_best_beta,context_noise_refinement
tm_tw_refined,20263221,100,100,2,0.0,0.45,0.0,gated_offline,0.5,1.0,beta,20.0,0.1,0.95,False,6240.361081676369,624036.1081676369,941442.2768524161,66.28511630622927,317406.1686847792,0.41,0.75,0.3072478284376962,0.007861989969253393,3.031140875000119,tm_tw_refined_gated_offline_best_beta,context_noise_refinement
tm_tw_refined,20263222,100,100,2,0.0,0.45,0.0,gated_offline,0.5,1.0,beta,20.0,0.1,0.95,False,6482.708461181603,648270.8461181603,925848.1377088892,70.01913377742231,277577.2915907289,0.44,0.62,0.30785404874306127,0.007877303120085962,3.086362375000135,tm_tw_refined_gated_offline_best_beta,context_noise_refinement
tm_tw_refined,20263223,100,100,2,0.0,0.45,0.0,gated_offline,0.5,1.0,beta,20.0,0.1,0.95,False,10307.259656075505,1030725.9656075505,1212109.3055930936,85.03572745885397,181383.33998554316,0.48,0.7,0.3077519469544083,0.007874042785453726,2.9985437499999534,tm_tw_refined_gated_offline_best_beta,context_noise_refinement
tm_tw_refined,20263224,100,100,2,0.0,0.45,0.0,gated_offline,0.5,1.0,beta,20.0,0.1,0.95,False,7724.169405782753,772416.9405782752,900137.6777602333,85.81097754959451,127720.73718195804,0.53,0.76,0.3071616167448786,0.007858458046559672,3.009955333000107,tm_tw_refined_gated_offline_best_beta,context_noise_refinement
tm_tw_refined,20263225,100,100,2,0.0,0.45,0.0,gated_offline,0.5,1.0,beta,20.0,0.1,0.95,False,8650.741214160615,865074.1214160615,1043728.5359727545,82.88305738520533,178654.41455669294,0.47,0.7,0.3070238308481693,0.007856258222308418,3.1326517919999333,tm_tw_refined_gated_offline_best_beta,context_noise_refinement
tm_tw_refined,20263226,100,100,2,0.0,0.45,0.0,gated_offline,0.5,1.0,beta,20.0,0.1,0.95,False,8566.887090497414,856688.7090497414,973927.3172117725,87.96228362321018,117238.60816203116,0.56,0.78,0.30695876138718653,0.007854593196872267,3.0218310840000413,tm_tw_refined_gated_offline_best_beta,context_noise_refinement
tm_tw_refined,20264173,100,100,2,0.0,0.45,0.0,gated_offline_low_rank,1.0,1.0,deterministic,20.0,0.1,0.95,False,6784.376125394416,678437.6125394416,898036.7034328636,75.54675771558384,219599.090893422,0.49,0.73,0.3076688714354107,0.0078714103584439,9.317785249999986,tm_tw_refined_gated_offline_low_rank,context_noise_refinement
tm_tw_refined,20264174,100,100,2,0.0,0.45,0.0,gated_offline_low_rank,1.0,1.0,deterministic,20.0,0.1,0.95,False,9182.644615438136,918264.4615438138,1120733.2622334238,81.93425612387685,202468.80068960995,0.51,0.75,0.3073713095413658,0.0078637874342474,10.117082500000038,tm_tw_refined_gated_offline_low_rank,context_noise_refinement
tm_tw_refined,20264175,100,100,2,0.0,0.45,0.0,gated_offline_low_rank,1.0,1.0,deterministic,20.0,0.1,0.95,False,4700.671662744205,470067.16627442045,995018.0349354852,47.242074994640525,524950.8686610649,0.28,0.59,0.3076491865077614,0.0078706764920757,9.618662374999984,tm_tw_refined_gated_offline_low_rank,context_noise_refinement
tm_tw_refined,20264176,100,100,2,0.0,0.45,0.0,gated_offline_low_rank,1.0,1.0,deterministic,20.0,0.1,0.95,False,7625.204532870857,762520.4532870858,1052002.1294317625,72.48278610414602,289481.67614467675,0.44,0.64,0.3073159278567069,0.007862450680618143,9.309864999999945,tm_tw_refined_gated_offline_low_rank,context_noise_refinement
tm_tw_refined,20264177,100,100,2,0.0,0.45,0.0,gated_offline_low_rank,1.0,1.0,deterministic,20.0,0.1,0.95,False,6041.897790803382,604189.7790803382,944861.7325177246,63.94478242550734,340671.95343738643,0.39,0.67,0.30738727146759975,0.007864771093477836,10.050650749999932,tm_tw_refined_gated_offline_low_rank,context_noise_refinement
tm_tw_refined,20264178,100,100,2,0.0,0.45,0.0,gated_offline_low_rank,1.0,1.0,deterministic,20.0,0.1,0.95,False,5949.813169235568,594981.3169235568,953577.4753900161,62.394648812379685,358596.15846645925,0.4,0.67,0.30765261398291954,0.00787211852493549,10.030197999999928,tm_tw_refined_gated_offline_low_rank,context_noise_refinement
tm_tw_refined,20264179,100,100,2,0.0,0.45,0.0,gated_offline_low_rank,1.0,1.0,deterministic,20.0,0.1,0.95,False,9500.542274066918,950054.2274066919,1277984.0995119123,74.3400663411647,327929.87210522045,0.48,0.77,0.3075441106601931,0.007867770134198088,9.328219624999974,tm_tw_refined_gated_offline_low_rank,context_noise_refinement
tm_tw_refined,20264180,100,100,2,0.0,0.45,0.0,gated_offline_low_rank,1.0,1.0,deterministic,20.0,0.1,0.95,False,8322.657391446208,832265.7391446208,912523.246743842,91.20488076488965,80257.5075992212,0.61,0.85,0.30677570237402646,0.007849909003878736,9.763946999999916,tm_tw_refined_gated_offline_low_rank,context_noise_refinement
tm_tw_refined,20264181,100,100,2,0.0,0.45,0.0,gated_offline_low_rank,1.0,1.0,deterministic,20.0,0.1,0.95,False,9318.13479335319,931813.4793353191,1157981.5070333944,80.46877032799169,226168.02769807528,0.49,0.71,0.3070340575156823,0.007856519906688142,10.43845866699985,tm_tw_refined_gated_offline_low_rank,context_noise_refinement
tm_tw_refined,20264182,100,100,2,0.0,0.45,0.0,gated_offline_low_rank,1.0,1.0,deterministic,20.0,0.1,0.95,False,8181.718118872061,818171.811887206,961507.5001747971,85.09260840279109,143335.6882875911,0.62,0.84,0.3071038158177115,0.007858304912211579,10.10270604099992,tm_tw_refined_gated_offline_low_rank,context_noise_refinement
tm_tw_refined,20264173,100,100,2,0.0,0.45,0.0,gated_offline_low_rank,0.5,0.25,beta,20.0,0.1,0.95,False,6002.448136032851,600244.8136032851,824429.4358256385,72.80730011807015,224184.62222235336,0.42,0.61,0.3073691570652393,0.007864769070145,9.065086208,tm_tw_refined_gated_offline_low_rank_best_beta,context_noise_refinement
tm_tw_refined,20264174,100,100,2,0.0,0.45,0.0,gated_offline_low_rank,0.5,0.25,beta,20.0,0.1,0.95,False,9101.633379383788,910163.3379383788,1101925.577749318,82.59753256634505,191762.2398109393,0.52,0.77,0.3072740854512072,0.0078612996222896,9.348229625000002,tm_tw_refined_gated_offline_low_rank_best_beta,context_noise_refinement
tm_tw_refined,20264175,100,100,2,0.0,0.45,0.0,gated_offline_low_rank,0.5,0.25,beta,20.0,0.1,0.95,False,5787.29074018844,578729.074018844,1024120.545839234,56.50985876321757,445391.4718203901,0.37,0.69,0.3067718625184003,0.0078498107479966,9.492159332999996,tm_tw_refined_gated_offline_low_rank_best_beta,context_noise_refinement
tm_tw_refined,20264176,100,100,2,0.0,0.45,0.0,gated_offline_low_rank,0.5,0.25,beta,20.0,0.1,0.95,False,7803.514759437941,780351.4759437941,1026871.0102782601,75.9931352753191,246519.53433446598,0.44,0.68,0.30725004662019123,0.007862046729063916,9.932621291000032,tm_tw_refined_gated_offline_low_rank_best_beta,context_noise_refinement
tm_tw_refined,20264177,100,100,2,0.0,0.45,0.0,gated_offline_low_rank,0.5,0.25,beta,20.0,0.1,0.95,False,6669.290961036142,666929.0961036142,936009.8124331597,71.25236159329681,269080.7163295455,0.48,0.72,0.3073003143255631,0.007863333000792573,10.346711165999977,tm_tw_refined_gated_offline_low_rank_best_beta,context_noise_refinement
tm_tw_refined,20264178,100,100,2,0.0,0.45,0.0,gated_offline_low_rank,0.5,0.25,beta,20.0,0.1,0.95,False,6026.504767729626,602650.4767729626,929479.1901589433,64.83743618508639,326828.7133859807,0.42,0.62,0.3072085073727673,0.007860983804882359,9.96363820800002,tm_tw_refined_gated_offline_low_rank_best_beta,context_noise_refinement
tm_tw_refined,20264179,100,100,2,0.0,0.45,0.0,gated_offline_low_rank,0.5,0.25,beta,20.0,0.1,0.95,False,9172.637579662198,917263.7579662198,1185204.432982529,77.39287269268432,267940.67501630925,0.46,0.66,0.3073632715034088,0.007864319144817682,9.935464916,tm_tw_refined_gated_offline_low_rank_best_beta,context_noise_refinement
tm_tw_refined,20264180,100,100,2,0.0,0.45,0.0,gated_offline_low_rank,0.5,0.25,beta,20.0,0.1,0.95,False,9957.141244168877,995714.1244168876,1078165.419876901,92.35263031628048,82451.29546001332,0.63,0.82,0.30691661730701225,0.00785351479596939,10.39104199999997,tm_tw_refined_gated_offline_low_rank_best_beta,context_noise_refinement
tm_tw_refined,20264181,100,100,2,0.0,0.45,0.0,gated_offline_low_rank,0.5,0.25,beta,20.0,0.1,0.95,False,7735.025246646596,773502.5246646596,985033.5027656108,78.52550420802437,211530.97810095118,0.41,0.68,0.30748225334689383,0.00786662631220028,9.808343082999954,tm_tw_refined_gated_offline_low_rank_best_beta,context_noise_refinement
tm_tw_refined,20264182,100,100,2,0.0,0.45,0.0,gated_offline_low_rank,0.5,0.25,beta,20.0,0.1,0.95,False,7872.923514858761,787292.3514858761,953761.2485454665,82.54606199261464,166468.89705959032,0.64,0.78,0.3072503099450128,0.007861266462957815,10.272061915999984,tm_tw_refined_gated_offline_low_rank_best_beta,context_noise_refinement
tm_tw_refined,20265065,100,100,2,0.0,0.45,0.0,support_gated_offline_low_rank,0.5,1.0,beta,20.0,0.1,0.95,True,6600.03391355188,660003.391355188,829104.4237138006,79.60437460927301,169101.03235861263,0.54,0.77,0.0676624255643274,4.318727931359203e-07,9.970764875000045,tm_tw_refined_support_gated_offline_low_rank_best_beta,context_noise_refinement
tm_tw_refined,20265066,100,100,2,0.0,0.45,0.0,support_gated_offline_low_rank,0.5,1.0,beta,20.0,0.1,0.95,True,8710.342400836898,871034.2400836898,1147129.3105311254,75.9316523505443,276095.0704474356,0.55,0.67,0.0691696377595359,4.288889264199086e-07,10.310497916000031,tm_tw_refined_support_gated_offline_low_rank_best_beta,context_noise_refinement
tm_tw_refined,20265067,100,100,2,0.0,0.45,0.0,support_gated_offline_low_rank,0.5,1.0,beta,20.0,0.1,0.95,True,5967.93575765655,596793.575765655,1006689.0675706436,59.28281084901872,409895.4918049887,0.33,0.61,0.071860575975554,4.263564552910758e-07,9.972257334000004,tm_tw_refined_support_gated_offline_low_rank_best_beta,context_noise_refinement
tm_tw_refined,20265068,100,100,2,0.0,0.45,0.0,support_gated_offline_low_rank,0.5,1.0,beta,20.0,0.1,0.95,True,6233.124131142529,623312.413114253,938971.0218667329,66.38249728677133,315658.6087524799,0.43,0.71,0.06956684568244854,4.253830064636593e-07,10.56765812499998,tm_tw_refined_support_gated_offline_low_rank_best_beta,context_noise_refinement
tm_tw_refined,20265069,100,100,2,0.0,0.45,0.0,support_gated_offline_low_rank,0.5,1.0,beta,20.0,0.1,0.95,True,5893.372572735088,589337.2572735088,948305.1993376514,62.14636993292186,358967.94206414255,0.41,0.6,0.07173860280864172,4.233417803530925e-07,10.235790749999978,tm_tw_refined_support_gated_offline_low_rank_best_beta,context_noise_refinement
tm_tw_refined,20265070,100,100,2,0.0,0.45,0.0,support_gated_offline_low_rank,0.5,1.0,beta,20.0,0.1,0.95,True,7024.158006344821,702415.8006344821,1029723.0757093104,68.21404872864801,327307.2750748283,0.44,0.69,0.06716087602123431,4.240702514682012e-07,10.302196750000121,tm_tw_refined_support_gated_offline_low_rank_best_beta,context_noise_refinement
tm_tw_refined,20265071,100,100,2,0.0,0.45,0.0,support_gated_offline_low_rank,0.5,1.0,beta,20.0,0.1,0.95,True,9845.189458715286,984518.9458715286,1245803.744772012,79.0268089980497,261284.79890048353,0.48,0.71,0.06948553127645611,4.286700122460199e-07,9.853997790999983,tm_tw_refined_support_gated_offline_low_rank_best_beta,context_noise_refinement
tm_tw_refined,20265072,100,100,2,0.0,0.45,0.0,support_gated_offline_low_rank,0.5,1.0,beta,20.0,0.1,0.95,True,7403.286026126651,740328.6026126652,900667.9875433677,82.19772578261176,160339.3849307025,0.54,0.87,0.06875243416786601,4.2781155319303747e-07,9.040774874999897,tm_tw_refined_support_gated_offline_low_rank_best_beta,context_noise_refinement
tm_tw_refined,20265073,100,100,2,0.0,0.45,0.0,support_gated_offline_low_rank,0.5,1.0,beta,20.0,0.1,0.95,True,8788.954472314801,878895.4472314802,1081424.9564871327,81.27197749222071,202529.50925565255,0.55,0.69,0.07401349655329527,4.2406572926998066e-07,8.839868832999855,tm_tw_refined_support_gated_offline_low_rank_best_beta,context_noise_refinement
tm_tw_refined,20265074,100,100,2,0.0,0.45,0.0,support_gated_offline_low_rank,0.5,1.0,beta,20.0,0.1,0.95,True,7489.9499786832175,748994.9978683217,925237.6162542755,80.95163714814655,176242.61838595383,0.47,0.76,0.07145599953720877,4.259825960705274e-07,8.921504208999977,tm_tw_refined_support_gated_offline_low_rank_best_beta,context_noise_refinement
tm_tw_refined,20263497,100,100,2,0.0,0.45,0.0,support_offline,1.0,1.0,deterministic,20.0,0.1,0.95,True,5743.667093558603,574366.7093558603,821692.3260652798,69.90045922739084,247325.61670941956,0.36,0.62,0.0673592633081419,4.316740319827139e-07,2.808486208000033,tm_tw_refined_support_offline,context_noise_refinement
tm_tw_refined,20263498,100,100,2,0.0,0.45,0.0,support_offline,1.0,1.0,deterministic,20.0,0.1,0.95,True,8900.863702570869,890086.3702570869,1097019.2874982564,81.13680227873857,206932.9172411695,0.49,0.71,0.0724529638302904,4.228082268253116e-07,2.873559,tm_tw_refined_support_offline,context_noise_refinement
tm_tw_refined,20263499,100,100,2,0.0,0.45,0.0,support_offline,1.0,1.0,deterministic,20.0,0.1,0.95,True,6739.986692497611,673998.6692497612,1140987.478380951,59.07152199480382,466988.8091311902,0.32,0.62,0.0721712114390641,4.275774203235525e-07,3.2116528330000165,tm_tw_refined_support_offline,context_noise_refinement
tm_tw_refined,20263500,100,100,2,0.0,0.45,0.0,support_offline,1.0,1.0,deterministic,20.0,0.1,0.95,True,6120.771358289025,612077.1358289025,926186.9162241938,66.08570312396235,314109.7803952913,0.35,0.65,0.06690316464009348,4.2783692775066296e-07,2.4539190420000523,tm_tw_refined_support_offline,context_noise_refinement
tm_tw_refined,20263501,100,100,2,0.0,0.45,0.0,support_offline,1.0,1.0,deterministic,20.0,0.1,0.95,True,6071.093969606093,607109.3969606094,942137.4041926521,64.439581133164,335028.0072320427,0.44,0.66,0.06915716586725323,4.2732651929753967e-07,2.5041713749999417,tm_tw_refined_support_offline,context_noise_refinement
tm_tw_refined,20263502,100,100,2,0.0,0.45,0.0,support_offline,1.0,1.0,deterministic,20.0,0.1,0.95,True,6025.724586064508,602572.4586064508,958418.0161362669,62.87157049025858,355845.55752981605,0.4,0.68,0.06976098762263526,4.288030927094997e-07,2.525868708000189,tm_tw_refined_support_offline,context_noise_refinement
tm_tw_refined,20263503,100,100,2,0.0,0.45,0.0,support_offline,1.0,1.0,deterministic,20.0,0.1,0.95,True,8983.301172111256,898330.1172111256,1159573.6775346578,77.47072347494503,261243.5603235322,0.41,0.75,0.07084696828192993,4.2326914933868484e-07,2.589720957999816,tm_tw_refined_support_offline,context_noise_refinement
tm_tw_refined,20263504,100,100,2,0.0,0.45,0.0,support_offline,1.0,1.0,deterministic,20.0,0.1,0.95,True,8772.089843155834,877208.9843155835,1003099.0568705038,87.44988626071729,125890.07255492033,0.62,0.83,0.07280268537373416,4.263760309867368e-07,2.455786959000079,tm_tw_refined_support_offline,context_noise_refinement
tm_tw_refined,20263505,100,100,2,0.0,0.45,0.0,support_offline,1.0,1.0,deterministic,20.0,0.1,0.95,True,11057.97985968304,1105797.985968304,1257993.124169752,87.90175118787765,152195.1382014479,0.52,0.7,0.07237621660431368,4.254471053075908e-07,2.409234915999832,tm_tw_refined_support_offline,context_noise_refinement
tm_tw_refined,20263506,100,100,2,0.0,0.45,0.0,support_offline,1.0,1.0,deterministic,20.0,0.1,0.95,True,7613.4285662232905,761342.8566223291,891327.6032338348,85.41672600064143,129984.74661150575,0.54,0.78,0.06929585675768161,4.2459235049080887e-07,2.61996179200014,tm_tw_refined_support_offline,context_noise_refinement
tm_tw,20262669,100,100,2,0.0,0.45,0.0,support_offline,1.0,1.0,deterministic,20.0,0.1,0.95,True,6606.285148032835,660628.5148032835,921549.7797997956,71.68668793418881,260921.264996512,0.47,0.69,0.0699613073522727,4.28166128965737e-07,2.795555166999975,tm_tw_support_offline,context_noise_refinement
tm_tw,20262670,100,100,2,0.0,0.45,0.0,support_offline,1.0,1.0,deterministic,20.0,0.1,0.95,True,1977.392933658216,197739.2933658216,956184.0187282932,20.680045837705084,758444.7253624717,0.14,0.33,0.0704309583959034,4.264215669697982e-07,2.7883732909999708,tm_tw_support_offline,context_noise_refinement
tm_tw,20262671,100,100,2,0.0,0.45,0.0,support_offline,1.0,1.0,deterministic,20.0,0.1,0.95,True,4629.648879494873,462964.8879494873,936508.9444689254,49.43518059104337,473544.0565194381,0.4,0.64,0.0702313835084341,4.269422786929174e-07,2.861328416999981,tm_tw_support_offline,context_noise_refinement
tm_tw,20262672,100,100,2,0.0,0.45,0.0,support_offline,1.0,1.0,deterministic,20.0,0.1,0.95,True,2221.736017491975,222173.6017491975,1032701.704282694,21.513821544771965,810528.1025334966,0.13,0.41,0.07002917242870882,4.290792707084199e-07,2.405628624999963,tm_tw_support_offline,context_noise_refinement
tm_tw,20262673,100,100,2,0.0,0.45,0.0,support_offline,1.0,1.0,deterministic,20.0,0.1,0.95,True,6381.640871152623,638164.0871152623,977882.6129287839,65.25978462833532,339718.5258135216,0.43,0.66,0.07060809883794225,4.268190569820833e-07,2.4021393749999334,tm_tw_support_offline,context_noise_refinement
tm_tw,20262674,100,100,2,0.0,0.45,0.0,support_offline,1.0,1.0,deterministic,20.0,0.1,0.95,True,5630.651839679065,563065.1839679065,1005803.5578239848,55.9816257944121,442738.37385607825,0.35,0.61,0.0725244180754358,4.2545405563227185e-07,2.3838044590002028,tm_tw_support_offline,context_noise_refinement
tm_tw,20262675,100,100,2,0.0,0.45,0.0,support_offline,1.0,1.0,deterministic,20.0,0.1,0.95,True,1672.6371938010382,167263.7193801038,1157213.133028612,14.454011504548681,989949.4136485083,0.09,0.3,0.07003711709050416,4.3079818610889377e-07,2.386893708000116,tm_tw_support_offline,context_noise_refinement
tm_tw,20262676,100,100,2,0.0,0.45,0.0,support_offline,1.0,1.0,deterministic,20.0,0.1,0.95,True,1729.530095434319,172953.0095434319,980043.709464778,17.6474791759936,807090.699921346,0.11,0.37,0.07089860699176928,4.257973381701208e-07,2.4083826669998416,tm_tw_support_offline,context_noise_refinement
tm_tw,20262677,100,100,2,0.0,0.45,0.0,support_offline,1.0,1.0,deterministic,20.0,0.1,0.95,True,7963.959896115889,796395.9896115889,1194834.7168048227,66.65323482910489,398438.7271932338,0.44,0.69,0.07109995405164737,4.2576512560716754e-07,2.388582124999857,tm_tw_support_offline,context_noise_refinement
tm_tw,20262678,100,100,2,0.0,0.45,0.0,support_offline,1.0,1.0,deterministic,20.0,0.1,0.95,True,5442.055764581842,544205.5764581842,933057.1514616463,58.32499923565014,388851.57500346215,0.35,0.63,0.07401575763279306,4.2576656289204735e-07,2.459440792000123,tm_tw_support_offline,context_noise_refinement
tw,20261245,100,100,2,0.0,0.45,0.0,dense,1.0,1.0,deterministic,20.0,0.1,0.95,False,4167.632310234595,416763.2310234595,855443.165599815,48.71898540813472,438679.9345763554,0.35,0.54,0.3611628721946057,0.0092397422842784,3.1042429999999968,tw_dense,context_noise_refinement
tw,20261246,100,100,2,0.0,0.45,0.0,dense,1.0,1.0,deterministic,20.0,0.1,0.95,False,5130.138609540661,513013.8609540661,1084906.47794496,47.28645937535756,571892.6169908941,0.31,0.46,0.3603887538212645,0.0092213862862547,3.084168625000075,tw_dense,context_noise_refinement
tw,20261247,100,100,2,0.0,0.45,0.0,dense,1.0,1.0,deterministic,20.0,0.1,0.95,False,2604.333810831165,260433.3810831165,1004528.2815555708,25.92593816072756,744094.9004724541,0.18,0.42,0.3608306136081687,0.0092330893897993,3.3521552920000204,tw_dense,context_noise_refinement
tw,20261248,100,100,2,0.0,0.45,0.0,dense,1.0,1.0,deterministic,20.0,0.1,0.95,False,5399.490885467206,539949.0885467206,1127360.8375236762,47.894965886233464,587411.7489769557,0.39,0.55,0.35974300982918217,0.009205259315151119,2.7404409159998977,tw_dense,context_noise_refinement
tw,20261249,100,100,2,0.0,0.45,0.0,dense,1.0,1.0,deterministic,20.0,0.1,0.95,False,3867.369857598214,386736.9857598214,921453.7069284368,41.970310917622335,534716.7211686154,0.26,0.49,0.3610068399080598,0.009236873689017173,2.690790207999953,tw_dense,context_noise_refinement
tw,20261250,100,100,2,0.0,0.45,0.0,dense,1.0,1.0,deterministic,20.0,0.1,0.95,False,4132.754839439154,413275.4839439154,979884.6767002973,42.175930879498566,566609.1927563818,0.28,0.44,0.35974797213474563,0.00920538629276643,2.855396791999965,tw_dense,context_noise_refinement
tw,20261251,100,100,2,0.0,0.45,0.0,dense,1.0,1.0,deterministic,20.0,0.1,0.95,False,4356.060264353903,435606.02643539035,1139674.348556882,38.22197340731398,704068.3221214917,0.31,0.54,0.36255550964855743,0.009273876064963707,2.7253575419999834,tw_dense,context_noise_refinement
tw,20261252,100,100,2,0.0,0.45,0.0,dense,1.0,1.0,deterministic,20.0,0.1,0.95,False,3383.31506820122,338331.506820122,857414.4611859455,39.4595055408972,519082.95436582353,0.3,0.47,0.3613618545527652,0.00924645195240293,2.697994749999907,tw_dense,context_noise_refinement
tw,20261253,100,100,2,0.0,0.45,0.0,dense,1.0,1.0,deterministic,20.0,0.1,0.95,False,5347.822831313923,534782.2831313923,1204643.653584814,44.393400616022134,669861.3704534216,0.29,0.44,0.36053760661559786,0.009224586773327867,2.76355195799988,tw_dense,context_noise_refinement
tw,20261254,100,100,2,0.0,0.45,0.0,dense,1.0,1.0,deterministic,20.0,0.1,0.95,False,5106.390889509613,510639.08895096125,1015035.6128907959,50.30750472849656,504396.5239398347,0.25,0.51,0.3601371038516676,0.00921449937854225,2.710837291999951,tw_dense,context_noise_refinement
tw,20262069,100,100,2,0.0,0.45,0.0,gated_offline,1.0,1.0,deterministic,20.0,0.1,0.95,False,2546.312279247835,254631.22792478348,890208.7585900102,28.60354107592589,635577.5306652267,0.2,0.38,0.3069477828404288,0.007854312273082,2.899209958000029,tw_gated_offline,context_noise_refinement
tw,20262070,100,100,2,0.0,0.45,0.0,gated_offline,1.0,1.0,deterministic,20.0,0.1,0.95,False,4491.521960397908,449152.1960397908,1165658.061889255,38.53207134447487,716505.8658494642,0.21,0.43,0.3069302038481981,0.0078538624542459,3.049953624999944,tw_gated_offline,context_noise_refinement
tw,20262071,100,100,2,0.0,0.45,0.0,gated_offline,1.0,1.0,deterministic,20.0,0.1,0.95,False,6377.904200338754,637790.4200338754,1044956.4641086324,61.035118872432896,407166.044074757,0.29,0.48,0.3075489535384438,0.0078667694718724,2.959201042000018,tw_gated_offline,context_noise_refinement
tw,20262072,100,100,2,0.0,0.45,0.0,gated_offline,1.0,1.0,deterministic,20.0,0.1,0.95,False,5397.853304093648,539785.3304093648,1080717.1150070583,49.946958636427205,540931.7845976935,0.31,0.53,0.30717053133834543,0.007859742862908572,2.499488958000029,tw_gated_offline,context_noise_refinement
tw,20262073,100,100,2,0.0,0.45,0.0,gated_offline,1.0,1.0,deterministic,20.0,0.1,0.95,False,2603.636084120591,260363.6084120591,965999.8150195348,26.952759655217317,705636.2066074756,0.18,0.41,0.3070933901785715,0.007857212064002337,3.1441465000000335,tw_gated_offline,context_noise_refinement
tw,20262074,100,100,2,0.0,0.45,0.0,gated_offline,1.0,1.0,deterministic,20.0,0.1,0.95,False,3815.277054122713,381527.70541227126,993588.9814267315,38.398946903016316,612061.2760144603,0.27,0.53,0.30714801854880674,0.007859435990762248,2.5609601660000862,tw_gated_offline,context_noise_refinement
tw,20262075,100,100,2,0.0,0.45,0.0,gated_offline,1.0,1.0,deterministic,20.0,0.1,0.95,False,6781.820606634341,678182.0606634341,1256522.3114401007,53.97294218247262,578340.2507766666,0.3,0.53,0.3070736074737393,0.00785753192807527,2.5339304999999968,tw_gated_offline,context_noise_refinement
tw,20262076,100,100,2,0.0,0.45,0.0,gated_offline,1.0,1.0,deterministic,20.0,0.1,0.95,False,5147.046086227444,514704.6086227444,1035226.1560604332,49.71904985297701,520521.54743768886,0.29,0.46,0.3068095133571103,0.007850774173898676,2.5172577079999883,tw_gated_offline,context_noise_refinement
tw,20262077,100,100,2,0.0,0.45,0.0,gated_offline,1.0,1.0,deterministic,20.0,0.1,0.95,False,4878.499730036503,487849.9730036503,1149764.127645367,42.43043953743203,661914.1546417167,0.38,0.56,0.3072621914083469,0.007861113724148472,2.599815540999998,tw_gated_offline,context_noise_refinement
tw,20262078,100,100,2,0.0,0.45,0.0,gated_offline,1.0,1.0,deterministic,20.0,0.1,0.95,False,4839.037341171722,483903.7341171722,1011713.9307548879,47.83009499099302,527810.1966377157,0.31,0.57,0.3070096768785646,0.00785510904025346,2.6175664170000346,tw_gated_offline,context_noise_refinement
tw,20263025,100,100,2,0.0,0.45,0.0,gated_offline_low_rank,1.0,1.0,deterministic,20.0,0.1,0.95,False,3047.0377465941087,304703.7746594109,938931.9523340276,32.45216800876445,634228.1776746169,0.2,0.29,0.3075731442210778,0.0078701525553632,9.271589291999987,tw_gated_offline_low_rank,context_noise_refinement
tw,20263026,100,100,2,0.0,0.45,0.0,gated_offline_low_rank,1.0,1.0,deterministic,20.0,0.1,0.95,False,4598.035905394406,459803.59053944057,1134906.0181677495,40.51468431560272,675102.4276283092,0.21,0.41,0.3073626722039936,0.0078648202569159,10.349337459000026,tw_gated_offline_low_rank,context_noise_refinement
tw,20263027,100,100,2,0.0,0.45,0.0,gated_offline_low_rank,1.0,1.0,deterministic,20.0,0.1,0.95,False,2809.4753342897125,280947.53342897125,1054953.9763480986,26.63125972580516,774006.4429191274,0.16,0.37,0.3068618272283234,0.0078521128038015,9.668817499999932,tw_gated_offline_low_rank,context_noise_refinement
tw,20263028,100,100,2,0.0,0.45,0.0,gated_offline_low_rank,1.0,1.0,deterministic,20.0,0.1,0.95,False,5109.207561930864,510920.75619308645,992477.634197228,51.479321909994276,481556.87800414156,0.29,0.55,0.306756666789163,0.007849421913122013,8.7887180419998,tw_gated_offline_low_rank,context_noise_refinement
tw,20263029,100,100,2,0.0,0.45,0.0,gated_offline_low_rank,1.0,1.0,deterministic,20.0,0.1,0.95,False,4630.112417152387,463011.24171523866,955917.0350553168,48.436341725874286,492905.7933400781,0.29,0.49,0.3069710416328208,0.00785490436416373,8.663126040999941,tw_gated_offline_low_rank,context_noise_refinement
tw,20263030,100,100,2,0.0,0.45,0.0,gated_offline_low_rank,1.0,1.0,deterministic,20.0,0.1,0.95,False,4423.201315212748,442320.1315212748,952033.6939661128,46.46055431910155,509713.562444838,0.35,0.51,0.30762097294737994,0.007869772736743733,9.161079209000036,tw_gated_offline_low_rank,context_noise_refinement
tw,20263031,100,100,2,0.0,0.45,0.0,gated_offline_low_rank,1.0,1.0,deterministic,20.0,0.1,0.95,False,4044.3047983337356,404430.47983337357,1053802.1603994125,38.37821699664064,649371.6805660389,0.23,0.45,0.30730092054554453,0.007863348513010961,9.37228116700021,tw_gated_offline_low_rank,context_noise_refinement
tw,20263032,100,100,2,0.0,0.45,0.0,gated_offline_low_rank,1.0,1.0,deterministic,20.0,0.1,0.95,False,2933.5017825652267,293350.1782565227,918949.9569869288,31.922323520027685,625599.7787304062,0.23,0.36,0.30693121097796133,0.007853888225116798,10.042122042000074,tw_gated_offline_low_rank,context_noise_refinement
tw,20263033,100,100,2,0.0,0.45,0.0,gated_offline_low_rank,1.0,1.0,deterministic,20.0,0.1,0.95,False,5628.826407213595,562882.6407213595,1160254.881219466,48.51370589622096,597372.2404981065,0.32,0.56,0.30698255829924004,0.007854324306587892,9.825380625000207,tw_gated_offline_low_rank,context_noise_refinement
tw,20263034,100,100,2,0.0,0.45,0.0,gated_offline_low_rank,1.0,1.0,deterministic,20.0,0.1,0.95,False,4357.219272133748,435721.92721337476,981445.5117386858,44.39593660594249,545723.584525311,0.3,0.47,0.3067960697007256,0.007850430171820013,9.775733166999999,tw_gated_offline_low_rank,context_noise_refinement
tw,20262349,100,100,2,0.0,0.45,0.0,support_offline,1.0,1.0,deterministic,20.0,0.1,0.95,True,5377.828526160161,537782.8526160162,1005309.7098955184,53.494246332496665,467526.8572795022,0.38,0.62,0.0745033957139066,4.225284418782438e-07,2.7963462920000097,tw_support_offline,context_noise_refinement
tw,20262350,100,100,2,0.0,0.45,0.0,support_offline,1.0,1.0,deterministic,20.0,0.1,0.95,True,4549.164284157749,454916.4284157749,982909.921247546,46.28261640073568,527993.4928317713,0.29,0.57,0.0690530380190499,4.290243015628501e-07,2.6794096670000727,tw_support_offline,context_noise_refinement
tw,20262351,100,100,2,0.0,0.45,0.0,support_offline,1.0,1.0,deterministic,20.0,0.1,0.95,True,7746.576508350039,774657.6508350039,1171840.9903548125,66.10603803852702,397183.3395198085,0.49,0.66,0.0716639087921809,4.294915538155875e-07,2.8350860829999647,tw_support_offline,context_noise_refinement
tw,20262352,100,100,2,0.0,0.45,0.0,support_offline,1.0,1.0,deterministic,20.0,0.1,0.95,True,6453.866115489149,645386.6115489149,1052216.3725727769,61.33592180958737,406829.76102386194,0.37,0.59,0.07188834780373876,4.2705263507376104e-07,2.6106541660001312,tw_support_offline,context_noise_refinement
tw,20262353,100,100,2,0.0,0.45,0.0,support_offline,1.0,1.0,deterministic,20.0,0.1,0.95,True,5517.470946614554,551747.0946614554,921133.8450433263,59.8986887335036,369386.7503818709,0.4,0.64,0.06997957676757668,4.279372349923736e-07,2.614453291000018,tw_support_offline,context_noise_refinement
tw,20262354,100,100,2,0.0,0.45,0.0,support_offline,1.0,1.0,deterministic,20.0,0.1,0.95,True,5479.372386179224,547937.2386179224,958725.614705164,57.15266497666583,410788.3760872416,0.35,0.61,0.07223087596620366,4.2377500270225456e-07,2.499964084000112,tw_support_offline,context_noise_refinement
tw,20262355,100,100,2,0.0,0.45,0.0,support_offline,1.0,1.0,deterministic,20.0,0.1,0.95,True,3797.3894899198554,379738.9489919855,1155832.9765310383,32.85413694733671,776094.0275390528,0.2,0.47,0.07093603046832336,4.2596732193638393e-07,2.4895847910001976,tw_support_offline,context_noise_refinement
tw,20262356,100,100,2,0.0,0.45,0.0,support_offline,1.0,1.0,deterministic,20.0,0.1,0.95,True,5366.2449846383315,536624.4984638331,1008683.8220784529,53.20046646114403,472059.3236146198,0.4,0.6,0.07097036100527873,4.224667847354195e-07,2.539310916999966,tw_support_offline,context_noise_refinement
tw,20262357,100,100,2,0.0,0.45,0.0,support_offline,1.0,1.0,deterministic,20.0,0.1,0.95,True,6343.810769451438,634381.0769451439,1108748.1014082923,57.21597864649109,474367.02446314844,0.42,0.6,0.0713292437598487,4.2450399700279533e-07,2.4959608330000265,tw_support_offline,context_noise_refinement
tw,20262358,100,100,2,0.0,0.45,0.0,support_offline,1.0,1.0,deterministic,20.0,0.1,0.95,True,3518.4635383847303,351846.35383847303,890983.0856066347,39.48967825791159,539136.7317681618,0.25,0.45,0.07103083564108964,4.2293959651878176e-07,2.620604417000095,tw_support_offline,context_noise_refinement
exp4,20261395,100,100,2,0.0,0.45,0.1,dense,1.0,1.0,deterministic,20.0,0.1,0.95,False,4554.670145666282,455467.01456662826,898435.2948055138,50.69558344379426,442968.2802388856,0.34,0.57,0.3674418907156105,0.00940145499254,3.195233583000004,exp4_dense,context_noise_refinement
exp4,20261396,100,100,2,0.0,0.45,0.1,dense,1.0,1.0,deterministic,20.0,0.1,0.95,False,9247.831891025811,924783.1891025812,1218096.5678234885,75.92035094187946,293313.37872090726,0.54,0.78,0.3664663732642751,0.009376334791134,2.92532387499989,exp4_dense,context_noise_refinement
exp4,20261397,100,100,2,0.0,0.45,0.1,dense,1.0,1.0,deterministic,20.0,0.1,0.95,False,2351.039203687396,235103.9203687396,932810.2299511016,25.20383169265456,697706.3095823618,0.15,0.35,0.3661999211058885,0.0093703766107232,2.979316959000016,exp4_dense,context_noise_refinement
exp4,20261398,100,100,2,0.0,0.45,0.1,dense,1.0,1.0,deterministic,20.0,0.1,0.95,False,7837.698763261039,783769.8763261039,1063158.7489145736,73.72086973147611,279388.87258846965,0.51,0.76,0.3674255939112051,0.00940039521782766,2.960087041999941,exp4_dense,context_noise_refinement
exp4,20261399,100,100,2,0.0,0.45,0.1,dense,1.0,1.0,deterministic,20.0,0.1,0.95,False,4066.797947055844,406679.7947055844,965653.5478096439,42.114461819980995,558973.7531040595,0.25,0.42,0.3653343353373414,0.009348332564142012,2.804728250000153,exp4_dense,context_noise_refinement
exp4,20261400,100,100,2,0.0,0.45,0.1,dense,1.0,1.0,deterministic,20.0,0.1,0.95,False,5008.019356118099,500801.9356118099,950718.260342437,52.67616669437139,449916.32473062706,0.36,0.56,0.3665530947613883,0.009378575620460657,2.8120049169999675,exp4_dense,context_noise_refinement
exp4,20261401,100,100,2,0.0,0.45,0.1,dense,1.0,1.0,deterministic,20.0,0.1,0.95,False,6323.637029673719,632363.7029673719,1241316.144571016,50.94300156596362,608952.4416036442,0.41,0.57,0.3646994185309781,0.00933206599905744,2.786945333999938,exp4_dense,context_noise_refinement
exp4,20261402,100,100,2,0.0,0.45,0.1,dense,1.0,1.0,deterministic,20.0,0.1,0.95,False,3244.689620317118,324468.9620317118,1015194.2436725576,31.961268895488985,690725.2816408458,0.2,0.44,0.3663996403045321,0.00937481838538195,3.1446054159998766,exp4_dense,context_noise_refinement
exp4,20261403,100,100,2,0.0,0.45,0.1,dense,1.0,1.0,deterministic,20.0,0.1,0.95,False,10205.670709376453,1020567.0709376453,1234625.5170649944,82.66207500423138,214058.44612734916,0.54,0.79,0.3659182715295619,0.009363000106628643,3.1891620409999177,exp4_dense,context_noise_refinement
exp4,20261404,100,100,2,0.0,0.45,0.1,dense,1.0,1.0,deterministic,20.0,0.1,0.95,False,6638.9021517265655,663890.2151726566,886418.3487470992,74.89581145415444,222528.1335744426,0.46,0.78,0.3672186004376834,0.009394052441755125,2.9679928749999362,exp4_dense,context_noise_refinement
global_ucb_tw,20262374,100,100,2,0.0,0.45,0.1,dense,1.0,1.0,deterministic,20.0,0.1,0.95,False,2263.384251095584,226338.4251095584,862353.4001164703,26.24659740182956,636014.9750069119,0.16,0.33,0.3655045567325126,0.0093526882626287,3.109330583999963,global_ucb_tw_dense,context_noise_refinement
global_ucb_tw,20262375,100,100,2,0.0,0.45,0.1,dense,1.0,1.0,deterministic,20.0,0.1,0.95,False,4515.711833934046,451571.1833934046,969054.757795642,46.59914001357534,517483.5744022374,0.3,0.52,0.3663560364626739,0.0093729656110431,2.9633648750000248,global_ucb_tw_dense,context_noise_refinement
global_ucb_tw,20262376,100,100,2,0.0,0.45,0.1,dense,1.0,1.0,deterministic,20.0,0.1,0.95,False,5245.26951839275,524526.951839275,962243.9240609922,54.51080944482302,437716.9722217173,0.3,0.51,0.3661745282756927,0.0093694718952141,3.013319000000024,global_ucb_tw_dense,context_noise_refinement
global_ucb_tw,20262377,100,100,2,0.0,0.45,0.1,dense,1.0,1.0,deterministic,20.0,0.1,0.95,False,6466.9706810557,646697.06810557,1033528.5452442504,62.57176650623987,386831.4771386804,0.42,0.62,0.3654674746318033,0.009351739389840004,2.975196416000017,global_ucb_tw_dense,context_noise_refinement
global_ucb_tw,20262378,100,100,2,0.0,0.45,0.1,dense,1.0,1.0,deterministic,20.0,0.1,0.95,False,4095.893431029929,409589.3431029929,908242.7605259683,45.09690150084957,498653.41742297536,0.36,0.56,0.3651132662149696,0.009342675752077836,2.939089707999983,global_ucb_tw_dense,context_noise_refinement
global_ucb_tw,20262379,100,100,2,0.0,0.45,0.1,dense,1.0,1.0,deterministic,20.0,0.1,0.95,False,3693.4968619103297,369349.686191033,877918.1133585826,42.0710861948207,508568.4271675496,0.33,0.49,0.3649046692937576,0.009336939375514323,2.9330294579999645,global_ucb_tw_dense,context_noise_refinement
global_ucb_tw,20262380,100,100,2,0.0,0.45,0.1,dense,1.0,1.0,deterministic,20.0,0.1,0.95,False,8846.24813633044,884624.813633044,1287593.6342960703,68.70372686462294,402968.8206630263,0.42,0.7,0.3675399301400986,0.009404707776483586,3.1798747499999536,global_ucb_tw_dense,context_noise_refinement
global_ucb_tw,20262381,100,100,2,0.0,0.45,0.1,dense,1.0,1.0,deterministic,20.0,0.1,0.95,False,1677.6952002276898,167769.520022769,983692.4607755775,17.05507836163486,815922.9407528085,0.13,0.27,0.36658564822064216,0.00938023568998904,3.566655082999887,global_ucb_tw_dense,context_noise_refinement
global_ucb_tw,20262382,100,100,2,0.0,0.45,0.1,dense,1.0,1.0,deterministic,20.0,0.1,0.95,False,4972.445400066709,497244.5400066709,1210673.7514038263,41.07172055478161,713429.2113971554,0.3,0.52,0.3658922527594872,0.009362608795804533,3.3589055420000022,global_ucb_tw_dense,context_noise_refinement
global_ucb_tw,20262383,100,100,2,0.0,0.45,0.1,dense,1.0,1.0,deterministic,20.0,0.1,0.95,False,5680.41602672619,568041.6026726189,1024977.3619729065,55.41991694131037,456935.7593002876,0.42,0.58,0.36634565306415684,0.009373203897561628,3.3140440419999777,global_ucb_tw_dense,context_noise_refinement
local_ucb_tw,20262272,100,100,2,0.0,0.45,0.1,dense,1.0,1.0,deterministic,20.0,0.1,0.95,False,4904.942402374352,490494.2402374352,954366.1141314406,51.394766953123565,463871.87389400543,0.39,0.66,0.3664185255026166,0.009375655542288,3.17895287500005,local_ucb_tw_dense,context_noise_refinement
local_ucb_tw,20262273,100,100,2,0.0,0.45,0.1,dense,1.0,1.0,deterministic,20.0,0.1,0.95,False,6296.158283405063,629615.8283405063,1147474.0598520755,54.8697221461958,517858.2315115692,0.39,0.58,0.3665341843017188,0.0093783151535574,2.974382624999976,local_ucb_tw_dense,context_noise_refinement
local_ucb_tw,20262274,100,100,2,0.0,0.45,0.1,dense,1.0,1.0,deterministic,20.0,0.1,0.95,False,3842.136232791764,384213.6232791764,869411.3967774328,44.192384031691525,485197.77349825634,0.3,0.49,0.3675872752692715,0.0094057325509558,3.007285083000056,local_ucb_tw_dense,context_noise_refinement
local_ucb_tw,20262275,100,100,2,0.0,0.45,0.1,dense,1.0,1.0,deterministic,20.0,0.1,0.95,False,4409.99735859829,440999.735859829,1054199.390545707,41.83266845103612,613199.654685878,0.26,0.54,0.36654321613395285,0.009378061401816597,3.021302999999989,local_ucb_tw_dense,context_noise_refinement
local_ucb_tw,20262276,100,100,2,0.0,0.45,0.1,dense,1.0,1.0,deterministic,20.0,0.1,0.95,False,4344.8521012009705,434485.2101200971,997575.4429690387,43.554120461000764,563090.2328489416,0.26,0.47,0.3668328265386821,0.009386297039712253,3.1557445000000826,local_ucb_tw_dense,context_noise_refinement
local_ucb_tw,20262277,100,100,2,0.0,0.45,0.1,dense,1.0,1.0,deterministic,20.0,0.1,0.95,False,4203.4161335871195,420341.61335871194,1020223.878512198,41.20091895630791,599882.265153486,0.26,0.45,0.366787193434488,0.009385508923840293,3.4349817499999062,local_ucb_tw_dense,context_noise_refinement
local_ucb_tw,20262278,100,100,2,0.0,0.45,0.1,dense,1.0,1.0,deterministic,20.0,0.1,0.95,False,7189.6829383389295,718968.2938338929,1307468.0160365216,54.989359970225834,588499.7222026287,0.41,0.57,0.36584183446257595,0.009361318670674607,2.95321899999999,local_ucb_tw_dense,context_noise_refinement
local_ucb_tw,20262279,100,100,2,0.0,0.45,0.1,dense,1.0,1.0,deterministic,20.0,0.1,0.95,False,4904.045664203383,490404.56642033835,896829.6744843334,54.68201826643563,406425.108063995,0.36,0.58,0.36621034926996854,0.00937074838652963,3.0407423330000256,local_ucb_tw_dense,context_noise_refinement
local_ucb_tw,20262280,100,100,2,0.0,0.45,0.1,dense,1.0,1.0,deterministic,20.0,0.1,0.95,False,7103.045475461878,710304.5475461878,1138773.4750251465,62.3745251469352,428468.92747895874,0.43,0.64,0.3659765483347648,0.009364765787346683,3.020567167000081,local_ucb_tw_dense,context_noise_refinement
local_ucb_tw,20262281,100,100,2,0.0,0.45,0.1,dense,1.0,1.0,deterministic,20.0,0.1,0.95,False,4991.870907892042,499187.09078920423,1035925.7521677268,48.18753561677853,536738.6613785225,0.34,0.58,0.36578907909369623,0.009358988305850009,3.452866166999911,local_ucb_tw_dense,context_noise_refinement
oracle,20261640,100,100,2,0.0,0.45,0.1,dense,1.0,1.0,deterministic,20.0,0.1,0.95,False,8256.9564536512,825695.6453651201,919204.4696456508,89.82720087114264,93508.8242805308,0.89,0.95,0.3658015761148845,0.0093596018275009,0.0239831249999724,oracle,context_noise_refinement
oracle,20261641,100,100,2,0.0,0.45,0.1,dense,1.0,1.0,deterministic,20.0,0.1,0.95,False,11337.081936680734,1133708.1936680733,1200661.100957998,94.4236631605285,66952.9072899248,0.93,0.99,0.3666984445080637,0.0093832379780279,0.02370879099999,oracle,context_noise_refinement
oracle,20261642,100,100,2,0.0,0.45,0.1,dense,1.0,1.0,deterministic,20.0,0.1,0.95,False,9335.817268071283,933581.7268071284,1020376.949437045,91.4938079816677,86795.2226299165,0.83,0.91,0.3667146674300983,0.0093836530971549,0.0236477079999986,oracle,context_noise_refinement
oracle,20261643,100,100,2,0.0,0.45,0.1,dense,1.0,1.0,deterministic,20.0,0.1,0.95,False,10341.113828225178,1034111.3828225178,1086078.9202647577,95.21512327763699,51967.53744223993,0.91,0.96,0.36630890352132833,0.009373270235226036,0.024349499999971158,oracle,context_noise_refinement
oracle,20261644,100,100,2,0.0,0.45,0.1,dense,1.0,1.0,deterministic,20.0,0.1,0.95,False,8182.246814610392,818224.6814610392,920670.8411361008,88.87266164000113,102446.15967506159,0.89,0.97,0.36683786620860764,0.009386805560642805,0.024280332999978782,oracle,context_noise_refinement
oracle,20261645,100,100,2,0.0,0.45,0.1,dense,1.0,1.0,deterministic,20.0,0.1,0.95,False,10786.687586728272,1078668.7586728272,1109229.7014019394,97.24484994492244,30560.942729112227,0.94,0.99,0.3643282799255787,0.009322421398007269,0.02415533399994274,oracle,context_noise_refinement
oracle,20261646,100,100,2,0.0,0.45,0.1,dense,1.0,1.0,deterministic,20.0,0.1,0.95,False,11511.993227489369,1151199.322748937,1245303.4740233682,92.44327561615191,94104.15127443126,0.89,0.96,0.36677122498966186,0.009385100316385895,0.024965750000092157,oracle,context_noise_refinement
oracle,20261647,100,100,2,0.0,0.45,0.1,dense,1.0,1.0,deterministic,20.0,0.1,0.95,False,10100.80695105518,1010080.6951055179,1045475.6773604426,96.61446143402513,35394.98225492472,0.89,0.95,0.3657533161561217,0.009359053626065579,0.024570834000087416,oracle,context_noise_refinement
oracle,20261648,100,100,2,0.0,0.45,0.1,dense,1.0,1.0,deterministic,20.0,0.1,0.95,False,10918.763961841702,1091876.3961841702,1149839.0935899315,94.95906012163884,57962.69740576134,0.89,0.99,0.3672291249164996,0.009396817257234675,0.024462207999931707,oracle,context_noise_refinement
oracle,20261649,100,100,2,0.0,0.45,0.1,dense,1.0,1.0,deterministic,20.0,0.1,0.95,False,9956.74484973766,995674.4849737661,1131412.5412606562,88.00277959305221,135738.05628689006,0.83,0.96,0.36700520087794636,0.00939108739234374,0.0240700829999696,oracle,context_noise_refinement
state_thompson,20262538,100,100,2,0.0,0.45,0.1,dense,1.0,1.0,deterministic,20.0,0.1,0.95,False,5054.991666358366,505499.1666358366,884098.6306208113,57.17678425549384,378599.46398497466,0.33,0.51,0.3663773897000349,0.0093750226891091,0.0271754999999984,state_thompson,context_noise_refinement
state_thompson,20262539,100,100,2,0.0,0.45,0.1,dense,1.0,1.0,deterministic,20.0,0.1,0.95,False,3740.3422787417744,374034.2278741775,1120138.8730704873,33.39177282981773,746104.6451963098,0.19,0.41,0.3664559833953622,0.0093770337784875,0.026990416999979,state_thompson,context_noise_refinement
state_thompson,20262540,100,100,2,0.0,0.45,0.1,dense,1.0,1.0,deterministic,20.0,0.1,0.95,False,6102.204767716804,610220.4767716804,1096447.693839792,55.6543171370693,486227.2170681115,0.27,0.49,0.3668953621528771,0.0093882767916663,0.0270818330000111,state_thompson,context_noise_refinement
state_thompson,20262541,100,100,2,0.0,0.45,0.1,dense,1.0,1.0,deterministic,20.0,0.1,0.95,False,3854.011413273724,385401.1413273724,1030401.922470807,37.402991291322195,645000.7811434346,0.26,0.39,0.36777109545298886,0.009408481494233508,0.027280750000045373,state_thompson,context_noise_refinement
state_thompson,20262542,100,100,2,0.0,0.45,0.1,dense,1.0,1.0,deterministic,20.0,0.1,0.95,False,2822.0547441567246,282205.4744156725,867274.1333544522,32.53936253398393,585068.6589387797,0.2,0.3,0.3664362910911311,0.009376083481270399,0.027059791999818117,state_thompson,context_noise_refinement
state_thompson,20262543,100,100,2,0.0,0.45,0.1,dense,1.0,1.0,deterministic,20.0,0.1,0.95,False,4949.2329808924815,494923.2980892481,958030.9298043811,51.66047177519683,463107.631715133,0.32,0.52,0.3666741331267937,0.00938176450861698,0.027991707999944992,state_thompson,context_noise_refinement
state_thompson,20262544,100,100,2,0.0,0.45,0.1,dense,1.0,1.0,deterministic,20.0,0.1,0.95,False,5980.386179269213,598038.6179269213,1259702.4040939517,47.474595268162886,661663.7861670303,0.24,0.38,0.3659935676014954,0.009364879945106604,0.027814957999908074,state_thompson,context_noise_refinement
state_thompson,20262545,100,100,2,0.0,0.45,0.1,dense,1.0,1.0,deterministic,20.0,0.1,0.95,False,3501.980145694318,350198.0145694318,1004506.4480993066,34.862694533426314,654308.4335298748,0.25,0.47,0.3671731655699157,0.009393882934778278,0.027702750000116794,state_thompson,context_noise_refinement
state_thompson,20262546,100,100,2,0.0,0.45,0.1,dense,1.0,1.0,deterministic,20.0,0.1,0.95,False,4860.737981511926,486073.7981511926,1167905.964367126,41.61925814075194,681832.1662159335,0.23,0.46,0.36612927867439615,0.009368540522545448,0.028017667000085567,state_thompson,context_noise_refinement
state_thompson,20262547,100,100,2,0.0,0.45,0.1,dense,1.0,1.0,deterministic,20.0,0.1,0.95,False,7342.145788623957,734214.5788623957,1177536.245828318,62.35176042041279,443321.6669659222,0.4,0.59,0.36596712472564175,0.009364524651971453,0.027659166999910667,state_thompson,context_noise_refinement
tm_tw,20261565,100,100,2,0.0,0.45,0.1,dense,1.0,1.0,deterministic,20.0,0.1,0.95,False,4560.165085359072,456016.5085359072,873051.0570564724,52.23251319039525,417034.54852056527,0.29,0.48,0.3667216098864395,0.0093838307437225,3.124904166999954,tm_tw_dense,context_noise_refinement
tm_tw,20261566,100,100,2,0.0,0.45,0.1,dense,1.0,1.0,deterministic,20.0,0.1,0.95,False,7053.973326617685,705397.3326617685,1113777.9714632805,63.33374790444258,408380.638801512,0.39,0.67,0.3659460716652707,0.0093618294299926,3.019437832999984,tm_tw_dense,context_noise_refinement
tm_tw,20261567,100,100,2,0.0,0.45,0.1,dense,1.0,1.0,deterministic,20.0,0.1,0.95,False,4762.360946170124,476236.0946170123,1088732.8175175646,43.742237485123766,612496.7229005523,0.3,0.51,0.3665650468933277,0.0093793476606409,3.0092421250000143,tm_tw_dense,context_noise_refinement
tm_tw,20261568,100,100,2,0.0,0.45,0.1,dense,1.0,1.0,deterministic,20.0,0.1,0.95,False,5478.657009060235,547865.7009060235,1145807.2832857193,47.81482094746009,597941.5823796958,0.38,0.51,0.36630141234850655,0.009373078547864459,2.9660760840001785,tm_tw_dense,context_noise_refinement
tm_tw,20261569,100,100,2,0.0,0.45,0.1,dense,1.0,1.0,deterministic,20.0,0.1,0.95,False,4059.578472475115,405957.8472475115,853288.4787774376,47.575685989473804,447330.6315299261,0.34,0.47,0.36592499658602134,0.009363225573291728,3.2155068749998463,tm_tw_dense,context_noise_refinement
tm_tw,20261570,100,100,2,0.0,0.45,0.1,dense,1.0,1.0,deterministic,20.0,0.1,0.95,False,4030.27272124716,403027.272124716,882238.3110743642,45.682358957402464,479211.0389496482,0.28,0.5,0.36732646673114083,0.009398750613521654,3.2723301669998364,tm_tw_dense,context_noise_refinement
tm_tw,20261571,100,100,2,0.0,0.45,0.1,dense,1.0,1.0,deterministic,20.0,0.1,0.95,False,8410.86422263073,841086.4222630729,1296950.873371615,64.85106256002933,455864.45110854215,0.48,0.55,0.36672827232942234,0.009383722283676135,3.287790374999986,tm_tw_dense,context_noise_refinement
tm_tw,20261572,100,100,2,0.0,0.45,0.1,dense,1.0,1.0,deterministic,20.0,0.1,0.95,False,4435.9511648422285,443595.1164842229,964583.4673709216,45.98825622559032,520988.35088669875,0.28,0.55,0.3663161879314184,0.00937345663185364,3.056936624999935,tm_tw_dense,context_noise_refinement
tm_tw,20261573,100,100,2,0.0,0.45,0.1,dense,1.0,1.0,deterministic,20.0,0.1,0.95,False,6406.593496866302,640659.3496866302,1195165.8209216662,53.6042228175985,554506.471235036,0.31,0.47,0.36633511665726143,0.009373513812478484,3.556627083000194,tm_tw_dense,context_noise_refinement
tm_tw,20261574,100,100,2,0.0,0.45,0.1,dense,1.0,1.0,deterministic,20.0,0.1,0.95,False,2495.210876448646,249521.0876448646,928177.8994039362,26.88289473441501,678656.8117590717,0.17,0.34,0.36607064923497784,0.009367173681772936,3.1834687499999745,tm_tw_dense,context_noise_refinement
tm_tw,20262389,100,100,2,0.0,0.45,0.1,gated_offline,1.0,1.0,deterministic,20.0,0.1,0.95,False,2506.655446359552,250665.5446359552,919531.8425017354,27.260126626390548,668866.2978657803,0.15,0.37,0.3117137760250425,0.0079762665625606,3.254793083999971,tm_tw_gated_offline,context_noise_refinement
tm_tw,20262390,100,100,2,0.0,0.45,0.1,gated_offline,1.0,1.0,deterministic,20.0,0.1,0.95,False,5292.383886398015,529238.3886398015,1115002.8877721883,47.4652034038438,585764.499132387,0.37,0.53,0.3115199314720574,0.0079713063845216,2.785969915999999,tm_tw_gated_offline,context_noise_refinement
tm_tw,20262391,100,100,2,0.0,0.45,0.1,gated_offline,1.0,1.0,deterministic,20.0,0.1,0.95,False,4049.614324379561,404961.432437956,1125992.8066566417,35.9648329939504,721031.3742186856,0.3,0.56,0.3117148447402295,0.0079762939093059,2.811405374999936,tm_tw_gated_offline,context_noise_refinement
tm_tw,20262392,100,100,2,0.0,0.45,0.1,gated_offline,1.0,1.0,deterministic,20.0,0.1,0.95,False,5145.423924199311,514542.39241993113,1123332.9100615964,45.80497800885375,608790.5176416653,0.26,0.53,0.3109366103740386,0.007956380112642698,2.8966573329998937,tm_tw_gated_offline,context_noise_refinement
tm_tw,20262393,100,100,2,0.0,0.45,0.1,gated_offline,1.0,1.0,deterministic,20.0,0.1,0.95,False,4339.84471710055,433984.47171005496,968407.9447389897,44.814220501570205,534423.4730289348,0.38,0.6,0.31129782468030903,0.00796562302012585,2.7205869169999914,tm_tw_gated_offline,context_noise_refinement
tm_tw,20262394,100,100,2,0.0,0.45,0.1,gated_offline,1.0,1.0,deterministic,20.0,0.1,0.95,False,6208.152045292693,620815.2045292694,1078544.3841793989,57.560468872276516,457729.1796501295,0.39,0.59,0.3119620658797948,0.007982619910467035,2.8366173749998325,tm_tw_gated_offline,context_noise_refinement
tm_tw,20262395,100,100,2,0.0,0.45,0.1,gated_offline,1.0,1.0,deterministic,20.0,0.1,0.95,False,6186.988971820588,618698.8971820588,1239175.4215564854,49.928273787494305,620476.5243744266,0.28,0.49,0.31115402316489543,0.007961943364918867,2.9395303329999933,tm_tw_gated_offline,context_noise_refinement
tm_tw,20262396,100,100,2,0.0,0.45,0.1,gated_offline,1.0,1.0,deterministic,20.0,0.1,0.95,False,6061.339840742876,606133.9840742876,1011423.6938465381,59.92879025496267,405289.7097722505,0.38,0.56,0.31196716695573756,0.007982750438998668,3.1775265409999065,tm_tw_gated_offline,context_noise_refinement
tm_tw,20262397,100,100,2,0.0,0.45,0.1,gated_offline,1.0,1.0,deterministic,20.0,0.1,0.95,False,6349.798883614883,634979.8883614884,1046159.9246322021,60.696254311665385,411180.0362707138,0.33,0.54,0.31222545716068206,0.00798921882903853,3.2228394999999637,tm_tw_gated_offline,context_noise_refinement
tm_tw,20262398,100,100,2,0.0,0.45,0.1,gated_offline,1.0,1.0,deterministic,20.0,0.1,0.95,False,5828.944767457642,582894.4767457643,961078.2301627531,60.65005516221654,378183.7534169889,0.36,0.6,0.31127664869606986,0.007965081159906611,3.1538208340000438,tm_tw_gated_offline,context_noise_refinement
tm_tw,20263345,100,100,2,0.0,0.45,0.1,gated_offline_low_rank,1.0,1.0,deterministic,20.0,0.1,0.95,False,4378.071985278156,437807.1985278156,884796.2648914221,49.48113095634972,446989.06636360654,0.35,0.51,0.3119098388677921,0.0079812835031551,10.131207249999989,tm_tw_gated_offline_low_rank,context_noise_refinement
tm_tw,20263346,100,100,2,0.0,0.45,0.1,gated_offline_low_rank,1.0,1.0,deterministic,20.0,0.1,0.95,False,2764.3566657822835,276435.66657822835,1056065.595053278,26.175993979264355,779629.9284750498,0.16,0.4,0.3124189825722711,0.0079935049537976,9.123262541000033,tm_tw_gated_offline_low_rank,context_noise_refinement
tm_tw,20263347,100,100,2,0.0,0.45,0.1,gated_offline_low_rank,1.0,1.0,deterministic,20.0,0.1,0.95,False,5180.027110093154,518002.7110093154,959985.6146259246,53.95942429941144,441982.9036166092,0.35,0.56,0.3111435233876903,0.0079614632526157,9.50644391600008,tm_tw_gated_offline_low_rank,context_noise_refinement
tm_tw,20263348,100,100,2,0.0,0.45,0.1,gated_offline_low_rank,1.0,1.0,deterministic,20.0,0.1,0.95,False,4983.88138007636,498388.138007636,1073883.605544681,46.4098842215633,575495.467537045,0.35,0.53,0.31191997758703655,0.007981542937076624,12.364010374999907,tm_tw_gated_offline_low_rank,context_noise_refinement
tm_tw,20263349,100,100,2,0.0,0.45,0.1,gated_offline_low_rank,1.0,1.0,deterministic,20.0,0.1,0.95,False,5409.639547857702,540963.9547857703,883228.350614538,61.24848171023667,342264.3958287677,0.32,0.53,0.31137610095063717,0.007967625987096456,9.74808558399991,tm_tw_gated_offline_low_rank,context_noise_refinement
tm_tw,20263350,100,100,2,0.0,0.45,0.1,gated_offline_low_rank,1.0,1.0,deterministic,20.0,0.1,0.95,False,5935.209159334578,593520.9159334578,977594.5702241267,60.71237852695777,384073.6542906689,0.41,0.56,0.31126047899243753,0.007964667402555066,9.763953958000002,tm_tw_gated_offline_low_rank,context_noise_refinement
tm_tw,20263351,100,100,2,0.0,0.45,0.1,gated_offline_low_rank,1.0,1.0,deterministic,20.0,0.1,0.95,False,6241.365234074128,624136.5234074128,1300863.0549272907,47.97864933156225,676726.5315198778,0.28,0.47,0.31193263283294137,0.007981866764967835,9.80210879099991,tm_tw_gated_offline_low_rank,context_noise_refinement
tm_tw,20263352,100,100,2,0.0,0.45,0.1,gated_offline_low_rank,1.0,1.0,deterministic,20.0,0.1,0.95,False,4339.886888591358,433988.68885913584,946131.0863972557,45.86982661268518,512142.3975381198,0.2,0.42,0.3120940031041341,0.007985995977076197,9.956763707999926,tm_tw_gated_offline_low_rank,context_noise_refinement
tm_tw,20263353,100,100,2,0.0,0.45,0.1,gated_offline_low_rank,1.0,1.0,deterministic,20.0,0.1,0.95,False,4928.912439608537,492891.2439608537,1196256.65015392,41.202800744926634,703365.4061930664,0.31,0.52,0.3127750464180679,0.008003422807169676,10.470187082999928,tm_tw_gated_offline_low_rank,context_noise_refinement
tm_tw,20263354,100,100,2,0.0,0.45,0.1,gated_offline_low_rank,1.0,1.0,deterministic,20.0,0.1,0.95,False,4739.059383844573,473905.93838445726,1044924.454937422,45.35312922816399,571018.5165529647,0.36,0.54,0.31207239775642187,0.007984080907367427,9.814281916000255,tm_tw_gated_offline_low_rank,context_noise_refinement
tm_tw_refined,20262393,100,100,2,0.0,0.45,0.1,dense,1.0,1.0,deterministic,20.0,0.1,0.95,False,5679.22718093478,567922.718093478,894400.5361439784,63.49758247484494,326477.81805050035,0.39,0.69,0.3671016477399243,0.0093935553162515,3.0833548750000546,tm_tw_refined_dense,context_noise_refinement
tm_tw_refined,20262394,100,100,2,0.0,0.45,0.1,dense,1.0,1.0,deterministic,20.0,0.1,0.95,False,9804.729943553246,980472.9943553244,1236193.7281056377,79.31386254950641,255720.7337503132,0.49,0.75,0.3669277364252313,0.0093891051985124,3.0456469579999066,tm_tw_refined_dense,context_noise_refinement
tm_tw_refined,20262395,100,100,2,0.0,0.45,0.1,dense,1.0,1.0,deterministic,20.0,0.1,0.95,False,5680.329185598613,568032.9185598613,1053374.5033859536,53.925068124772665,485341.5848260924,0.36,0.63,0.3672473279893119,0.0093972830453139,3.0345962090000285,tm_tw_refined_dense,context_noise_refinement
tm_tw_refined,20262396,100,100,2,0.0,0.45,0.1,dense,1.0,1.0,deterministic,20.0,0.1,0.95,False,7829.613432412127,782961.3432412127,1080874.7620145273,72.43774864184398,297913.4187733147,0.46,0.75,0.36603745765903206,0.009366252280102856,2.99502291600038,tm_tw_refined_dense,context_noise_refinement
tm_tw_refined,20262397,100,100,2,0.0,0.45,0.1,dense,1.0,1.0,deterministic,20.0,0.1,0.95,False,6716.482416028869,671648.2416028869,983065.2471275285,68.32183759576613,311417.0055246416,0.46,0.67,0.3675822383799732,0.009405702637959961,3.0240013329998874,tm_tw_refined_dense,context_noise_refinement
tm_tw_refined,20262398,100,100,2,0.0,0.45,0.1,dense,1.0,1.0,deterministic,20.0,0.1,0.95,False,6465.250995630382,646525.0995630382,1003156.4258531369,64.44908121016114,356631.3262900987,0.41,0.67,0.36598942201629725,0.009364090811785804,3.176309124999989,tm_tw_refined_dense,context_noise_refinement
tm_tw_refined,20262399,100,100,2,0.0,0.45,0.1,dense,1.0,1.0,deterministic,20.0,0.1,0.95,False,9115.564741544498,911556.4741544498,1174800.5958843704,77.5924422704472,263244.1217299206,0.45,0.74,0.36599999981363757,0.00936432156918286,3.1844088749999173,tm_tw_refined_dense,context_noise_refinement
tm_tw_refined,20262400,100,100,2,0.0,0.45,0.1,dense,1.0,1.0,deterministic,20.0,0.1,0.95,False,8783.476022719236,878347.6022719236,990941.2816049462,88.63770422898682,112593.67933302268,0.7,0.85,0.36767293527668893,0.009407485818798062,3.164477000000261,tm_tw_refined_dense,context_noise_refinement
tm_tw_refined,20262401,100,100,2,0.0,0.45,0.1,dense,1.0,1.0,deterministic,20.0,0.1,0.95,False,10944.991432662086,1094499.1432662085,1287295.0661977562,85.02317549456605,192795.92293154774,0.59,0.76,0.3675231021839506,0.009403901957001802,3.200348875000145,tm_tw_refined_dense,context_noise_refinement
tm_tw_refined,20262402,100,100,2,0.0,0.45,0.1,dense,1.0,1.0,deterministic,20.0,0.1,0.95,False,8549.647124916675,854964.7124916676,1053280.8570870599,81.17157990093422,198316.14459539228,0.54,0.74,0.36622173712504374,0.009371039783877589,3.139326209000046,tm_tw_refined_dense,context_noise_refinement
tm_tw_refined,20263217,100,100,2,0.0,0.45,0.1,gated_offline,1.0,1.0,deterministic,20.0,0.1,0.95,False,7393.141691844765,739314.1691844765,920832.1548047377,80.28761434175243,181517.9856202612,0.54,0.8,0.3119791099262679,0.0079830560408803,3.2355682500000285,tm_tw_refined_gated_offline,context_noise_refinement
tm_tw_refined,20263218,100,100,2,0.0,0.45,0.1,gated_offline,1.0,1.0,deterministic,20.0,0.1,0.95,False,7984.326693062874,798432.6693062874,1063180.4569836413,75.0985088243183,264747.78767735383,0.47,0.68,0.3118294984449956,0.0079788966758409,2.825973999999974,tm_tw_refined_gated_offline,context_noise_refinement
tm_tw_refined,20263219,100,100,2,0.0,0.45,0.1,gated_offline,1.0,1.0,deterministic,20.0,0.1,0.95,False,4584.932464456082,458493.2464456082,1039830.437463415,44.09307805646338,581337.1910178068,0.35,0.59,0.311010997713455,0.0079582835679715,2.893769124999949,tm_tw_refined_gated_offline,context_noise_refinement
tm_tw_refined,20263220,100,100,2,0.0,0.45,0.1,gated_offline,1.0,1.0,deterministic,20.0,0.1,0.95,False,7099.000281289454,709900.0281289454,1005104.2285735672,70.62949373284675,295204.20044462185,0.44,0.76,0.31115569238023555,0.007961986077521025,2.9228682499997376,tm_tw_refined_gated_offline,context_noise_refinement
tm_tw_refined,20263221,100,100,2,0.0,0.45,0.1,gated_offline,1.0,1.0,deterministic,20.0,0.1,0.95,False,3301.535144100352,330153.5144100352,880496.5413916556,37.496287479814065,550343.0269816204,0.25,0.53,0.3123341979659518,0.007992142186811442,3.0103491249997205,tm_tw_refined_gated_offline,context_noise_refinement
tm_tw_refined,20263222,100,100,2,0.0,0.45,0.1,gated_offline,1.0,1.0,deterministic,20.0,0.1,0.95,False,6476.293094191817,647629.3094191817,982910.0869321018,65.88896767155866,335280.7775129201,0.42,0.66,0.31209730386503626,0.007986080438369986,3.068315542000164,tm_tw_refined_gated_offline,context_noise_refinement
tm_tw_refined,20263223,100,100,2,0.0,0.45,0.1,gated_offline,1.0,1.0,deterministic,20.0,0.1,0.95,False,7375.958793030677,737595.8793030677,1168413.5305470242,63.12798166225808,430817.6512439565,0.48,0.71,0.3122888916593445,0.00798940322350903,2.9249152910001612,tm_tw_refined_gated_offline,context_noise_refinement
tm_tw_refined,20263224,100,100,2,0.0,0.45,0.1,gated_offline,1.0,1.0,deterministic,20.0,0.1,0.95,False,8432.470350140109,843247.0350140108,954726.9649294075,88.32337055404741,111479.92991539661,0.65,0.82,0.31149269761878284,0.007970609512936395,2.89986937499998,tm_tw_refined_gated_offline,context_noise_refinement
tm_tw_refined,20263225,100,100,2,0.0,0.45,0.1,gated_offline,1.0,1.0,deterministic,20.0,0.1,0.95,False,7927.302854269624,792730.2854269624,1108854.6690994438,71.49090927044372,316124.3836724814,0.39,0.68,0.3122032030747441,0.007988790233028936,2.9030865419999827,tm_tw_refined_gated_offline,context_noise_refinement
tm_tw_refined,20263226,100,100,2,0.0,0.45,0.1,gated_offline,1.0,1.0,deterministic,20.0,0.1,0.95,False,9931.925546120205,993192.5546120204,1192163.737098254,83.31007928738609,198971.18248623365,0.57,0.77,0.31152526942268793,0.007971215633315026,3.0078594169999633,tm_tw_refined_gated_offline,context_noise_refinement
tm_tw_refined,20263217,100,100,2,0.0,0.45,0.1,gated_offline,0.5,0.25,beta,20.0,0.1,0.95,False,7377.42696192129,737742.696192129,911722.9581084474,80.9174201034407,173980.26191631833,0.55,0.83,0.3114941142227567,0.0079698862230193,3.1128735419999884,tm_tw_refined_gated_offline_best_beta,context_noise_refinement
tm_tw_refined,20263218,100,100,2,0.0,0.45,0.1,gated_offline,0.5,0.25,beta,20.0,0.1,0.95,False,9552.8703903414,955287.03903414,1156257.587384964,82.6188774418902,200970.54835082404,0.59,0.8,0.3125507422752148,0.0079976832160059,2.968680708000022,tm_tw_refined_gated_offline_best_beta,context_noise_refinement
tm_tw_refined,20263219,100,100,2,0.0,0.45,0.1,gated_offline,0.5,0.25,beta,20.0,0.1,0.95,False,4953.677839512844,495367.7839512844,982888.0619208728,50.39920649592383,487520.2779695885,0.31,0.58,0.3116304525316845,0.0079732566652741,3.1610145410000428,tm_tw_refined_gated_offline_best_beta,context_noise_refinement
tm_tw_refined,20263220,100,100,2,0.0,0.45,0.1,gated_offline,0.5,0.25,beta,20.0,0.1,0.95,False,5716.719421128222,571671.9421128222,935814.8550767528,61.08814569586367,364142.91296393063,0.38,0.64,0.3121084687639235,0.007986034631940211,3.0837217500002225,tm_tw_refined_gated_offline_best_beta,context_noise_refinement
tm_tw_refined,20263221,100,100,2,0.0,0.45,0.1,gated_offline,0.5,0.25,beta,20.0,0.1,0.95,False,6080.923831050339,608092.3831050339,989990.8057189881,61.42404349537391,381898.4226139542,0.45,0.75,0.31195829727365015,0.00798252347774737,3.0737371659997734,tm_tw_refined_gated_offline_best_beta,context_noise_refinement
tm_tw_refined,20263222,100,100,2,0.0,0.45,0.1,gated_offline,0.5,0.25,beta,20.0,0.1,0.95,False,5318.569028305833,531856.9028305833,958191.691653871,55.50631543387529,426334.7888232877,0.34,0.61,0.3119261837188933,0.007981701742255667,3.2736263330002657,tm_tw_refined_gated_offline_best_beta,context_noise_refinement
tm_tw_refined,20263223,100,100,2,0.0,0.45,0.1,gated_offline,0.5,0.25,beta,20.0,0.1,0.95,False,9244.52646313092,924452.6463130921,1290623.0132256718,71.62840247227538,366170.36691257975,0.49,0.74,0.3119738854376668,0.007982922354412374,3.1824552090001816,tm_tw_refined_gated_offline_best_beta,context_noise_refinement
tm_tw_refined,20263224,100,100,2,0.0,0.45,0.1,gated_offline,0.5,0.25,beta,20.0,0.1,0.95,False,7341.7503925239325,734175.0392523933,953412.5000785821,77.00497310365462,219237.4608261888,0.52,0.84,0.31166475596584925,0.00797501221614065,3.3992731659996025,tm_tw_refined_gated_offline_best_beta,context_noise_refinement
tm_tw_refined,20263225,100,100,2,0.0,0.45,0.1,gated_offline,0.5,0.25,beta,20.0,0.1,0.95,False,7218.406441373343,721840.6441373343,1133865.270954213,63.66194138125986,412024.6268168788,0.41,0.61,0.3124781948496501,0.00799582684118637,3.2852235420000397,tm_tw_refined_gated_offline_best_beta,context_noise_refinement
tm_tw_refined,20263226,100,100,2,0.0,0.45,0.1,gated_offline,0.5,0.25,beta,20.0,0.1,0.95,False,5937.719364230578,593771.9364230578,858636.0348207736,69.1529253773979,264864.09839771583,0.43,0.65,0.31202216991348963,0.007982795655656068,2.993369833000088,tm_tw_refined_gated_offline_best_beta,context_noise_refinement
tm_tw_refined,20264173,100,100,2,0.0,0.45,0.1,gated_offline_low_rank,1.0,1.0,deterministic,20.0,0.1,0.95,False,6579.004173227506,657900.4173227506,830847.0667988261,79.18429800294989,172946.64947607554,0.48,0.73,0.3119113274750501,0.0079809888327883,10.189470583000002,tm_tw_refined_gated_offline_low_rank,context_noise_refinement
tm_tw_refined,20264174,100,100,2,0.0,0.45,0.1,gated_offline_low_rank,1.0,1.0,deterministic,20.0,0.1,0.95,False,8582.637898512954,858263.7898512954,1166642.4676682628,73.56699362802078,308378.67781696736,0.51,0.72,0.3130523179438181,0.0080091555278233,9.139164957999924,tm_tw_refined_gated_offline_low_rank,context_noise_refinement
tm_tw_refined,20264175,100,100,2,0.0,0.45,0.1,gated_offline_low_rank,1.0,1.0,deterministic,20.0,0.1,0.95,False,4865.086717029656,486508.6717029656,992981.8582403047,48.99471905409463,506473.1865373393,0.35,0.57,0.3127126540134879,0.0080015483731175,9.67887487500002,tm_tw_refined_gated_offline_low_rank,context_noise_refinement
tm_tw_refined,20264176,100,100,2,0.0,0.45,0.1,gated_offline_low_rank,1.0,1.0,deterministic,20.0,0.1,0.95,False,7469.598639367729,746959.8639367729,1104205.9310608602,67.64678969068162,357246.06712408725,0.45,0.69,0.31185684999866253,0.007979927601114434,9.866191000000072,tm_tw_refined_gated_offline_low_rank,context_noise_refinement
tm_tw_refined,20264177,100,100,2,0.0,0.45,0.1,gated_offline_low_rank,1.0,1.0,deterministic,20.0,0.1,0.95,False,5751.364356380154,575136.4356380154,911321.2776372579,63.11017308068852,336184.84199924255,0.38,0.63,0.31231296742477344,0.007991598930565712,9.019548499999928,tm_tw_refined_gated_offline_low_rank,context_noise_refinement
tm_tw_refined,20264178,100,100,2,0.0,0.45,0.1,gated_offline_low_rank,1.0,1.0,deterministic,20.0,0.1,0.95,False,6137.9837698203755,613798.3769820376,1065602.573528316,57.60105992890859,451804.19654627854,0.32,0.56,0.3121767875798167,0.007987028363917043,9.705859124999733,tm_tw_refined_gated_offline_low_rank,context_noise_refinement
tm_tw_refined,20264179,100,100,2,0.0,0.45,0.1,gated_offline_low_rank,1.0,1.0,deterministic,20.0,0.1,0.95,False,8805.804651043647,880580.4651043647,1167266.7931852338,75.43951993198054,286686.32808086916,0.42,0.68,0.3127076823631818,0.007999909847242295,10.28767549999975,tm_tw_refined_gated_offline_low_rank,context_noise_refinement
tm_tw_refined,20264180,100,100,2,0.0,0.45,0.1,gated_offline_low_rank,1.0,1.0,deterministic,20.0,0.1,0.95,False,7916.22504324289,791622.504324289,902132.9673651601,87.75009150107476,110510.46304087108,0.61,0.78,0.31204439276811713,0.007984726526398155,9.451802957999917,tm_tw_refined_gated_offline_low_rank,context_noise_refinement
tm_tw_refined,20264181,100,100,2,0.0,0.45,0.1,gated_offline_low_rank,1.0,1.0,deterministic,20.0,0.1,0.95,False,6975.052557224926,697505.2557224926,1013090.3418095313,68.84926515799604,315585.08608703874,0.41,0.71,0.3121272251030827,0.007986846075916015,9.455151792000379,tm_tw_refined_gated_offline_low_rank,context_noise_refinement
tm_tw_refined,20264182,100,100,2,0.0,0.45,0.1,gated_offline_low_rank,1.0,1.0,deterministic,20.0,0.1,0.95,False,8334.5692770418,833456.9277041801,1042992.9269678629,79.91012270113515,209535.99926368275,0.57,0.78,0.31211578678497426,0.007986173394860985,9.634485125000083,tm_tw_refined_gated_offline_low_rank,context_noise_refinement
tm_tw_refined,20264173,100,100,2,0.0,0.45,0.1,gated_offline_low_rank,1.0,1.0,beta,20.0,0.1,0.95,False,6204.250258318511,620425.0258318512,811428.6583588306,76.46082245686304,191003.63252697943,0.5,0.77,0.3113858266130345,0.0079676021630645,9.881798125000046,tm_tw_refined_gated_offline_low_rank_best_beta,context_noise_refinement
tm_tw_refined,20264174,100,100,2,0.0,0.45,0.1,gated_offline_low_rank,1.0,1.0,beta,20.0,0.1,0.95,False,9392.174425043131,939217.4425043132,1159111.159908662,81.02910876799113,219893.7174043485,0.51,0.76,0.3115284320336784,0.0079710972445942,9.965973333999957,tm_tw_refined_gated_offline_low_rank_best_beta,context_noise_refinement
tm_tw_refined,20264175,100,100,2,0.0,0.45,0.1,gated_offline_low_rank,1.0,1.0,beta,20.0,0.1,0.95,False,5894.315093870875,589431.5093870875,1126193.530211097,52.33838532855029,536762.0208240098,0.27,0.55,0.3110625243555756,0.0079596020539168,9.849055084000042,tm_tw_refined_gated_offline_low_rank_best_beta,context_noise_refinement
tm_tw_refined,20264176,100,100,2,0.0,0.45,0.1,gated_offline_low_rank,1.0,1.0,beta,20.0,0.1,0.95,False,7168.085575102899,716808.55751029,1058308.1011944609,67.73155725646086,341499.54368417093,0.45,0.71,0.31205688591040737,0.007984970700442141,9.665504083000087,tm_tw_refined_gated_offline_low_rank_best_beta,context_noise_refinement
tm_tw_refined,20264177,100,100,2,0.0,0.45,0.1,gated_offline_low_rank,1.0,1.0,beta,20.0,0.1,0.95,False,5843.735237829345,584373.5237829345,953078.5951217705,61.31430574288281,368705.071338836,0.38,0.66,0.3114105760842953,0.007968508151687778,9.801927040999999,tm_tw_refined_gated_offline_low_rank_best_beta,context_noise_refinement
tm_tw_refined,20264178,100,100,2,0.0,0.45,0.1,gated_offline_low_rank,1.0,1.0,beta,20.0,0.1,0.95,False,6537.40865899956,653740.8658999561,977397.02562439,66.8859070327462,323656.1597244339,0.4,0.6,0.31150026526067254,0.007970803157021464,10.38791083299975,tm_tw_refined_gated_offline_low_rank_best_beta,context_noise_refinement
tm_tw_refined,20264179,100,100,2,0.0,0.45,0.1,gated_offline_low_rank,1.0,1.0,beta,20.0,0.1,0.95,False,8155.023936159207,815502.3936159207,1152531.5304427438,70.75749097316637,337029.1368268231,0.44,0.68,0.31090695619706504,0.0079556213087706,10.111818833000143,tm_tw_refined_gated_offline_low_rank_best_beta,context_noise_refinement
tm_tw_refined,20264180,100,100,2,0.0,0.45,0.1,gated_offline_low_rank,1.0,1.0,beta,20.0,0.1,0.95,False,7528.364592626799,752836.4592626799,886047.6786441753,84.96568270622475,133211.21938149538,0.59,0.78,0.3120482984799479,0.00798482646743726,10.351178666000123,tm_tw_refined_gated_offline_low_rank_best_beta,context_noise_refinement
tm_tw_refined,20264181,100,100,2,0.0,0.45,0.1,gated_offline_low_rank,1.0,1.0,beta,20.0,0.1,0.95,False,7856.854376314045,785685.4376314045,1206542.4207707497,65.11875787421565,420856.9831393452,0.4,0.66,0.311686441772964,0.00797420489917577,10.054717333000099,tm_tw_refined_gated_offline_low_rank_best_beta,context_noise_refinement
tm_tw_refined,20264182,100,100,2,0.0,0.45,0.1,gated_offline_low_rank,1.0,1.0,beta,20.0,0.1,0.95,False,9696.071662290347,969607.1662290348,1138380.7343988528,85.17424240678646,168773.56816981803,0.62,0.8,0.3116084228153059,0.007973570739184538,9.697300416999951,tm_tw_refined_gated_offline_low_rank_best_beta,context_noise_refinement
tm_tw_refined,20265065,100,100,2,0.0,0.45,0.1,support_gated_offline_low_rank,1.0,1.0,beta,20.0,0.1,0.95,True,5831.438044170038,583143.8044170038,804305.8584437616,72.50274237033649,221162.05402675783,0.47,0.72,0.074923547691058,0.0002660729513498,9.99511474999997,tm_tw_refined_support_gated_offline_low_rank_best_beta,context_noise_refinement
tm_tw_refined,20265066,100,100,2,0.0,0.45,0.1,support_gated_offline_low_rank,1.0,1.0,beta,20.0,0.1,0.95,True,9480.800443821556,948080.0443821556,1125661.2402969808,84.22427729074386,177581.1959148252,0.57,0.72,0.0724597074923765,0.0002677340363771,9.723432875000071,tm_tw_refined_support_gated_offline_low_rank_best_beta,context_noise_refinement
tm_tw_refined,20265067,100,100,2,0.0,0.45,0.1,support_gated_offline_low_rank,1.0,1.0,beta,20.0,0.1,0.95,True,5042.210009410072,504221.0009410071,978370.552354742,51.53681289031524,474149.55141373497,0.31,0.6,0.0716393671405905,0.0002759021602334,10.130831833999991,tm_tw_refined_support_gated_offline_low_rank_best_beta,context_noise_refinement
tm_tw_refined,20265068,100,100,2,0.0,0.45,0.1,support_gated_offline_low_rank,1.0,1.0,beta,20.0,0.1,0.95,True,6608.911288402293,660891.1288402294,1040612.6837882161,63.509809090000765,379721.55494798673,0.42,0.63,0.06939966950507422,0.00027333964768044014,10.1043466670003,tm_tw_refined_support_gated_offline_low_rank_best_beta,context_noise_refinement
tm_tw_refined,20265069,100,100,2,0.0,0.45,0.1,support_gated_offline_low_rank,1.0,1.0,beta,20.0,0.1,0.95,True,5517.615771334674,551761.5771334674,929246.9957280586,59.377278556727106,377485.4185945912,0.36,0.62,0.07223031015951234,0.0003434287184161532,9.753033125000002,tm_tw_refined_support_gated_offline_low_rank_best_beta,context_noise_refinement
tm_tw_refined,20265070,100,100,2,0.0,0.45,0.1,support_gated_offline_low_rank,1.0,1.0,beta,20.0,0.1,0.95,True,5868.223952047625,586822.3952047625,955662.1459199913,61.40479642414252,368839.75071522885,0.36,0.61,0.06905045274232484,0.0002306009136827275,10.262959916,tm_tw_refined_support_gated_offline_low_rank_best_beta,context_noise_refinement
tm_tw_refined,20265071,100,100,2,0.0,0.45,0.1,support_gated_offline_low_rank,1.0,1.0,beta,20.0,0.1,0.95,True,8551.420158160829,855142.0158160828,1117430.6440404633,76.52752503045883,262288.62822438043,0.37,0.64,0.06747911947068705,0.00024865272897257233,10.483565250000083,tm_tw_refined_support_gated_offline_low_rank_best_beta,context_noise_refinement
tm_tw_refined,20265072,100,100,2,0.0,0.45,0.1,support_gated_offline_low_rank,1.0,1.0,beta,20.0,0.1,0.95,True,6883.836949390656,688383.6949390656,735695.772098774,93.56907040192202,47312.077159708366,0.58,0.78,0.06992643790988796,0.0002492242559985615,10.451626707999822,tm_tw_refined_support_gated_offline_low_rank_best_beta,context_noise_refinement
tm_tw_refined,20265073,100,100,2,0.0,0.45,0.1,support_gated_offline_low_rank,1.0,1.0,beta,20.0,0.1,0.95,True,8276.218821299475,827621.8821299475,1154324.4780420617,71.69750775221716,326702.59591211413,0.47,0.7,0.07366556852193391,0.00026985471701183514,10.41794020799989,tm_tw_refined_support_gated_offline_low_rank_best_beta,context_noise_refinement
tm_tw_refined,20265074,100,100,2,0.0,0.45,0.1,support_gated_offline_low_rank,1.0,1.0,beta,20.0,0.1,0.95,True,8096.457429894806,809645.7429894806,997850.56857703,81.1389769656657,188204.82558754936,0.59,0.78,0.07111379054836463,0.0002871097096169212,10.360762999999679,tm_tw_refined_support_gated_offline_low_rank_best_beta,context_noise_refinement
tm_tw_refined,20263497,100,100,2,0.0,0.45,0.1,support_offline,1.0,1.0,deterministic,20.0,0.1,0.95,True,5932.54609586582,593254.6095865819,850389.635986996,69.76268106772339,257135.0264004141,0.49,0.66,0.0691502842527857,0.0003035379760176,2.682223665999913,tm_tw_refined_support_offline,context_noise_refinement
tm_tw_refined,20263498,100,100,2,0.0,0.45,0.1,support_offline,1.0,1.0,deterministic,20.0,0.1,0.95,True,9040.028788701153,904002.8788701151,1068935.4140304392,84.57039284174867,164932.53516032407,0.52,0.82,0.0756492632641971,0.0002584249695843,2.696135833000085,tm_tw_refined_support_offline,context_noise_refinement
tm_tw_refined,20263499,100,100,2,0.0,0.45,0.1,support_offline,1.0,1.0,deterministic,20.0,0.1,0.95,True,4751.999107718626,475199.9107718626,984106.124958266,48.28746602832239,508906.2141864034,0.33,0.6,0.071530189698024,0.0003120009461122,2.968220125000016,tm_tw_refined_support_offline,context_noise_refinement
tm_tw_refined,20263500,100,100,2,0.0,0.45,0.1,support_offline,1.0,1.0,deterministic,20.0,0.1,0.95,True,5937.280359967017,593728.0359967017,905187.750949344,65.59170021622705,311459.71495264233,0.34,0.55,0.07294219834886108,0.00027688928607239803,3.124099333000231,tm_tw_refined_support_offline,context_noise_refinement
tm_tw_refined,20263501,100,100,2,0.0,0.45,0.1,support_offline,1.0,1.0,deterministic,20.0,0.1,0.95,True,5953.326469163241,595332.6469163242,1001833.4968284648,59.42431040696753,406500.84991214063,0.43,0.7,0.07427693865537019,0.0002859062623020867,3.2807315830000334,tm_tw_refined_support_offline,context_noise_refinement
tm_tw_refined,20263502,100,100,2,0.0,0.45,0.1,support_offline,1.0,1.0,deterministic,20.0,0.1,0.95,True,4866.49622798074,486649.622798074,916627.0480470273,53.0913443842764,429977.42524895334,0.38,0.61,0.07268049257971818,0.00026540120798275695,2.8428253749998476,tm_tw_refined_support_offline,context_noise_refinement
tm_tw_refined,20263503,100,100,2,0.0,0.45,0.1,support_offline,1.0,1.0,deterministic,20.0,0.1,0.95,True,10179.89412599494,1017989.412599494,1266491.3711875316,80.37870890861036,248501.95858803764,0.53,0.77,0.06950209128367535,0.000275071850165007,3.117415957999583,tm_tw_refined_support_offline,context_noise_refinement
tm_tw_refined,20263504,100,100,2,0.0,0.45,0.1,support_offline,1.0,1.0,deterministic,20.0,0.1,0.95,True,8004.963078656483,800496.3078656483,920667.4876741816,86.94738530279662,120171.17980853328,0.57,0.8,0.07043248591814523,0.00027194907419108194,3.0558911250000165,tm_tw_refined_support_offline,context_noise_refinement
tm_tw_refined,20263505,100,100,2,0.0,0.45,0.1,support_offline,1.0,1.0,deterministic,20.0,0.1,0.95,True,8066.892520047428,806689.2520047427,1039597.3077819515,77.59631984098408,232908.05577720876,0.44,0.66,0.0721242597897536,0.00025811141086000536,2.9496059160001096,tm_tw_refined_support_offline,context_noise_refinement
tm_tw_refined,20263506,100,100,2,0.0,0.45,0.1,support_offline,1.0,1.0,deterministic,20.0,0.1,0.95,True,7768.091213232556,776809.1213232556,1079530.083900057,71.95807999318087,302720.9625768014,0.46,0.77,0.06926718432262058,0.00025976124574206966,3.791246042000239,tm_tw_refined_support_offline,context_noise_refinement
tm_tw,20262669,100,100,2,0.0,0.45,0.1,support_offline,1.0,1.0,deterministic,20.0,0.1,0.95,True,4843.215687011829,484321.5687011829,843086.1146995202,57.44627509062907,358764.5459983373,0.41,0.65,0.0716043697635432,0.0002680560790759,2.792631666000034,tm_tw_support_offline,context_noise_refinement
tm_tw,20262670,100,100,2,0.0,0.45,0.1,support_offline,1.0,1.0,deterministic,20.0,0.1,0.95,True,6598.329145572884,659832.9145572884,1158316.5198569964,56.96481948118552,498483.605299708,0.41,0.64,0.0739200850751395,0.0002997171697775,2.704769666000061,tm_tw_support_offline,context_noise_refinement
tm_tw,20262671,100,100,2,0.0,0.45,0.1,support_offline,1.0,1.0,deterministic,20.0,0.1,0.95,True,5013.209807253388,501320.98072533886,1143307.367683989,43.848311914657785,641986.3869586501,0.27,0.57,0.0724789792363999,0.0003186809290968,2.9364957920000734,tm_tw_support_offline,context_noise_refinement
tm_tw,20262672,100,100,2,0.0,0.45,0.1,support_offline,1.0,1.0,deterministic,20.0,0.1,0.95,True,2478.05067958555,247805.06795855498,1040154.144430599,23.82387930533204,792349.076472044,0.14,0.38,0.07055048193632127,0.0002656734134276555,2.989571667000291,tm_tw_support_offline,context_noise_refinement
tm_tw,20262673,100,100,2,0.0,0.45,0.1,support_offline,1.0,1.0,deterministic,20.0,0.1,0.95,True,3748.539398015289,374853.9398015289,851046.1214381976,44.0462544107547,476192.1816366687,0.33,0.46,0.07107038389314617,0.00029504417186925435,3.0749167910003052,tm_tw_support_offline,context_noise_refinement
tm_tw,20262674,100,100,2,0.0,0.45,0.1,support_offline,1.0,1.0,deterministic,20.0,0.1,0.95,True,3796.3505500365786,379635.0550036579,1008218.1506336576,37.65405877339741,628583.0956299996,0.18,0.47,0.07323108201277495,0.00027953080797260516,2.998824499999955,tm_tw_support_offline,context_noise_refinement
tm_tw,20262675,100,100,2,0.0,0.45,0.1,support_offline,1.0,1.0,deterministic,20.0,0.1,0.95,True,1717.0364923077288,171703.6492307729,1268455.8555981242,13.536430808607701,1096752.2063673513,0.05,0.29,0.07056544744755766,0.00030296129349506574,2.832240875000025,tm_tw_support_offline,context_noise_refinement
tm_tw,20262676,100,100,2,0.0,0.45,0.1,support_offline,1.0,1.0,deterministic,20.0,0.1,0.95,True,6184.567119814535,618456.7119814535,988563.420785777,62.561156823895246,370106.70880432357,0.4,0.62,0.07370769692128859,0.0002777385570583976,2.801173750000089,tm_tw_support_offline,context_noise_refinement
tm_tw,20262677,100,100,2,0.0,0.45,0.1,support_offline,1.0,1.0,deterministic,20.0,0.1,0.95,True,2584.8633241618368,258486.3324161837,1090588.4256875857,23.7015473782619,832102.0932714021,0.13,0.39,0.07434027816190267,0.0002746172355163956,2.957443583999975,tm_tw_support_offline,context_noise_refinement
tm_tw,20262678,100,100,2,0.0,0.45,0.1,support_offline,1.0,1.0,deterministic,20.0,0.1,0.95,True,5999.601455290376,599960.1455290376,1039252.9976502267,57.729941302604885,439292.8521211891,0.43,0.66,0.07214090337335323,0.00027328605655145994,3.035787082999832,tm_tw_support_offline,context_noise_refinement
tw,20261245,100,100,2,0.0,0.45,0.1,dense,1.0,1.0,deterministic,20.0,0.1,0.95,False,3461.366509570921,346136.6509570921,810238.445013451,42.72034400334408,464101.7940563589,0.22,0.45,0.3655992950566756,0.0093533481799468,3.169051915999944,tw_dense,context_noise_refinement
tw,20261246,100,100,2,0.0,0.45,0.1,dense,1.0,1.0,deterministic,20.0,0.1,0.95,False,5406.574242165417,540657.4242165417,1131907.9477112177,47.76514073514386,591250.523494676,0.3,0.47,0.366123584384848,0.0093683113930665,2.947939208000093,tw_dense,context_noise_refinement
tw,20261247,100,100,2,0.0,0.45,0.1,dense,1.0,1.0,deterministic,20.0,0.1,0.95,False,3961.017333843632,396101.7333843632,1048562.031217152,37.77570821676381,652460.2978327889,0.28,0.47,0.3663467116629021,0.0093742223638511,3.021521207999968,tw_dense,context_noise_refinement
tw,20261248,100,100,2,0.0,0.45,0.1,dense,1.0,1.0,deterministic,20.0,0.1,0.95,False,4702.49463449239,470249.463449239,1126594.8871563852,41.74077734687629,656345.4237071462,0.33,0.57,0.36515607405286765,0.009343771137499665,2.922963250000066,tw_dense,context_noise_refinement
tw,20261249,100,100,2,0.0,0.45,0.1,dense,1.0,1.0,deterministic,20.0,0.1,0.95,False,4381.7364626008275,438173.6462600827,908787.9830200352,48.215167282908794,470614.3367599525,0.39,0.52,0.36608152018322354,0.009367451852285968,3.2768387500000244,tw_dense,context_noise_refinement
tw,20261250,100,100,2,0.0,0.45,0.1,dense,1.0,1.0,deterministic,20.0,0.1,0.95,False,4525.871462262985,452587.14622629853,988706.7709387884,45.77566974650753,536119.6247124899,0.35,0.53,0.3654102825326959,0.009349960075307496,3.3643729589998657,tw_dense,context_noise_refinement
tw,20261251,100,100,2,0.0,0.45,0.1,dense,1.0,1.0,deterministic,20.0,0.1,0.95,False,7441.860922025476,744186.0922025476,1392503.384172051,53.44231839300145,648317.2919695034,0.41,0.53,0.36773999582318684,0.009409460483507973,3.363013750000391,tw_dense,context_noise_refinement
tw,20261252,100,100,2,0.0,0.45,0.1,dense,1.0,1.0,deterministic,20.0,0.1,0.95,False,3444.5640054263126,344456.4005426313,846848.3377157502,40.675099094101334,502391.93717311893,0.28,0.46,0.3671981681506544,0.009395037535722631,3.3732450419997804,tw_dense,context_noise_refinement
tw,20261253,100,100,2,0.0,0.45,0.1,dense,1.0,1.0,deterministic,20.0,0.1,0.95,False,6000.911230444347,600091.1230444347,1244459.7636966137,48.22101449563063,644368.640652179,0.35,0.6,0.36673916881381813,0.009384280049130573,3.3788778749999437,tw_dense,context_noise_refinement
tw,20261254,100,100,2,0.0,0.45,0.1,dense,1.0,1.0,deterministic,20.0,0.1,0.95,False,4465.862023003326,446586.20230033254,1127300.4305725275,39.61554437387402,680714.228272195,0.3,0.55,0.36638090466647577,0.009375112631586663,3.39694183399979,tw_dense,context_noise_refinement
tw,20262069,100,100,2,0.0,0.45,0.1,gated_offline,1.0,1.0,deterministic,20.0,0.1,0.95,False,3998.2661495175066,399826.6149517507,944315.0120158772,42.34038534431645,544488.3970641266,0.3,0.5,0.3112531363274298,0.0079644795152754,3.2288222910000286,tw_gated_offline,context_noise_refinement
tw,20262070,100,100,2,0.0,0.45,0.1,gated_offline,1.0,1.0,deterministic,20.0,0.1,0.95,False,5399.684483973352,539968.4483973352,1160902.08617524,46.51283297942375,620933.6377779046,0.35,0.5,0.3123987689621428,0.0079937482257419,2.781021125000052,tw_gated_offline,context_noise_refinement
tw,20262071,100,100,2,0.0,0.45,0.1,gated_offline,1.0,1.0,deterministic,20.0,0.1,0.95,False,4709.69498952497,470969.498952497,1024806.8150238574,45.95690544285976,553837.3160713604,0.17,0.39,0.3122941962101547,0.0079911186046288,2.788925541000026,tw_gated_offline,context_noise_refinement
tw,20262072,100,100,2,0.0,0.45,0.1,gated_offline,1.0,1.0,deterministic,20.0,0.1,0.95,False,3169.1928128313807,316919.2812831381,989001.2332590643,32.044376753585155,672081.9519759262,0.19,0.44,0.31159638356112884,0.007973163693849218,3.1775159580001855,tw_gated_offline,context_noise_refinement
tw,20262073,100,100,2,0.0,0.45,0.1,gated_offline,1.0,1.0,deterministic,20.0,0.1,0.95,False,3474.4586878686473,347445.86878686474,847058.7818704738,41.01791708240547,499612.913083609,0.27,0.48,0.3125947562410683,0.007997087682360127,3.24076229100001,tw_gated_offline,context_noise_refinement
tw,20262074,100,100,2,0.0,0.45,0.1,gated_offline,1.0,1.0,deterministic,20.0,0.1,0.95,False,3883.30874983887,388330.874983887,854411.0089573574,45.45012539781871,466080.13397347037,0.3,0.52,0.3118752280118949,0.007977436602301173,3.2953327079999326,tw_gated_offline,context_noise_refinement
tw,20262075,100,100,2,0.0,0.45,0.1,gated_offline,1.0,1.0,deterministic,20.0,0.1,0.95,False,7065.842527712472,706584.2527712472,1176337.7991917103,60.06644122604562,469753.5464204631,0.34,0.58,0.3121169073401228,0.007986582060546704,3.191207792000114,tw_gated_offline,context_noise_refinement
tw,20262076,100,100,2,0.0,0.45,0.1,gated_offline,1.0,1.0,deterministic,20.0,0.1,0.95,False,3981.9963530370756,398199.63530370756,959859.7063116407,41.48519129257238,561660.0710079331,0.27,0.49,0.3111602656738419,0.007962103100930573,3.230285874999936,tw_gated_offline,context_noise_refinement
tw,20262077,100,100,2,0.0,0.45,0.1,gated_offline,1.0,1.0,deterministic,20.0,0.1,0.95,False,4519.191529338223,451919.1529338223,1102659.8412804957,40.98445740156983,650740.6883466735,0.29,0.44,0.3110953381049628,0.007960441706290778,3.153741833999902,tw_gated_offline,context_noise_refinement
tw,20262078,100,100,2,0.0,0.45,0.1,gated_offline,1.0,1.0,deterministic,20.0,0.1,0.95,False,5118.340104553104,511834.01045531034,897967.1944833696,56.9991881217649,386133.18402805924,0.39,0.6,0.31180145448783037,0.007978178495826767,3.1908206670000254,tw_gated_offline,context_noise_refinement
tw,20263025,100,100,2,0.0,0.45,0.1,gated_offline_low_rank,1.0,1.0,deterministic,20.0,0.1,0.95,False,3162.8436827086016,316284.36827086017,929963.180147448,34.0104183716943,613678.8118765877,0.24,0.44,0.3114513602089355,0.0079695517534618,9.982882042000028,tw_gated_offline_low_rank,context_noise_refinement
tw,20263026,100,100,2,0.0,0.45,0.1,gated_offline_low_rank,1.0,1.0,deterministic,20.0,0.1,0.95,False,3332.3289295527134,333232.8929552713,1141231.037964632,29.199424294451987,807998.1450093607,0.19,0.46,0.3113672356829767,0.0079671200645539,9.119729249999978,tw_gated_offline_low_rank,context_noise_refinement
tw,20263027,100,100,2,0.0,0.45,0.1,gated_offline_low_rank,1.0,1.0,deterministic,20.0,0.1,0.95,False,2811.2337476776506,281123.37476776505,1000166.8843946868,28.1076467491627,719043.5096269218,0.21,0.46,0.3127335433270287,0.0080023608081732,9.929010833000008,tw_gated_offline_low_rank,context_noise_refinement
tw,20263028,100,100,2,0.0,0.45,0.1,gated_offline_low_rank,1.0,1.0,deterministic,20.0,0.1,0.95,False,5427.740265306717,542774.0265306717,1028510.5560661859,52.77282020387388,485736.5295355142,0.29,0.56,0.3120405775008437,0.007984628899693398,9.98961695900016,tw_gated_offline_low_rank,context_noise_refinement
tw,20263029,100,100,2,0.0,0.45,0.1,gated_offline_low_rank,1.0,1.0,deterministic,20.0,0.1,0.95,False,3722.509069351164,372250.9069351164,918924.4690222637,40.509412849914824,546673.5620871473,0.28,0.51,0.31184582702232966,0.007979645540441132,9.98405079200029,tw_gated_offline_low_rank,context_noise_refinement
tw,20263030,100,100,2,0.0,0.45,0.1,gated_offline_low_rank,1.0,1.0,deterministic,20.0,0.1,0.95,False,4769.771741384296,476977.1741384296,990687.7263185035,48.14606676423916,513710.5521800739,0.33,0.52,0.31222607267722713,0.00798937543028236,9.845442625000032,tw_gated_offline_low_rank,context_noise_refinement
tw,20263031,100,100,2,0.0,0.45,0.1,gated_offline_low_rank,1.0,1.0,deterministic,20.0,0.1,0.95,False,6237.887271219349,623788.7271219349,1126906.6249631206,55.35407400256868,503117.8978411857,0.38,0.56,0.31226737630202833,0.007989807740615341,9.982155207999767,tw_gated_offline_low_rank,context_noise_refinement
tw,20263032,100,100,2,0.0,0.45,0.1,gated_offline_low_rank,1.0,1.0,deterministic,20.0,0.1,0.95,False,3003.2457748425322,300324.5774842532,964656.8130721808,31.132789756369167,664332.2355879276,0.18,0.35,0.3109734767017563,0.00795732346413909,10.008129290999932,tw_gated_offline_low_rank,context_noise_refinement
tw,20263033,100,100,2,0.0,0.45,0.1,gated_offline_low_rank,1.0,1.0,deterministic,20.0,0.1,0.95,False,6562.851061192097,656285.1061192098,1130186.9334453386,58.068721792645896,473901.82732612884,0.4,0.59,0.3115979461025727,0.007973302656539857,10.01571416700017,tw_gated_offline_low_rank,context_noise_refinement
tw,20263034,100,100,2,0.0,0.45,0.1,gated_offline_low_rank,1.0,1.0,deterministic,20.0,0.1,0.95,False,5456.502084808913,545650.2084808913,976339.8130078687,55.88732541796835,430689.6045269774,0.32,0.52,0.31160689343064374,0.007972384140382796,10.379361709000023,tw_gated_offline_low_rank,context_noise_refinement
tw,20262349,100,100,2,0.0,0.45,0.1,support_offline,1.0,1.0,deterministic,20.0,0.1,0.95,True,2174.4458254056926,217444.58254056927,808967.1577031531,26.879284340534326,591522.5751625838,0.17,0.34,0.068503360810026,0.0002773727396143,3.017453916999898,tw_support_offline,context_noise_refinement
tw,20262350,100,100,2,0.0,0.45,0.1,support_offline,1.0,1.0,deterministic,20.0,0.1,0.95,True,5662.741249153522,566274.1249153522,1043432.0330850718,54.270341235458645,477157.9081697196,0.35,0.56,0.0750675016986996,0.0002847956628981,2.6868531249999705,tw_support_offline,context_noise_refinement
tw,20262351,100,100,2,0.0,0.45,0.1,support_offline,1.0,1.0,deterministic,20.0,0.1,0.95,True,3079.658099238569,307965.80992385687,910696.3709072582,33.816518848873166,602730.5609834014,0.2,0.45,0.0726346144725245,0.0002503039575592,2.947872458000006,tw_support_offline,context_noise_refinement
tw,20262352,100,100,2,0.0,0.45,0.1,support_offline,1.0,1.0,deterministic,20.0,0.1,0.95,True,6270.1668760204675,627016.6876020468,973700.0694047095,64.39525961884604,346683.38180266274,0.45,0.61,0.06804578677571763,0.0002523675581525648,3.135034542000085,tw_support_offline,context_noise_refinement
tw,20262353,100,100,2,0.0,0.45,0.1,support_offline,1.0,1.0,deterministic,20.0,0.1,0.95,True,4842.767376914804,484276.7376914804,861832.8804763589,56.1914900976866,377556.14278487855,0.39,0.53,0.07342966381138989,0.0002445033169282167,2.942423166000026,tw_support_offline,context_noise_refinement
tw,20262354,100,100,2,0.0,0.45,0.1,support_offline,1.0,1.0,deterministic,20.0,0.1,0.95,True,5740.251894042198,574025.1894042197,860141.6151876475,66.73612568774399,286116.4257834278,0.39,0.68,0.0713344408350416,0.00023654264462845656,2.5158053330001167,tw_support_offline,context_noise_refinement
tw,20262355,100,100,2,0.0,0.45,0.1,support_offline,1.0,1.0,deterministic,20.0,0.1,0.95,True,4774.27232308357,477427.232308357,1064295.0737619926,44.8585400870815,586867.8414536356,0.34,0.57,0.07033023097876842,0.00025413826388477563,2.995771459000025,tw_support_offline,context_noise_refinement
tw,20262356,100,100,2,0.0,0.45,0.1,support_offline,1.0,1.0,deterministic,20.0,0.1,0.95,True,5767.046188667212,576704.6188667212,937268.6648726525,61.530342417355705,360564.04600593133,0.44,0.6,0.06948294762270048,0.00028710876946325494,3.0541413750001993,tw_support_offline,context_noise_refinement
tw,20262357,100,100,2,0.0,0.45,0.1,support_offline,1.0,1.0,deterministic,20.0,0.1,0.95,True,6431.229630529491,643122.9630529492,1081778.9975297577,59.45049446527622,438656.0344768085,0.39,0.64,0.07129936917256227,0.00026589823198445615,3.049638375000086,tw_support_offline,context_noise_refinement
tw,20262358,100,100,2,0.0,0.45,0.1,support_offline,1.0,1.0,deterministic,20.0,0.1,0.95,True,2910.8639141347694,291086.39141347696,1024658.013545342,28.408150579558818,733571.622131865,0.15,0.4,0.07146247898571315,0.00027329061928676643,3.053791000000274,tw_support_offline,context_noise_refinement
exp4,20261395,100,100,2,0.0,0.45,0.2,dense,1.0,1.0,deterministic,20.0,0.1,0.95,False,6245.052658926732,624505.2658926732,886820.163422373,70.42073372380403,262314.89752969984,0.48,0.74,0.3714032907084009,0.0095036276120964,3.306518207999943,exp4_dense,context_noise_refinement
exp4,20261396,100,100,2,0.0,0.45,0.2,dense,1.0,1.0,deterministic,20.0,0.1,0.95,False,8672.823083807234,867282.3083807233,1103519.7653509665,78.59236740584257,236237.45697024316,0.51,0.72,0.3727277384401559,0.0095362573999054,3.5249562500000597,exp4_dense,context_noise_refinement
exp4,20261397,100,100,2,0.0,0.45,0.2,dense,1.0,1.0,deterministic,20.0,0.1,0.95,False,4055.997640440224,405599.7640440224,991443.9716576396,40.91000355429888,585844.2076136172,0.28,0.63,0.3723983596633444,0.0095287903428639,3.362922208999976,exp4_dense,context_noise_refinement
exp4,20261398,100,100,2,0.0,0.45,0.2,dense,1.0,1.0,deterministic,20.0,0.1,0.95,False,6865.700254179459,686570.0254179459,996506.0734809475,68.89772613423743,309936.0480630016,0.47,0.72,0.37143050386487264,0.009504323954082943,3.4240606250000383,exp4_dense,context_noise_refinement
exp4,20261399,100,100,2,0.0,0.45,0.2,dense,1.0,1.0,deterministic,20.0,0.1,0.95,False,2409.356465430224,240935.6465430224,832045.5161518559,28.957027213767166,591109.8696088336,0.14,0.38,0.37145529948786454,0.009504958435179964,3.4407141669998964,exp4_dense,context_noise_refinement
exp4,20261400,100,100,2,0.0,0.45,0.2,dense,1.0,1.0,deterministic,20.0,0.1,0.95,False,5305.898980830081,530589.8980830081,983784.3607304215,53.933556911706326,453194.46264741337,0.36,0.59,0.3711777364252314,0.00949785603180301,3.4016787499999737,exp4_dense,context_noise_refinement
exp4,20261401,100,100,2,0.0,0.45,0.2,dense,1.0,1.0,deterministic,20.0,0.1,0.95,False,5487.606687018335,548760.6687018335,1230246.0827373895,44.60576435901344,681485.414035556,0.33,0.55,0.3712259598562204,0.009499089993756937,3.418832249999923,exp4_dense,context_noise_refinement
exp4,20261402,100,100,2,0.0,0.45,0.2,dense,1.0,1.0,deterministic,20.0,0.1,0.95,False,4612.661817679133,461266.1817679133,1012045.4968136784,45.57761318242733,550779.3150457651,0.35,0.51,0.37149526831440666,0.009505981174754574,3.4089433330000247,exp4_dense,context_noise_refinement
exp4,20261403,100,100,2,0.0,0.45,0.2,dense,1.0,1.0,deterministic,20.0,0.1,0.95,False,7701.02214947296,770102.2149472961,1005793.8767909219,76.56660402471113,235691.66184362583,0.43,0.62,0.37122340024427186,0.009498898713374898,3.4357948330002728,exp4_dense,context_noise_refinement
exp4,20261404,100,100,2,0.0,0.45,0.2,dense,1.0,1.0,deterministic,20.0,0.1,0.95,False,7397.995195652626,739799.5195652626,1094144.314552898,67.61443711998523,354344.79498763545,0.47,0.73,0.37127465025108103,0.009500200233931841,3.444016250000004,exp4_dense,context_noise_refinement
global_ucb_tw,20262374,100,100,2,0.0,0.45,0.2,dense,1.0,1.0,deterministic,20.0,0.1,0.95,False,5249.082149341898,524908.2149341898,961597.3768180568,54.58710969773239,436689.1618838671,0.36,0.53,0.3711076597639723,0.0094960628799662,3.2814054579999947,global_ucb_tw_dense,context_noise_refinement
global_ucb_tw,20262375,100,100,2,0.0,0.45,0.2,dense,1.0,1.0,deterministic,20.0,0.1,0.95,False,2025.434753882626,202543.4753882626,1043350.813579016,19.41278741073444,840807.3381907535,0.09,0.35,0.3722894757769507,0.0095263036978974,3.3463287920000084,global_ucb_tw_dense,context_noise_refinement
global_ucb_tw,20262376,100,100,2,0.0,0.45,0.2,dense,1.0,1.0,deterministic,20.0,0.1,0.95,False,5244.836320989122,524483.6320989123,1130613.8123139634,46.38928220994234,606130.1802150512,0.24,0.53,0.3711866431275249,0.0094980839403433,3.444397458000026,global_ucb_tw_dense,context_noise_refinement
global_ucb_tw,20262377,100,100,2,0.0,0.45,0.2,dense,1.0,1.0,deterministic,20.0,0.1,0.95,False,5342.653867234006,534265.3867234006,996436.9928230396,53.6175784893087,462171.6060996391,0.35,0.55,0.37180130896714064,0.009513812274991195,3.37895808400026,global_ucb_tw_dense,context_noise_refinement
global_ucb_tw,20262378,100,100,2,0.0,0.45,0.2,dense,1.0,1.0,deterministic,20.0,0.1,0.95,False,5372.689011437519,537268.9011437519,916344.4576302833,58.6317619613435,379075.5564865314,0.32,0.59,0.37020344761399,0.009472467834372356,3.374860124999941,global_ucb_tw_dense,context_noise_refinement
global_ucb_tw,20262379,100,100,2,0.0,0.45,0.2,dense,1.0,1.0,deterministic,20.0,0.1,0.95,False,2441.741004981073,244174.1004981073,913290.7302572284,26.735637668120823,669116.6297591211,0.12,0.33,0.37199750294239275,0.009518832571060665,3.4486600420000286,global_ucb_tw_dense,context_noise_refinement
global_ucb_tw,20262380,100,100,2,0.0,0.45,0.2,dense,1.0,1.0,deterministic,20.0,0.1,0.95,False,8312.421237141254,831242.1237141255,1284989.0185805107,64.68865583243458,453746.89486638526,0.43,0.62,0.372633505105449,0.00953510686875643,3.4435177499999554,global_ucb_tw_dense,context_noise_refinement
global_ucb_tw,20262381,100,100,2,0.0,0.45,0.2,dense,1.0,1.0,deterministic,20.0,0.1,0.95,False,3927.804574167416,392780.4574167416,1009876.8964039087,38.89389477226398,617096.4389871671,0.24,0.4,0.37205264497248464,0.009520243569112862,3.3942069160002575,global_ucb_tw_dense,context_noise_refinement
global_ucb_tw,20262382,100,100,2,0.0,0.45,0.2,dense,1.0,1.0,deterministic,20.0,0.1,0.95,False,5789.5231232986525,578952.3123298653,1189154.0607450677,48.68606444207248,610201.7484152024,0.3,0.53,0.3715252886725832,0.009506749348629258,3.453052458000002,global_ucb_tw_dense,context_noise_refinement
global_ucb_tw,20262383,100,100,2,0.0,0.45,0.2,dense,1.0,1.0,deterministic,20.0,0.1,0.95,False,4851.099774655463,485109.97746554634,963140.4014786559,50.367524477301956,478030.4240131095,0.38,0.66,0.3707953048955053,0.009488070208853762,3.4113790419996803,global_ucb_tw_dense,context_noise_refinement
local_ucb_tw,20262272,100,100,2,0.0,0.45,0.2,dense,1.0,1.0,deterministic,20.0,0.1,0.95,False,6017.814992206446,601781.4992206446,868101.094188475,69.3215920644826,266319.59496783046,0.4,0.58,0.3719734807447418,0.0095177481740863,3.2471979590000046,local_ucb_tw_dense,context_noise_refinement
local_ucb_tw,20262273,100,100,2,0.0,0.45,0.2,dense,1.0,1.0,deterministic,20.0,0.1,0.95,False,4470.631826326947,447063.18263269466,1159501.4948996138,38.55649902990424,712438.3122669191,0.28,0.51,0.3728234325794446,0.0095399668148886,3.308526416999939,local_ucb_tw_dense,context_noise_refinement
local_ucb_tw,20262274,100,100,2,0.0,0.45,0.2,dense,1.0,1.0,deterministic,20.0,0.1,0.95,False,5196.518471499802,519651.84714998025,1092782.6817456598,47.55308222123956,573130.8345956795,0.3,0.61,0.37074605560327,0.0094868099967197,3.35720891699998,local_ucb_tw_dense,context_noise_refinement
local_ucb_tw,20262275,100,100,2,0.0,0.45,0.2,dense,1.0,1.0,deterministic,20.0,0.1,0.95,False,4017.0406650728937,401704.06650728936,1000950.0127826163,40.13228047128567,599245.9462753269,0.27,0.53,0.3713547165455815,0.009501711348949957,3.4210653750001256,local_ucb_tw_dense,context_noise_refinement
local_ucb_tw,20262276,100,100,2,0.0,0.45,0.2,dense,1.0,1.0,deterministic,20.0,0.1,0.95,False,5289.6096440701585,528960.9644070158,984915.9114345415,53.70620560252479,455954.94702752563,0.29,0.5,0.3711167027842604,0.009494759324511647,3.4348595830001614,local_ucb_tw_dense,context_noise_refinement
local_ucb_tw,20262277,100,100,2,0.0,0.45,0.2,dense,1.0,1.0,deterministic,20.0,0.1,0.95,False,4227.236659068121,422723.6659068121,1026447.9971571605,41.18315463399832,603724.3312503484,0.29,0.48,0.3718781610840729,0.009515778800110376,3.370723542000178,local_ucb_tw_dense,context_noise_refinement
local_ucb_tw,20262278,100,100,2,0.0,0.45,0.2,dense,1.0,1.0,deterministic,20.0,0.1,0.95,False,5249.95511774123,524995.5117741231,1049613.0727255845,50.018004292842896,524617.5609514614,0.26,0.5,0.3740274040143779,0.009570774555313813,3.3859718749999956,local_ucb_tw_dense,context_noise_refinement
local_ucb_tw,20262279,100,100,2,0.0,0.45,0.2,dense,1.0,1.0,deterministic,20.0,0.1,0.95,False,4708.687585370524,470868.75853705243,915190.6110792189,51.450348466948384,444321.8525421665,0.33,0.52,0.3711122483061361,0.009496180293562483,3.4108978749995913,local_ucb_tw_dense,context_noise_refinement
local_ucb_tw,20262280,100,100,2,0.0,0.45,0.2,dense,1.0,1.0,deterministic,20.0,0.1,0.95,False,6506.623595397319,650662.3595397319,1125496.086323072,57.811161446629875,474833.7267833401,0.37,0.53,0.37074691446384833,0.009486831973614707,3.3658430830000725,local_ucb_tw_dense,context_noise_refinement
local_ucb_tw,20262281,100,100,2,0.0,0.45,0.2,dense,1.0,1.0,deterministic,20.0,0.1,0.95,False,6078.119009562868,607811.9009562868,1070050.1567603766,56.80218792700931,462238.25580408983,0.38,0.59,0.37228969844450804,0.009526309395610973,3.2700023749998763,local_ucb_tw_dense,context_noise_refinement
oracle,20261640,100,100,2,0.0,0.45,0.2,dense,1.0,1.0,deterministic,20.0,0.1,0.95,False,8354.914353284199,835491.4353284199,905698.6556053445,92.24828039189262,70207.22027692443,0.78,0.93,0.3709402853325699,0.0094917800308164,0.0235267090000661,oracle,context_noise_refinement
oracle,20261641,100,100,2,0.0,0.45,0.2,dense,1.0,1.0,deterministic,20.0,0.1,0.95,False,10853.070763175574,1085307.0763175574,1191669.4220642447,91.07450910652358,106362.34574668738,0.8,0.91,0.371371757678769,0.0095020871945516,0.0246312080000734,oracle,context_noise_refinement
oracle,20261642,100,100,2,0.0,0.45,0.2,dense,1.0,1.0,deterministic,20.0,0.1,0.95,False,8385.985124098268,838598.5124098269,939762.0849517492,89.23519323009116,101163.57254192232,0.79,0.9,0.3712534592995515,0.0094997936613751,0.0249740829999609,oracle,context_noise_refinement
oracle,20261643,100,100,2,0.0,0.45,0.2,dense,1.0,1.0,deterministic,20.0,0.1,0.95,False,10122.544302964694,1012254.4302964695,1080072.267211665,93.72099081015428,67817.83691519545,0.85,0.92,0.37118261725048246,0.009497709315680192,0.024823874999583495,oracle,context_noise_refinement
oracle,20261644,100,100,2,0.0,0.45,0.2,dense,1.0,1.0,deterministic,20.0,0.1,0.95,False,10809.199485404984,1080919.9485404985,1129103.1364183787,95.73261411435612,48183.18787788018,0.87,0.93,0.3707074879781902,0.009485623651371566,0.02459199999975681,oracle,context_noise_refinement
oracle,20261645,100,100,2,0.0,0.45,0.2,dense,1.0,1.0,deterministic,20.0,0.1,0.95,False,9588.610868216338,958861.0868216337,1066784.3408936656,89.88331099970755,107923.25407203182,0.87,0.96,0.37125621568743095,0.009499525054881193,0.02463270900034331,oracle,context_noise_refinement
oracle,20261646,100,100,2,0.0,0.45,0.2,dense,1.0,1.0,deterministic,20.0,0.1,0.95,False,12159.099602192058,1215909.9602192058,1352222.1738318142,89.91939222336975,136312.21361260838,0.82,0.95,0.3717363059452238,0.009512148949626518,0.02482116600003792,oracle,context_noise_refinement
oracle,20261647,100,100,2,0.0,0.45,0.2,dense,1.0,1.0,deterministic,20.0,0.1,0.95,False,9405.367181051459,940536.7181051458,1101283.9744942698,85.40365063761669,160747.25638912397,0.75,0.89,0.37155128824617406,0.00950731077689952,0.024812499999825377,oracle,context_noise_refinement
oracle,20261648,100,100,2,0.0,0.45,0.2,dense,1.0,1.0,deterministic,20.0,0.1,0.95,False,10693.715456393573,1069371.5456393573,1139304.104239542,93.8618180747393,69932.55860018474,0.83,0.93,0.3710912062219677,0.009495641859636016,0.024722625000322296,oracle,context_noise_refinement
oracle,20261649,100,100,2,0.0,0.45,0.2,dense,1.0,1.0,deterministic,20.0,0.1,0.95,False,9878.701844434265,987870.1844434266,1142425.9729436412,86.47126447046917,154555.7885002147,0.73,0.87,0.372526418266403,0.009532221180354614,0.024613999999928637,oracle,context_noise_refinement
state_thompson,20262538,100,100,2,0.0,0.45,0.2,dense,1.0,1.0,deterministic,20.0,0.1,0.95,False,5353.767248265433,535376.7248265434,928558.154519778,57.65677919262083,393181.4296932346,0.34,0.51,0.3708637354073226,0.0094898212383084,0.0271194169999944,state_thompson,context_noise_refinement
state_thompson,20262539,100,100,2,0.0,0.45,0.2,dense,1.0,1.0,deterministic,20.0,0.1,0.95,False,3688.450274735768,368845.0274735768,1106900.8338149367,33.322319055660245,738055.8063413599,0.23,0.38,0.3720581531207206,0.0095200703993201,0.0276238339999963,state_thompson,context_noise_refinement
state_thompson,20262540,100,100,2,0.0,0.45,0.2,dense,1.0,1.0,deterministic,20.0,0.1,0.95,False,2786.544978875205,278654.49788752047,905722.5455692508,30.765988905839244,627068.0476817302,0.2,0.36,0.3720750707764735,0.0095189127460293,0.0281932499999584,state_thompson,context_noise_refinement
state_thompson,20262541,100,100,2,0.0,0.45,0.2,dense,1.0,1.0,deterministic,20.0,0.1,0.95,False,4093.2855632329115,409328.55632329115,1084692.644636796,37.73682419136831,675364.0883135049,0.26,0.47,0.37190447561790246,0.00951645214775311,0.027676416999838693,state_thompson,context_noise_refinement
state_thompson,20262542,100,100,2,0.0,0.45,0.2,dense,1.0,1.0,deterministic,20.0,0.1,0.95,False,5305.721630848291,530572.1630848291,966099.9419505857,54.91897267001046,435527.7788657566,0.28,0.53,0.3719509495180838,0.009517641341958049,0.02819133299999521,state_thompson,context_noise_refinement
state_thompson,20262543,100,100,2,0.0,0.45,0.2,dense,1.0,1.0,deterministic,20.0,0.1,0.95,False,4171.467608826282,417146.7608826282,977651.3271477799,42.66825495952844,560504.5662651516,0.3,0.47,0.3711393660336546,0.0094968741936718,0.027969334000317758,state_thompson,context_noise_refinement
state_thompson,20262544,100,100,2,0.0,0.45,0.2,dense,1.0,1.0,deterministic,20.0,0.1,0.95,False,4876.548251141978,487654.82511419774,1134626.8642434068,42.979312449064594,646972.039129209,0.25,0.36,0.37191900467601874,0.009516823923559478,0.028385333999722206,state_thompson,context_noise_refinement
state_thompson,20262545,100,100,2,0.0,0.45,0.2,dense,1.0,1.0,deterministic,20.0,0.1,0.95,False,4756.379136818249,475637.9136818249,875072.2664263208,54.35412958797874,399434.35274449585,0.35,0.51,0.3709541702452524,0.009492135323951644,0.027232040999933815,state_thompson,context_noise_refinement
state_thompson,20262546,100,100,2,0.0,0.45,0.2,dense,1.0,1.0,deterministic,20.0,0.1,0.95,False,6345.518350379774,634551.8350379774,1178096.4186614174,53.86247042147629,543544.58362344,0.26,0.41,0.3705449599962632,0.009480814170701873,0.028355500000088796,state_thompson,context_noise_refinement
state_thompson,20262547,100,100,2,0.0,0.45,0.2,dense,1.0,1.0,deterministic,20.0,0.1,0.95,False,3781.864297512869,378186.4297512869,1045539.7029229786,36.171407809192175,667353.2731716917,0.23,0.48,0.37190589239708527,0.009516149354978137,0.02825924999979179,state_thompson,context_noise_refinement
tm_tw,20261565,100,100,2,0.0,0.45,0.2,dense,1.0,1.0,deterministic,20.0,0.1,0.95,False,3640.223266114778,364022.3266114779,814744.1186128833,44.67934389403541,450721.7920014054,0.24,0.47,0.3718499527562475,0.0095148869044566,3.296824000000015,tm_tw_dense,context_noise_refinement
tm_tw,20261566,100,100,2,0.0,0.45,0.2,dense,1.0,1.0,deterministic,20.0,0.1,0.95,False,5371.015277372145,537101.5277372145,1155809.6048944518,46.46972351352474,618708.0771572373,0.29,0.51,0.3726729361011115,0.0095360805672969,3.4833477920000178,tm_tw_dense,context_noise_refinement
tm_tw,20261567,100,100,2,0.0,0.45,0.2,dense,1.0,1.0,deterministic,20.0,0.1,0.95,False,7059.83593777429,705983.593777429,1117453.660610364,63.177885460754936,411470.0668329351,0.43,0.57,0.3717236457041066,0.0095118249939156,3.3052784590000783,tm_tw_dense,context_noise_refinement
tm_tw,20261568,100,100,2,0.0,0.45,0.2,dense,1.0,1.0,deterministic,20.0,0.1,0.95,False,5066.932464483372,506693.2464483373,1020001.6239834013,49.67572938458212,513308.37753506406,0.32,0.56,0.3705101870407482,0.009480774490197089,3.2652723749997676,tm_tw_dense,context_noise_refinement
tm_tw,20261569,100,100,2,0.0,0.45,0.2,dense,1.0,1.0,deterministic,20.0,0.1,0.95,False,3272.46977767789,327246.977767789,944403.220082452,34.651192500086815,617156.242314663,0.29,0.54,0.371198311898081,0.009498046091246442,3.3745658749999166,tm_tw_dense,context_noise_refinement
tm_tw,20261570,100,100,2,0.0,0.45,0.2,dense,1.0,1.0,deterministic,20.0,0.1,0.95,False,5047.030904416649,504703.09044166486,983096.9045179606,51.338081538272625,478393.81407629576,0.36,0.53,0.3710254159111875,0.009493958388784298,3.2826941250000345,tm_tw_dense,context_noise_refinement
tm_tw,20261571,100,100,2,0.0,0.45,0.2,dense,1.0,1.0,deterministic,20.0,0.1,0.95,False,5320.395632122735,532039.5632122735,1115581.812067978,47.69166702583832,583542.2488557046,0.33,0.57,0.3717144245995057,0.009511306095006935,3.250602874999913,tm_tw_dense,context_noise_refinement
tm_tw,20261572,100,100,2,0.0,0.45,0.2,dense,1.0,1.0,deterministic,20.0,0.1,0.95,False,2385.123545181459,238512.3545181459,910566.0647536481,26.193854982139595,672053.7102355022,0.16,0.35,0.37211189839997455,0.00952175977137518,3.362990874999923,tm_tw_dense,context_noise_refinement
tm_tw,20261573,100,100,2,0.0,0.45,0.2,dense,1.0,1.0,deterministic,20.0,0.1,0.95,False,5094.020480728895,509402.0480728895,1074254.8823669022,47.419104761295166,564852.8342940127,0.3,0.54,0.3724206110633966,0.009529659244173887,3.2563918750001903,tm_tw_dense,context_noise_refinement
tm_tw,20261574,100,100,2,0.0,0.45,0.2,dense,1.0,1.0,deterministic,20.0,0.1,0.95,False,2548.864011768168,254886.4011768168,1003089.7709287258,25.410128640911807,748203.369751909,0.17,0.4,0.3719670531539269,0.009518053408738505,3.3247165000002497,tm_tw_dense,context_noise_refinement
tm_tw,20262389,100,100,2,0.0,0.45,0.2,gated_offline,1.0,1.0,deterministic,20.0,0.1,0.95,False,3742.6174207994713,374261.7420799472,823554.5946297491,45.44467901951376,449292.85254980193,0.29,0.52,0.3162417651751864,0.0080921307021392,3.102161457999955,tm_tw_gated_offline,context_noise_refinement
tm_tw,20262390,100,100,2,0.0,0.45,0.2,gated_offline,1.0,1.0,deterministic,20.0,0.1,0.95,False,7135.413928669678,713541.3928669678,1155102.399075383,61.77299895127318,441561.00620841526,0.4,0.64,0.3149385101479112,0.008058782450326,3.090181750000056,tm_tw_gated_offline,context_noise_refinement
tm_tw,20262391,100,100,2,0.0,0.45,0.2,gated_offline,1.0,1.0,deterministic,20.0,0.1,0.95,False,5753.962809192218,575396.2809192218,1081264.0365873624,53.21515018064061,505867.7556681406,0.26,0.51,0.3152146508374146,0.0080658484574057,3.1644808329999705,tm_tw_gated_offline,context_noise_refinement
tm_tw,20262392,100,100,2,0.0,0.45,0.2,gated_offline,1.0,1.0,deterministic,20.0,0.1,0.95,False,4395.238091129948,439523.80911299476,1074212.9463457896,40.91589201267286,634689.1372327949,0.24,0.5,0.3155866672393768,0.0080753677735731,3.0181038329997136,tm_tw_gated_offline,context_noise_refinement
tm_tw,20262393,100,100,2,0.0,0.45,0.2,gated_offline,1.0,1.0,deterministic,20.0,0.1,0.95,False,3814.9424280974254,381494.2428097425,896316.0817571998,42.56246770244655,514821.8389474573,0.21,0.43,0.3153515594508227,0.008067850061381228,3.063043000000107,tm_tw_gated_offline,context_noise_refinement
tm_tw,20262394,100,100,2,0.0,0.45,0.2,gated_offline,1.0,1.0,deterministic,20.0,0.1,0.95,False,4773.934222203788,477393.42222037876,995575.230160084,47.95151664667431,518181.8079397052,0.34,0.51,0.31579598021523037,0.008080723764289007,3.0537446670000463,tm_tw_gated_offline,context_noise_refinement
tm_tw,20262395,100,100,2,0.0,0.45,0.2,gated_offline,1.0,1.0,deterministic,20.0,0.1,0.95,False,8674.22443729958,867422.4437299579,1257244.478990035,68.99393540600573,389822.035260077,0.38,0.55,0.31645123175733747,0.008097490623399385,3.0640689589999965,tm_tw_gated_offline,context_noise_refinement
tm_tw,20262396,100,100,2,0.0,0.45,0.2,gated_offline,1.0,1.0,deterministic,20.0,0.1,0.95,False,5107.273961982443,510727.39619824436,990328.2150937833,51.57152834930376,479600.818895539,0.29,0.47,0.31639357215096575,0.008096015204519353,3.0686082920001354,tm_tw_gated_offline,context_noise_refinement
tm_tw,20262397,100,100,2,0.0,0.45,0.2,gated_offline,1.0,1.0,deterministic,20.0,0.1,0.95,False,5954.953684796447,595495.3684796448,1122727.967544067,53.0400404812461,527232.5990644222,0.34,0.6,0.31606515027219295,0.008087611403816433,3.0204615419997936,tm_tw_gated_offline,context_noise_refinement
tm_tw,20262398,100,100,2,0.0,0.45,0.2,gated_offline,1.0,1.0,deterministic,20.0,0.1,0.95,False,5466.849430502553,546684.9430502553,1054463.3142601226,51.8448518461587,507778.3712098673,0.31,0.51,0.3161974472893666,0.008090996676959845,3.0735039169999254,tm_tw_gated_offline,context_noise_refinement
tm_tw,20263345,100,100,2,0.0,0.45,0.2,gated_offline_low_rank,1.0,1.0,deterministic,20.0,0.1,0.95,False,3463.906668035972,346390.6668035972,1001165.7595837568,34.59873287592377,654775.0927801596,0.29,0.5,0.3162074679921541,0.0080912530910253,10.104264374999955,tm_tw_gated_offline_low_rank,context_noise_refinement
tm_tw,20263346,100,100,2,0.0,0.45,0.2,gated_offline_low_rank,1.0,1.0,deterministic,20.0,0.1,0.95,False,5269.933829882569,526993.3829882569,1027773.9739416149,51.27522162943912,500780.590953358,0.3,0.57,0.3159416754974242,0.0080830896552654,9.841024542000014,tm_tw_gated_offline_low_rank,context_noise_refinement
tm_tw,20263347,100,100,2,0.0,0.45,0.2,gated_offline_low_rank,1.0,1.0,deterministic,20.0,0.1,0.95,False,2912.711236248584,291271.1236248584,1027169.1163122128,28.35668625538437,735897.9926873543,0.17,0.33,0.3165160500248935,0.0080989336168665,9.958821042000068,tm_tw_gated_offline_low_rank,context_noise_refinement
tm_tw,20263348,100,100,2,0.0,0.45,0.2,gated_offline_low_rank,1.0,1.0,deterministic,20.0,0.1,0.95,False,5529.116849960858,552911.6849960858,1085327.2894195812,50.94423501428548,532415.6044234954,0.38,0.58,0.31641768909710694,0.00809663231934036,9.663036959000237,tm_tw_gated_offline_low_rank,context_noise_refinement
tm_tw,20263349,100,100,2,0.0,0.45,0.2,gated_offline_low_rank,1.0,1.0,deterministic,20.0,0.1,0.95,False,3686.6664928644936,368666.64928644936,907485.4181440688,40.62507693406499,538818.7688576195,0.32,0.51,0.31620262378849945,0.008091129135452603,9.608366707999721,tm_tw_gated_offline_low_rank,context_noise_refinement
tm_tw,20263350,100,100,2,0.0,0.45,0.2,gated_offline_low_rank,1.0,1.0,deterministic,20.0,0.1,0.95,False,6073.111843677063,607311.1843677063,910747.0963863989,66.68274724974198,303435.9120186926,0.48,0.64,0.3170625487391914,0.00811313326603028,9.603605791000064,tm_tw_gated_offline_low_rank,context_noise_refinement
tm_tw,20263351,100,100,2,0.0,0.45,0.2,gated_offline_low_rank,1.0,1.0,deterministic,20.0,0.1,0.95,False,5837.283448326963,583728.3448326963,1044839.1231175453,55.86777255152862,461110.778284849,0.36,0.6,0.31519986296573466,0.008065470058966288,9.485522375000073,tm_tw_gated_offline_low_rank,context_noise_refinement
tm_tw,20263352,100,100,2,0.0,0.45,0.2,gated_offline_low_rank,1.0,1.0,deterministic,20.0,0.1,0.95,False,4396.7949431265515,439679.4943126552,899547.0692254652,48.877875250178,459867.57491281,0.3,0.47,0.3166271542320286,0.008101992203568137,9.75629066700003,tm_tw_gated_offline_low_rank,context_noise_refinement
tm_tw,20263353,100,100,2,0.0,0.45,0.2,gated_offline_low_rank,1.0,1.0,deterministic,20.0,0.1,0.95,False,5896.778329620927,589677.8329620927,1214595.881630718,48.54930284881178,624918.0486686253,0.34,0.53,0.31617267087685846,0.00809036268742897,9.737365416000102,tm_tw_gated_offline_low_rank,context_noise_refinement
tm_tw,20263354,100,100,2,0.0,0.45,0.2,gated_offline_low_rank,1.0,1.0,deterministic,20.0,0.1,0.95,False,4487.694197960799,448769.4197960799,910874.169152323,49.267992769375965,462104.7493562431,0.31,0.55,0.31628200480890106,0.008093160371244634,9.969407000000047,tm_tw_gated_offline_low_rank,context_noise_refinement
tm_tw_refined,20262393,100,100,2,0.0,0.45,0.2,dense,1.0,1.0,deterministic,20.0,0.1,0.95,False,6577.262787455914,657726.2787455914,829448.9835305964,79.2967731355752,171722.70478500496,0.5,0.66,0.3722072716862296,0.0095242002241643,3.2705290829999285,tm_tw_refined_dense,context_noise_refinement
tm_tw_refined,20262394,100,100,2,0.0,0.45,0.2,dense,1.0,1.0,deterministic,20.0,0.1,0.95,False,7188.982542149046,718898.2542149046,1167273.8884285954,61.587795404444286,448375.6342136908,0.41,0.64,0.371911107930146,0.0095166218582197,3.514566082999977,tm_tw_refined_dense,context_noise_refinement
tm_tw_refined,20262395,100,100,2,0.0,0.45,0.2,dense,1.0,1.0,deterministic,20.0,0.1,0.95,False,4251.233436613831,425123.3436613832,1019282.4577688164,41.70809969514902,594159.1141074332,0.27,0.53,0.3716637242739447,0.0095083870342831,3.298008125000024,tm_tw_refined_dense,context_noise_refinement
tm_tw_refined,20262396,100,100,2,0.0,0.45,0.2,dense,1.0,1.0,deterministic,20.0,0.1,0.95,False,5691.195746278845,569119.5746278845,959753.1993140758,59.29853373082034,390633.6246861912,0.37,0.61,0.37138779940834044,0.0095032312140281,3.4229452909999054,tm_tw_refined_dense,context_noise_refinement
tm_tw_refined,20262397,100,100,2,0.0,0.45,0.2,dense,1.0,1.0,deterministic,20.0,0.1,0.95,False,4680.296166829026,468029.6166829026,836684.7544115006,55.9385854965292,368655.137728598,0.38,0.63,0.3716106260139326,0.009508932997331031,3.4654681249999157,tm_tw_refined_dense,context_noise_refinement
tm_tw_refined,20262398,100,100,2,0.0,0.45,0.2,dense,1.0,1.0,deterministic,20.0,0.1,0.95,False,5870.840617500495,587084.0617500495,973929.2328114781,60.27995073679962,386845.1710614286,0.38,0.59,0.3710795727743191,0.00949326611659313,3.460437207999803,tm_tw_refined_dense,context_noise_refinement
tm_tw_refined,20262399,100,100,2,0.0,0.45,0.2,dense,1.0,1.0,deterministic,20.0,0.1,0.95,False,9655.183926470167,965518.3926470167,1226127.4872458833,78.74535092723151,260609.09459886665,0.47,0.67,0.3705299953529061,0.00948092649705388,3.316559125000367,tm_tw_refined_dense,context_noise_refinement
tm_tw_refined,20262400,100,100,2,0.0,0.45,0.2,dense,1.0,1.0,deterministic,20.0,0.1,0.95,False,6466.521987093439,646652.1987093439,965580.1011366658,66.97033192255257,318927.9024273219,0.43,0.7,0.37339428062474156,0.00955457392091411,3.4175286249997043,tm_tw_refined_dense,context_noise_refinement
tm_tw_refined,20262401,100,100,2,0.0,0.45,0.2,dense,1.0,1.0,deterministic,20.0,0.1,0.95,False,8997.403026238646,899740.3026238646,1210075.856530727,74.35404134112792,310335.5539068623,0.47,0.63,0.3717307074466393,0.009512005692829758,3.6399452499999825,tm_tw_refined_dense,context_noise_refinement
tm_tw_refined,20262402,100,100,2,0.0,0.45,0.2,dense,1.0,1.0,deterministic,20.0,0.1,0.95,False,9237.153402915397,923715.3402915398,1107073.66704302,83.4375676876835,183358.32675148023,0.52,0.71,0.3707759891922318,0.009487439390572566,2.9889289580000877,tm_tw_refined_dense,context_noise_refinement
tm_tw_refined,20263217,100,100,2,0.0,0.45,0.2,gated_offline,1.0,1.0,deterministic,20.0,0.1,0.95,False,5219.003069787341,521900.3069787341,826072.9929421264,63.17847350510075,304172.68596339226,0.36,0.64,0.3172378175025995,0.0081176181187527,3.1519612910000205,tm_tw_refined_gated_offline,context_noise_refinement
tm_tw_refined,20263218,100,100,2,0.0,0.45,0.2,gated_offline,1.0,1.0,deterministic,20.0,0.1,0.95,False,9117.977444060672,911797.7444060672,1158822.5925714248,78.68311769645342,247024.8481653576,0.51,0.75,0.3162117469689037,0.0080910989050708,3.2778942080000206,tm_tw_refined_gated_offline,context_noise_refinement
tm_tw_refined,20263219,100,100,2,0.0,0.45,0.2,gated_offline,1.0,1.0,deterministic,20.0,0.1,0.95,False,5323.21169800072,532321.169800072,1023623.3125518558,52.00361922912977,491302.14275178383,0.38,0.55,0.3164823165986312,0.0080982860357272,3.190142417000061,tm_tw_refined_gated_offline,context_noise_refinement
tm_tw_refined,20263220,100,100,2,0.0,0.45,0.2,gated_offline,1.0,1.0,deterministic,20.0,0.1,0.95,False,6282.190485901939,628219.0485901939,934878.2511835208,67.1979530805099,306659.2025933269,0.37,0.59,0.3162248627849677,0.008091537218995722,3.0649948750001386,tm_tw_refined_gated_offline,context_noise_refinement
tm_tw_refined,20263221,100,100,2,0.0,0.45,0.2,gated_offline,1.0,1.0,deterministic,20.0,0.1,0.95,False,5533.01871400422,553301.871400422,887362.91866237,62.353503821692385,334061.047261948,0.37,0.68,0.31613577343189314,0.008088631535515799,2.975409832999958,tm_tw_refined_gated_offline,context_noise_refinement
tm_tw_refined,20263222,100,100,2,0.0,0.45,0.2,gated_offline,1.0,1.0,deterministic,20.0,0.1,0.95,False,5308.52055737874,530852.055737874,1020156.6569949422,52.0363271756316,489304.6012570682,0.35,0.57,0.3144217598439829,0.0080455596206424,2.9764327500001855,tm_tw_refined_gated_offline,context_noise_refinement
tm_tw_refined,20263223,100,100,2,0.0,0.45,0.2,gated_offline,1.0,1.0,deterministic,20.0,0.1,0.95,False,6862.025615579684,686202.5615579684,1176410.836094551,58.33018028259786,490208.27453658264,0.38,0.6,0.3154015697801436,0.00807063141994214,2.7088534999998046,tm_tw_refined_gated_offline,context_noise_refinement
tm_tw_refined,20263224,100,100,2,0.0,0.45,0.2,gated_offline,1.0,1.0,deterministic,20.0,0.1,0.95,False,7533.353562332954,753335.3562332954,881158.2875326088,85.49376052999068,127822.93129931344,0.49,0.69,0.3162492367181431,0.008092321887203394,2.702595915999609,tm_tw_refined_gated_offline,context_noise_refinement
tm_tw_refined,20263225,100,100,2,0.0,0.45,0.2,gated_offline,1.0,1.0,deterministic,20.0,0.1,0.95,False,8372.293718798,837229.3718798,1114430.0274873406,75.12623953317791,277200.6556075406,0.48,0.71,0.31643160806285797,0.008096988483840118,3.226270999999997,tm_tw_refined_gated_offline,context_noise_refinement
tm_tw_refined,20263226,100,100,2,0.0,0.45,0.2,gated_offline,1.0,1.0,deterministic,20.0,0.1,0.95,False,8277.702997739356,827770.2997739356,1022854.6991341935,80.92745728935016,195084.3993602579,0.54,0.75,0.3162789590385252,0.008093082434758427,3.2116779580001094,tm_tw_refined_gated_offline,context_noise_refinement
tm_tw_refined,20263217,100,100,2,0.0,0.45,0.2,gated_offline,0.5,1.0,beta,20.0,0.1,0.95,False,5899.886945440286,589988.6945440286,929437.615567842,63.47803065658944,339448.9210238134,0.36,0.61,0.3157265086027758,0.008078946094702,3.114646291999975,tm_tw_refined_gated_offline_best_beta,context_noise_refinement
tm_tw_refined,20263218,100,100,2,0.0,0.45,0.2,gated_offline,0.5,1.0,beta,20.0,0.1,0.95,False,9150.193465154798,915019.3465154796,1233940.7586481378,74.15423634421013,318921.41213265806,0.47,0.68,0.3161604021592534,0.0080884845448586,3.32704416699994,tm_tw_refined_gated_offline_best_beta,context_noise_refinement
tm_tw_refined,20263219,100,100,2,0.0,0.45,0.2,gated_offline,0.5,1.0,beta,20.0,0.1,0.95,False,5966.848882354027,596684.8882354028,1030320.1773086392,57.912569449434535,433635.2890732365,0.39,0.61,0.316142661857811,0.0080895948037048,3.423308417000044,tm_tw_refined_gated_offline_best_beta,context_noise_refinement
tm_tw_refined,20263220,100,100,2,0.0,0.45,0.2,gated_offline,0.5,1.0,beta,20.0,0.1,0.95,False,6651.644215535018,665164.4215535017,1029186.5743350752,64.63011062724398,364022.1527815735,0.36,0.63,0.31637457773553823,0.008095529167223916,3.2246467919999304,tm_tw_refined_gated_offline_best_beta,context_noise_refinement
tm_tw_refined,20263221,100,100,2,0.0,0.45,0.2,gated_offline,0.5,1.0,beta,20.0,0.1,0.95,False,5813.915596596927,581391.5596596927,908738.6599723888,63.97786132234737,327347.1003126961,0.4,0.66,0.316192590720061,0.00809050579406492,3.20579325000017,tm_tw_refined_gated_offline_best_beta,context_noise_refinement
tm_tw_refined,20263222,100,100,2,0.0,0.45,0.2,gated_offline,0.5,1.0,beta,20.0,0.1,0.95,False,5463.369361017497,546336.9361017497,824880.7442001471,66.23223295526314,278543.80809839745,0.43,0.64,0.315966464291199,0.008085000057505363,3.2166332500000863,tm_tw_refined_gated_offline_best_beta,context_noise_refinement
tm_tw_refined,20263223,100,100,2,0.0,0.45,0.2,gated_offline,0.5,1.0,beta,20.0,0.1,0.95,False,7396.742884526391,739674.2884526391,1272787.3532190816,58.1145221612931,533113.0647664425,0.37,0.67,0.31529214787983295,0.008067831485156485,3.2100814999998875,tm_tw_refined_gated_offline_best_beta,context_noise_refinement
tm_tw_refined,20263224,100,100,2,0.0,0.45,0.2,gated_offline,0.5,1.0,beta,20.0,0.1,0.95,False,7689.626640116716,768962.6640116716,1001314.5925306361,76.795311857811,232351.92851896456,0.49,0.75,0.31664697867866287,0.008102499480060138,3.2555028329998095,tm_tw_refined_gated_offline_best_beta,context_noise_refinement
tm_tw_refined,20263225,100,100,2,0.0,0.45,0.2,gated_offline,0.5,1.0,beta,20.0,0.1,0.95,False,10073.747900351304,1007374.7900351303,1268261.4326735677,79.42958479085236,260886.64263843733,0.56,0.77,0.31611232020282726,0.00808876560407737,3.193352041000253,tm_tw_refined_gated_offline_best_beta,context_noise_refinement
tm_tw_refined,20263226,100,100,2,0.0,0.45,0.2,gated_offline,0.5,1.0,beta,20.0,0.1,0.95,False,8003.6335453804195,800363.354538042,990089.0993914391,80.83750796064591,189725.74485339713,0.49,0.8,0.31681648252054406,0.008106147160411494,3.2866932090000773,tm_tw_refined_gated_offline_best_beta,context_noise_refinement
tm_tw_refined,20264173,100,100,2,0.0,0.45,0.2,gated_offline_low_rank,1.0,1.0,deterministic,20.0,0.1,0.95,False,5617.104925658441,561710.4925658441,844698.1442688383,66.49836943255684,282987.65170299425,0.4,0.7,0.3162218767595636,0.0080916217887812,10.18462450000004,tm_tw_refined_gated_offline_low_rank,context_noise_refinement
tm_tw_refined,20264174,100,100,2,0.0,0.45,0.2,gated_offline_low_rank,1.0,1.0,deterministic,20.0,0.1,0.95,False,9277.497346922446,927749.7346922448,1109474.439804398,83.6206496884965,181724.7051121533,0.58,0.83,0.3158455550286774,0.0080819923060002,9.94278220800004,tm_tw_refined_gated_offline_low_rank,context_noise_refinement
tm_tw_refined,20264175,100,100,2,0.0,0.45,0.2,gated_offline_low_rank,1.0,1.0,deterministic,20.0,0.1,0.95,False,4526.651631685457,452665.1631685457,955431.0454399238,47.37810910887013,502765.88227137807,0.32,0.56,0.3149056553961187,0.0080579417487648,9.934567207999976,tm_tw_refined_gated_offline_low_rank,context_noise_refinement
tm_tw_refined,20264176,100,100,2,0.0,0.45,0.2,gated_offline_low_rank,1.0,1.0,deterministic,20.0,0.1,0.95,False,7778.4418235404955,777844.1823540495,1077136.253616936,72.21409359699035,299292.0712628865,0.46,0.72,0.3156998756605512,0.008078264599487978,11.618074167000032,tm_tw_refined_gated_offline_low_rank,context_noise_refinement
tm_tw_refined,20264177,100,100,2,0.0,0.45,0.2,gated_offline_low_rank,1.0,1.0,deterministic,20.0,0.1,0.95,False,5144.12936879962,514412.93687996204,943391.2434490666,54.528059323431165,428978.3065691046,0.28,0.66,0.3163486615531384,0.0080948660127694,11.203972541999974,tm_tw_refined_gated_offline_low_rank,context_noise_refinement
tm_tw_refined,20264178,100,100,2,0.0,0.45,0.2,gated_offline_low_rank,1.0,1.0,deterministic,20.0,0.1,0.95,False,6521.17008382053,652117.008382053,1017597.6287628525,64.0839748393347,365480.6203807995,0.39,0.61,0.31580102903637824,0.00808085295570241,10.521348959000079,tm_tw_refined_gated_offline_low_rank,context_noise_refinement
tm_tw_refined,20264179,100,100,2,0.0,0.45,0.2,gated_offline_low_rank,1.0,1.0,deterministic,20.0,0.1,0.95,False,5586.164036124231,558616.4036124231,1054493.0337867958,52.97487851639689,495876.6301743727,0.33,0.68,0.3158615030608622,0.008082400391127132,10.234337125000366,tm_tw_refined_gated_offline_low_rank,context_noise_refinement
tm_tw_refined,20264180,100,100,2,0.0,0.45,0.2,gated_offline_low_rank,1.0,1.0,deterministic,20.0,0.1,0.95,False,6791.188213498348,679118.8213498348,883033.8527792026,76.90745028771218,203915.03142936784,0.48,0.72,0.3170523429670984,0.00811287211633158,10.658003042000018,tm_tw_refined_gated_offline_low_rank,context_noise_refinement
tm_tw_refined,20264181,100,100,2,0.0,0.45,0.2,gated_offline_low_rank,1.0,1.0,deterministic,20.0,0.1,0.95,False,8971.303659853827,897130.3659853827,1236064.7332468715,72.57956172156271,338934.3672614888,0.45,0.71,0.31627636645812607,0.008092781272243258,11.303236334000303,tm_tw_refined_gated_offline_low_rank,context_noise_refinement
tm_tw_refined,20264182,100,100,2,0.0,0.45,0.2,gated_offline_low_rank,1.0,1.0,deterministic,20.0,0.1,0.95,False,7275.387305079817,727538.7305079817,988881.5559896226,73.57187785547258,261342.82548164087,0.53,0.73,0.3161415455058724,0.008089566238009863,10.236865667000075,tm_tw_refined_gated_offline_low_rank,context_noise_refinement
tm_tw_refined,20264173,100,100,2,0.0,0.45,0.2,gated_offline_low_rank,0.5,1.0,beta,20.0,0.1,0.95,False,7301.341515323696,730134.1515323697,957034.4715447292,76.29131167593948,226900.32001235956,0.48,0.72,0.3165383291184055,0.0080997193082449,10.789749874999984,tm_tw_refined_gated_offline_low_rank_best_beta,context_noise_refinement
tm_tw_refined,20264174,100,100,2,0.0,0.45,0.2,gated_offline_low_rank,0.5,1.0,beta,20.0,0.1,0.95,False,8610.223430530581,861022.343053058,1061046.345064602,81.14841986479247,200024.00201154407,0.48,0.7,0.3159180863371372,0.0080836264434981,10.094433499999925,tm_tw_refined_gated_offline_low_rank_best_beta,context_noise_refinement
tm_tw_refined,20264175,100,100,2,0.0,0.45,0.2,gated_offline_low_rank,0.5,1.0,beta,20.0,0.1,0.95,False,5429.006331705465,542900.6331705465,1047045.2281609104,51.85073371893666,504144.594990364,0.31,0.53,0.3162371692440779,0.0080920130994715,10.406184791999976,tm_tw_refined_gated_offline_low_rank_best_beta,context_noise_refinement
tm_tw_refined,20264176,100,100,2,0.0,0.45,0.2,gated_offline_low_rank,0.5,1.0,beta,20.0,0.1,0.95,False,7688.868056544684,768886.8056544684,1131844.2919102071,67.93220685478057,362957.48625573877,0.44,0.72,0.31592945147896806,0.008084139084560028,10.276804874999925,tm_tw_refined_gated_offline_low_rank_best_beta,context_noise_refinement
tm_tw_refined,20264177,100,100,2,0.0,0.45,0.2,gated_offline_low_rank,0.5,1.0,beta,20.0,0.1,0.95,False,4466.195243712683,446619.5243712683,931634.8697325233,47.93933104924409,485015.34536125505,0.31,0.58,0.31628166296758436,0.008093055316394742,9.955557207999846,tm_tw_refined_gated_offline_low_rank_best_beta,context_noise_refinement
tm_tw_refined,20264178,100,100,2,0.0,0.45,0.2,gated_offline_low_rank,0.5,1.0,beta,20.0,0.1,0.95,False,5172.286860111251,517228.6860111251,881253.5174039131,58.692382588705044,364024.831392788,0.36,0.62,0.3163792502784968,0.008095648730268698,10.004509333999977,tm_tw_refined_gated_offline_low_rank_best_beta,context_noise_refinement
tm_tw_refined,20264179,100,100,2,0.0,0.45,0.2,gated_offline_low_rank,0.5,1.0,beta,20.0,0.1,0.95,False,7676.559417697393,767655.9417697393,1100154.5937074996,69.77709734254289,332498.6519377603,0.44,0.7,0.3165057756165346,0.008098818687733359,9.658505999999761,tm_tw_refined_gated_offline_low_rank_best_beta,context_noise_refinement
tm_tw_refined,20264180,100,100,2,0.0,0.45,0.2,gated_offline_low_rank,0.5,1.0,beta,20.0,0.1,0.95,False,7391.998298420181,739199.8298420181,1058542.7049387877,69.83183828041814,319342.87509676965,0.5,0.77,0.31719530185286937,0.008116530209967786,9.67201625000007,tm_tw_refined_gated_offline_low_rank_best_beta,context_noise_refinement
tm_tw_refined,20264181,100,100,2,0.0,0.45,0.2,gated_offline_low_rank,0.5,1.0,beta,20.0,0.1,0.95,False,9138.988539012711,913898.8539012711,1240478.3379529754,73.67310060483422,326579.4840517043,0.52,0.76,0.31570184279603786,0.008078314935399358,9.640221083000142,tm_tw_refined_gated_offline_low_rank_best_beta,context_noise_refinement
tm_tw_refined,20264182,100,100,2,0.0,0.45,0.2,gated_offline_low_rank,0.5,1.0,beta,20.0,0.1,0.95,False,8396.74960892681,839674.9608926809,969073.8859953819,86.64715591115231,129398.92510270094,0.54,0.7,0.31640675499810567,0.008096352532898553,10.143758832999993,tm_tw_refined_gated_offline_low_rank_best_beta,context_noise_refinement
tm_tw_refined,20265065,100,100,2,0.0,0.45,0.2,support_gated_offline_low_rank,0.5,1.0,beta,20.0,0.1,0.95,True,6285.674183937666,628567.4183937666,934549.3955395469,67.2588759239284,305981.9771457801,0.43,0.71,0.0703034178339459,0.0005047979906773,9.52962962499987,tm_tw_refined_support_gated_offline_low_rank_best_beta,context_noise_refinement
tm_tw_refined,20265066,100,100,2,0.0,0.45,0.2,support_gated_offline_low_rank,0.5,1.0,beta,20.0,0.1,0.95,True,7445.818943999272,744581.8943999272,1088853.1813467902,68.38221232719019,344271.28694686294,0.43,0.67,0.0732481856963711,0.0005084628416175,9.846035250000114,tm_tw_refined_support_gated_offline_low_rank_best_beta,context_noise_refinement
tm_tw_refined,20265067,100,100,2,0.0,0.45,0.2,support_gated_offline_low_rank,0.5,1.0,beta,20.0,0.1,0.95,True,6470.79584332156,647079.584332156,1076485.7494356208,60.11037161164525,429406.16510346485,0.32,0.52,0.0745417714708341,0.000511979759592,9.584672707999973,tm_tw_refined_support_gated_offline_low_rank_best_beta,context_noise_refinement
tm_tw_refined,20265068,100,100,2,0.0,0.45,0.2,support_gated_offline_low_rank,0.5,1.0,beta,20.0,0.1,0.95,True,6132.285625244049,613228.5625244048,925848.858763874,66.23419759280613,312620.2962394692,0.36,0.6,0.0698437300885466,0.0005034701051523464,9.69661562500005,tm_tw_refined_support_gated_offline_low_rank_best_beta,context_noise_refinement
tm_tw_refined,20265069,100,100,2,0.0,0.45,0.2,support_gated_offline_low_rank,0.5,1.0,beta,20.0,0.1,0.95,True,6197.629671474179,619762.967147418,1001700.1191720493,61.87110845705801,381937.1520246314,0.35,0.66,0.07572122089720149,0.0005306994018107926,9.505251166000107,tm_tw_refined_support_gated_offline_low_rank_best_beta,context_noise_refinement
tm_tw_refined,20265070,100,100,2,0.0,0.45,0.2,support_gated_offline_low_rank,0.5,1.0,beta,20.0,0.1,0.95,True,6251.92486496575,625192.4864965751,998890.0963018633,62.58871609711532,373697.60980528826,0.36,0.56,0.07227144902130304,0.0005152110681203413,9.43177712500028,tm_tw_refined_support_gated_offline_low_rank_best_beta,context_noise_refinement
tm_tw_refined,20265071,100,100,2,0.0,0.45,0.2,support_gated_offline_low_rank,0.5,1.0,beta,20.0,0.1,0.95,True,8012.2912637795835,801229.1263779583,1055696.8743907253,75.89575623593392,254467.74801276694,0.46,0.68,0.07210076088469088,0.0004741196476330131,9.365662874999998,tm_tw_refined_support_gated_offline_low_rank_best_beta,context_noise_refinement
tm_tw_refined,20265072,100,100,2,0.0,0.45,0.2,support_gated_offline_low_rank,0.5,1.0,beta,20.0,0.1,0.95,True,6938.047003076147,693804.7003076148,880765.1008413814,78.77295542759742,186960.4005337666,0.53,0.72,0.07181081009642411,0.0004720674581693599,9.433822416000112,tm_tw_refined_support_gated_offline_low_rank_best_beta,context_noise_refinement
tm_tw_refined,20265073,100,100,2,0.0,0.45,0.2,support_gated_offline_low_rank,0.5,1.0,beta,20.0,0.1,0.95,True,9130.994843783828,913099.4843783829,1263549.457117656,72.2646414222122,350449.9727392731,0.46,0.68,0.07233744851905549,0.0005166793181058978,9.417382374999761,tm_tw_refined_support_gated_offline_low_rank_best_beta,context_noise_refinement
tm_tw_refined,20265074,100,100,2,0.0,0.45,0.2,support_gated_offline_low_rank,0.5,1.0,beta,20.0,0.1,0.95,True,9206.873859040548,920687.3859040549,1049875.4529382717,87.69491498513847,129188.06703421683,0.58,0.79,0.07424652147035236,0.00044979320048306833,9.33812058300009,tm_tw_refined_support_gated_offline_low_rank_best_beta,context_noise_refinement
tm_tw_refined,20263497,100,100,2,0.0,0.45,0.2,support_offline,1.0,1.0,deterministic,20.0,0.1,0.95,True,6501.546345495661,650154.6345495661,917632.836725068,70.85128261864489,267478.20217550185,0.45,0.69,0.0753589891120782,0.0005509069700422,3.06831550000004,tm_tw_refined_support_offline,context_noise_refinement
tm_tw_refined,20263498,100,100,2,0.0,0.45,0.2,support_offline,1.0,1.0,deterministic,20.0,0.1,0.95,True,7717.316554590283,771731.6554590283,1076823.3435621995,71.66743366707591,305091.6881031712,0.46,0.65,0.0733155059798331,0.0005554699367427,3.0336879159999626,tm_tw_refined_support_offline,context_noise_refinement
tm_tw_refined,20263499,100,100,2,0.0,0.45,0.2,support_offline,1.0,1.0,deterministic,20.0,0.1,0.95,True,4631.915209557366,463191.52095573663,896469.5960099559,51.66840270069712,433278.0750542192,0.31,0.58,0.072096947253292,0.0005331990076327,3.079040374999977,tm_tw_refined_support_offline,context_noise_refinement
tm_tw_refined,20263500,100,100,2,0.0,0.45,0.2,support_offline,1.0,1.0,deterministic,20.0,0.1,0.95,True,6842.0511001447685,684205.1100144768,1060766.7974095694,64.50099227137673,376561.68739509257,0.4,0.67,0.07212046229410758,0.0004626446968833893,2.592008291000184,tm_tw_refined_support_offline,context_noise_refinement
tm_tw_refined,20263501,100,100,2,0.0,0.45,0.2,support_offline,1.0,1.0,deterministic,20.0,0.1,0.95,True,4083.914250687483,408391.4250687483,879340.0071915205,46.44294831678238,470948.58212277223,0.29,0.55,0.0738516405017803,0.0005333020710739264,2.5870596660001866,tm_tw_refined_support_offline,context_noise_refinement
tm_tw_refined,20263502,100,100,2,0.0,0.45,0.2,support_offline,1.0,1.0,deterministic,20.0,0.1,0.95,True,5667.32063836594,566732.063836594,950044.90970547,59.653186712225065,383312.845868876,0.39,0.68,0.07231949732253286,0.0005723258402916162,2.6331997500001307,tm_tw_refined_support_offline,context_noise_refinement
tm_tw_refined,20263503,100,100,2,0.0,0.45,0.2,support_offline,1.0,1.0,deterministic,20.0,0.1,0.95,True,9519.196645343982,951919.6645343981,1373483.5955379494,69.30695551274945,421563.93100355123,0.42,0.65,0.07427250957197327,0.0005049801725634966,2.648224791999837,tm_tw_refined_support_offline,context_noise_refinement
tm_tw_refined,20263504,100,100,2,0.0,0.45,0.2,support_offline,1.0,1.0,deterministic,20.0,0.1,0.95,True,7147.526701281651,714752.6701281652,931048.8819787867,76.7685439468097,216296.2118506215,0.5,0.79,0.07311632015387366,0.0005131251041601819,2.6113596670002153,tm_tw_refined_support_offline,context_noise_refinement
tm_tw_refined,20263505,100,100,2,0.0,0.45,0.2,support_offline,1.0,1.0,deterministic,20.0,0.1,0.95,True,7907.933319962967,790793.3319962968,1041191.8813464874,75.95077777341379,250398.54935019067,0.52,0.67,0.07248361647403825,0.000516922466371523,2.5897089169998253,tm_tw_refined_support_offline,context_noise_refinement
tm_tw_refined,20263506,100,100,2,0.0,0.45,0.2,support_offline,1.0,1.0,deterministic,20.0,0.1,0.95,True,8407.094124215284,840709.4124215284,1053165.4005224695,79.8269115187849,212455.98810094118,0.49,0.74,0.06922767350117706,0.0004356028892885118,2.6826656670000375,tm_tw_refined_support_offline,context_noise_refinement
tm_tw,20262669,100,100,2,0.0,0.45,0.2,support_offline,1.0,1.0,deterministic,20.0,0.1,0.95,True,6810.885156899587,681088.5156899587,968146.6044773771,70.34972932199895,287058.08878741844,0.53,0.7,0.0739166327128944,0.0004802054761942,2.9309021669999997,tm_tw_support_offline,context_noise_refinement
tm_tw,20262670,100,100,2,0.0,0.45,0.2,support_offline,1.0,1.0,deterministic,20.0,0.1,0.95,True,1599.0992141016914,159909.92141016913,1042398.458750566,15.340575388209944,882488.5373403969,0.1,0.25,0.0717554132186927,0.0005384471630873,2.962957291000066,tm_tw_support_offline,context_noise_refinement
tm_tw,20262671,100,100,2,0.0,0.45,0.2,support_offline,1.0,1.0,deterministic,20.0,0.1,0.95,True,4587.356178961349,458735.6178961349,924877.8168276892,49.59959137841451,466142.19893155433,0.41,0.61,0.0742920952238265,0.0005161907268321,3.090626874999998,tm_tw_support_offline,context_noise_refinement
tm_tw,20262672,100,100,2,0.0,0.45,0.2,support_offline,1.0,1.0,deterministic,20.0,0.1,0.95,True,1948.8302339398952,194883.0233939895,1081190.7206909934,18.02485164406877,886307.6972970038,0.1,0.35,0.07441341002100615,0.000525246032989618,2.5718192499998622,tm_tw_support_offline,context_noise_refinement
tm_tw,20262673,100,100,2,0.0,0.45,0.2,support_offline,1.0,1.0,deterministic,20.0,0.1,0.95,True,6001.646937843632,600164.6937843632,934721.9790943521,64.20782940889654,334557.2853099889,0.38,0.57,0.07434077940340066,0.0005455184157094588,2.618519291999746,tm_tw_support_offline,context_noise_refinement
tm_tw,20262674,100,100,2,0.0,0.45,0.2,support_offline,1.0,1.0,deterministic,20.0,0.1,0.95,True,5639.076369150733,563907.6369150733,900248.2301123231,62.639127526495116,336340.5931972498,0.38,0.54,0.06989432037713282,0.0005061799213438079,2.627412291999917,tm_tw_support_offline,context_noise_refinement
tm_tw,20262675,100,100,2,0.0,0.45,0.2,support_offline,1.0,1.0,deterministic,20.0,0.1,0.95,True,4891.382690088969,489138.2690088969,1131449.2248963527,43.23112856025022,642310.9558874558,0.39,0.59,0.07393146971724121,0.0005084406408489134,2.6027478750002047,tm_tw_support_offline,context_noise_refinement
tm_tw,20262676,100,100,2,0.0,0.45,0.2,support_offline,1.0,1.0,deterministic,20.0,0.1,0.95,True,6518.4230500242675,651842.3050024267,1040770.167903784,62.630763746361296,388927.86290135724,0.39,0.61,0.07522511852324046,0.0005552143605024389,2.599757999999838,tm_tw_support_offline,context_noise_refinement
tm_tw,20262677,100,100,2,0.0,0.45,0.2,support_offline,1.0,1.0,deterministic,20.0,0.1,0.95,True,4654.930518996436,465493.0518996436,1053660.9339832228,44.178638201941304,588167.8820835792,0.26,0.52,0.07576221173377173,0.0004932265129419983,2.5727736250000817,tm_tw_support_offline,context_noise_refinement
tm_tw,20262678,100,100,2,0.0,0.45,0.2,support_offline,1.0,1.0,deterministic,20.0,0.1,0.95,True,5863.561952073064,586356.1952073064,922769.3822803062,63.54309174826861,336413.1870729998,0.46,0.66,0.07431109237624886,0.0005422995628140651,2.6569577919999574,tm_tw_support_offline,context_noise_refinement
tw,20261245,100,100,2,0.0,0.45,0.2,dense,1.0,1.0,deterministic,20.0,0.1,0.95,False,3793.030512492669,379303.0512492668,804216.8024283065,47.16427835180434,424913.7511790397,0.2,0.45,0.3711855934090403,0.0094980570796939,3.271198667000021,tw_dense,context_noise_refinement
tw,20261246,100,100,2,0.0,0.45,0.2,dense,1.0,1.0,deterministic,20.0,0.1,0.95,False,5706.547494383737,570654.7494383737,1205320.680705995,47.34464102151826,634665.9312676213,0.34,0.55,0.3721879473232178,0.0095237057440277,3.53472366699998,tw_dense,context_noise_refinement
tw,20261247,100,100,2,0.0,0.45,0.2,dense,1.0,1.0,deterministic,20.0,0.1,0.95,False,3828.170544717858,382817.0544717858,949358.0433252868,40.32378059713955,566540.9888535012,0.27,0.46,0.3710579889938607,0.0094947918828745,3.432158249999929,tw_dense,context_noise_refinement
tw,20261248,100,100,2,0.0,0.45,0.2,dense,1.0,1.0,deterministic,20.0,0.1,0.95,False,5689.300504132063,568930.0504132063,1031928.8489521459,55.132681966486004,462998.79853893956,0.36,0.53,0.37107768008899644,0.009494406676743486,2.95241416700037,tw_dense,context_noise_refinement
tw,20261249,100,100,2,0.0,0.45,0.2,dense,1.0,1.0,deterministic,20.0,0.1,0.95,False,4893.0851795435065,489308.5179543506,892600.7163031336,54.818297702124845,403292.198348783,0.33,0.54,0.3710292012596622,0.009492901462928645,2.894678582999859,tw_dense,context_noise_refinement
tw,20261250,100,100,2,0.0,0.45,0.2,dense,1.0,1.0,deterministic,20.0,0.1,0.95,False,4987.174290560493,498717.4290560493,940208.5586201759,53.04327688613611,441491.1295641266,0.27,0.53,0.3703938432420396,0.009477797434889381,2.912738750000244,tw_dense,context_noise_refinement
tw,20261251,100,100,2,0.0,0.45,0.2,dense,1.0,1.0,deterministic,20.0,0.1,0.95,False,5385.187478149991,538518.7478149991,1148806.743129416,46.8763567967962,610287.9953144168,0.39,0.5,0.37147427988285336,0.009504814771403669,2.908034166000107,tw_dense,context_noise_refinement
tw,20261252,100,100,2,0.0,0.45,0.2,dense,1.0,1.0,deterministic,20.0,0.1,0.95,False,3260.5542106461444,326055.42106461443,1019789.367054061,31.972820231153634,693733.9459894466,0.23,0.45,0.37196905716194295,0.009518104688160074,3.2140838330001316,tw_dense,context_noise_refinement
tw,20261253,100,100,2,0.0,0.45,0.2,dense,1.0,1.0,deterministic,20.0,0.1,0.95,False,7562.864622493658,756286.4622493659,1263790.3938683474,59.842713310586404,507503.9316189815,0.34,0.52,0.37073618843334183,0.009486299847871053,3.1961642920000486,tw_dense,context_noise_refinement
tw,20261254,100,100,2,0.0,0.45,0.2,dense,1.0,1.0,deterministic,20.0,0.1,0.95,False,3889.7806873323343,388978.06873323343,983332.2880661396,39.55713378416702,594354.2193329062,0.23,0.43,0.37165307599325637,0.009510019225713295,3.2886357089996636,tw_dense,context_noise_refinement
tw,20262069,100,100,2,0.0,0.45,0.2,gated_offline,1.0,1.0,deterministic,20.0,0.1,0.95,False,3039.1787275755346,303917.8727575535,878127.2552638707,34.609775625997216,574209.3825063172,0.21,0.46,0.3150915261557716,0.0080626978899405,3.0966155410000056,tw_gated_offline,context_noise_refinement
tw,20262070,100,100,2,0.0,0.45,0.2,gated_offline,1.0,1.0,deterministic,20.0,0.1,0.95,False,5589.456638591705,558945.6638591705,1119224.0903952231,49.940460418591805,560278.4265360526,0.35,0.48,0.3156971738980291,0.0080781954656231,3.1230114999999614,tw_gated_offline,context_noise_refinement
tw,20262071,100,100,2,0.0,0.45,0.2,gated_offline,1.0,1.0,deterministic,20.0,0.1,0.95,False,5784.194916544916,578419.4916544916,1093531.3053365734,52.89464406110096,515111.81368208176,0.28,0.45,0.3158195943880478,0.0080812813163055,3.1579173339999898,tw_gated_offline,context_noise_refinement
tw,20262072,100,100,2,0.0,0.45,0.2,gated_offline,1.0,1.0,deterministic,20.0,0.1,0.95,False,4311.692429400822,431169.2429400822,1103888.4156880786,39.05913286274725,672719.1727479964,0.25,0.5,0.3169451593719198,0.008110129456263163,2.928470458999982,tw_gated_offline,context_noise_refinement
tw,20262073,100,100,2,0.0,0.45,0.2,gated_offline,1.0,1.0,deterministic,20.0,0.1,0.95,False,3876.054090871208,387605.4090871208,928377.4186852992,41.75084413793902,540772.0095981784,0.23,0.38,0.31557723667159904,0.008075126460136807,2.9776843750000808,tw_gated_offline,context_noise_refinement
tw,20262074,100,100,2,0.0,0.45,0.2,gated_offline,1.0,1.0,deterministic,20.0,0.1,0.95,False,4050.917921739166,405091.7921739166,1028198.972582708,39.398190717539464,623107.1804087914,0.23,0.43,0.31597471301100255,0.008085297256165849,2.8860082919995875,tw_gated_offline,context_noise_refinement
tw,20262075,100,100,2,0.0,0.45,0.2,gated_offline,1.0,1.0,deterministic,20.0,0.1,0.95,False,6006.354555622895,600635.4555622895,1334871.5747453503,44.995748424478286,734236.1191830608,0.23,0.49,0.31639418858013924,0.008094003850416429,3.1956117090003318,tw_gated_offline,context_noise_refinement
tw,20262076,100,100,2,0.0,0.45,0.2,gated_offline,1.0,1.0,deterministic,20.0,0.1,0.95,False,5431.955273211275,543195.5273211275,1082555.8410449184,50.17713698693061,539360.3137237909,0.37,0.56,0.31557091212693367,0.00807496462495974,3.242580375000216,tw_gated_offline,context_noise_refinement
tw,20262077,100,100,2,0.0,0.45,0.2,gated_offline,1.0,1.0,deterministic,20.0,0.1,0.95,False,6016.576674752091,601657.6674752091,1196556.7146500982,50.28241955511053,594899.0471748891,0.28,0.52,0.31642775758209624,0.00809688995607743,2.843040624999958,tw_gated_offline,context_noise_refinement
tw,20262078,100,100,2,0.0,0.45,0.2,gated_offline,1.0,1.0,deterministic,20.0,0.1,0.95,False,5915.534824086053,591553.4824086053,1075310.8200248317,55.01232493828573,483757.3376162264,0.38,0.63,0.31595951422367524,0.008084908343039534,2.706176209000205,tw_gated_offline,context_noise_refinement
tw,20263025,100,100,2,0.0,0.45,0.2,gated_offline_low_rank,1.0,1.0,deterministic,20.0,0.1,0.95,False,3737.333624733421,373733.36247334216,976816.2397433396,38.2603551484301,603082.8772699975,0.27,0.46,0.315265789657743,0.0080663786764013,10.251172708000013,tw_gated_offline_low_rank,context_noise_refinement
tw,20263026,100,100,2,0.0,0.45,0.2,gated_offline_low_rank,1.0,1.0,deterministic,20.0,0.1,0.95,False,4285.737420763623,428573.7420763623,1281173.3054879203,33.45166030548419,852599.563411558,0.26,0.46,0.3154651975244107,0.008072259554109,10.550748375000012,tw_gated_offline_low_rank,context_noise_refinement
tw,20263027,100,100,2,0.0,0.45,0.2,gated_offline_low_rank,1.0,1.0,deterministic,20.0,0.1,0.95,False,4469.011910072058,446901.19100720575,1047891.3605842204,42.64766442563754,600990.1695770147,0.31,0.54,0.316268833524339,0.0080928233387336,9.966288040999984,tw_gated_offline_low_rank,context_noise_refinement
tw,20263028,100,100,2,0.0,0.45,0.2,gated_offline_low_rank,1.0,1.0,deterministic,20.0,0.1,0.95,False,5622.602192028878,562260.2192028877,1033648.8273730291,54.395671364698025,471388.60817014135,0.33,0.49,0.31593184276835473,0.008083299648750764,9.368061290999776,tw_gated_offline_low_rank,context_noise_refinement
tw,20263029,100,100,2,0.0,0.45,0.2,gated_offline_low_rank,1.0,1.0,deterministic,20.0,0.1,0.95,False,2980.05030403403,298005.030403403,938829.2514035513,31.742196992465345,640824.2210001483,0.18,0.43,0.3170622691759641,0.008113126112445827,10.074327541999992,tw_gated_offline_low_rank,context_noise_refinement
tw,20263030,100,100,2,0.0,0.45,0.2,gated_offline_low_rank,1.0,1.0,deterministic,20.0,0.1,0.95,False,3823.621394220898,382362.1394220898,1007734.6205915768,37.942741234555314,625372.481169487,0.25,0.47,0.31488730787038527,0.00805714804118015,10.089188208999985,tw_gated_offline_low_rank,context_noise_refinement
tw,20263031,100,100,2,0.0,0.45,0.2,gated_offline_low_rank,1.0,1.0,deterministic,20.0,0.1,0.95,False,4423.991837122333,442399.1837122333,1114002.3457276956,39.712589960773066,671603.1620154623,0.34,0.47,0.3156697343982014,0.00807749333186516,9.793065166999895,tw_gated_offline_low_rank,context_noise_refinement
tw,20263032,100,100,2,0.0,0.45,0.2,gated_offline_low_rank,1.0,1.0,deterministic,20.0,0.1,0.95,False,2461.27727101622,246127.727101622,812135.2134735128,30.306249872965186,566007.4863718908,0.18,0.4,0.3164669877298338,0.008097893794020155,9.503953583000111,tw_gated_offline_low_rank,context_noise_refinement
tw,20263033,100,100,2,0.0,0.45,0.2,gated_offline_low_rank,1.0,1.0,deterministic,20.0,0.1,0.95,False,6571.129248341289,657112.9248341289,1158713.7715065768,56.7105475910363,501600.84667244786,0.38,0.64,0.3165554427359124,0.008100157218871869,9.898970957999609,tw_gated_offline_low_rank,context_noise_refinement
tw,20263034,100,100,2,0.0,0.45,0.2,gated_offline_low_rank,1.0,1.0,deterministic,20.0,0.1,0.95,False,4883.781933287111,488378.19332871115,1131704.3831821487,43.15421947518483,643326.1898534375,0.37,0.56,0.3156593433956221,0.008077227442408874,9.672022041000218,tw_gated_offline_low_rank,context_noise_refinement
tw,20262349,100,100,2,0.0,0.45,0.2,support_offline,1.0,1.0,deterministic,20.0,0.1,0.95,True,4139.8042452160535,413980.4245216053,819333.6842823552,50.52647443443094,405353.25976074993,0.34,0.54,0.0750755216396048,0.0005659500343245,3.2078573329999927,tw_support_offline,context_noise_refinement
tw,20262350,100,100,2,0.0,0.45,0.2,support_offline,1.0,1.0,deterministic,20.0,0.1,0.95,True,2603.7447008006634,260374.47008006636,986136.204456924,26.4034997298834,725761.7343768578,0.14,0.39,0.073387072975335,0.0005433043149093,3.01426445900006,tw_support_offline,context_noise_refinement
tw,20262351,100,100,2,0.0,0.45,0.2,support_offline,1.0,1.0,deterministic,20.0,0.1,0.95,True,1945.219927467668,194521.9927467668,1092066.3488346892,17.812287042296955,897544.3560879225,0.12,0.35,0.0723791213168117,0.0005015026752053,3.0489176250000583,tw_support_offline,context_noise_refinement
tw,20262352,100,100,2,0.0,0.45,0.2,support_offline,1.0,1.0,deterministic,20.0,0.1,0.95,True,5776.15916105996,577615.916105996,975949.5417962051,59.1850184224598,398333.6256902091,0.44,0.58,0.07470956996764008,0.0004620129130107512,2.6239771250002377,tw_support_offline,context_noise_refinement
tw,20262353,100,100,2,0.0,0.45,0.2,support_offline,1.0,1.0,deterministic,20.0,0.1,0.95,True,2168.642942919148,216864.29429191482,977800.780474602,22.17878105871974,760936.4861826872,0.14,0.32,0.07052969096181605,0.0005206045371875187,2.575133999999707,tw_support_offline,context_noise_refinement
tw,20262354,100,100,2,0.0,0.45,0.2,support_offline,1.0,1.0,deterministic,20.0,0.1,0.95,True,7574.857159012412,757485.7159012412,1050111.1702982662,72.13385947376317,292625.45439702505,0.52,0.64,0.0722367787303062,0.0004830708613292065,2.598665792000247,tw_support_offline,context_noise_refinement
tw,20262355,100,100,2,0.0,0.45,0.2,support_offline,1.0,1.0,deterministic,20.0,0.1,0.95,True,5271.4682701272195,527146.8270127219,1275593.1987766738,41.32562226878201,748446.3717639518,0.26,0.45,0.07354858077980202,0.0005126522405335317,2.693635166999684,tw_support_offline,context_noise_refinement
tw,20262356,100,100,2,0.0,0.45,0.2,support_offline,1.0,1.0,deterministic,20.0,0.1,0.95,True,4158.1822815219875,415818.2281521987,1020916.6737803177,40.72988901361357,605098.4456281189,0.36,0.51,0.07463456870247318,0.0004802988400122442,2.6888183330001993,tw_support_offline,context_noise_refinement
tw,20262357,100,100,2,0.0,0.45,0.2,support_offline,1.0,1.0,deterministic,20.0,0.1,0.95,True,6874.147402921063,687414.7402921063,1193778.1771615094,57.583121675636406,506363.4368694031,0.45,0.62,0.07559779489512619,0.0004936032628009182,2.644701167000221,tw_support_offline,context_noise_refinement
tw,20262358,100,100,2,0.0,0.45,0.2,support_offline,1.0,1.0,deterministic,20.0,0.1,0.95,True,2464.8422515037296,246484.22515037298,990085.1417444306,24.895255444000757,743600.9165940577,0.2,0.4,0.07293030076878204,0.00048703923869105296,2.8673275000001013,tw_support_offline,context_noise_refinement
exp4,20261395,100,100,2,0.0,0.45,0.3,dense,1.0,1.0,deterministic,20.0,0.1,0.95,False,6248.63962387951,624863.962387951,882010.6481865434,70.8453989385164,257146.6857985924,0.46,0.74,0.3764559993001877,0.009632918499092,3.383040082999969,exp4_dense,context_noise_refinement
exp4,20261396,100,100,2,0.0,0.45,0.3,dense,1.0,1.0,deterministic,20.0,0.1,0.95,False,9855.295050356131,985529.5050356132,1139730.7895072985,86.47037652300806,154201.28447168518,0.63,0.8,0.375938376753507,0.0096196733500846,3.411509541999976,exp4_dense,context_noise_refinement
exp4,20261397,100,100,2,0.0,0.45,0.3,dense,1.0,1.0,deterministic,20.0,0.1,0.95,False,2712.289402592341,271228.9402592341,994030.787608018,27.28576857381901,722801.8473487839,0.21,0.39,0.3749980198492222,0.009595611091983,3.3796233750001647,exp4_dense,context_noise_refinement
exp4,20261398,100,100,2,0.0,0.45,0.3,dense,1.0,1.0,deterministic,20.0,0.1,0.95,False,6238.852845135378,623885.2845135378,956027.0922473365,65.25811763837866,332141.80773379875,0.41,0.64,0.37634360367912795,0.009629898507443252,2.9564211669999167,exp4_dense,context_noise_refinement
exp4,20261399,100,100,2,0.0,0.45,0.3,dense,1.0,1.0,deterministic,20.0,0.1,0.95,False,7946.139063873153,794613.9063873152,1025953.0776849499,77.45129125986458,231339.1712976346,0.46,0.64,0.37688940101866053,0.009643600897959652,2.9048785840000164,exp4_dense,context_noise_refinement
exp4,20261400,100,100,2,0.0,0.45,0.3,dense,1.0,1.0,deterministic,20.0,0.1,0.95,False,7449.312616178329,744931.2616178329,962201.9475979453,77.41942982733406,217270.6859801124,0.49,0.72,0.37625695836116674,0.00962782535368557,2.9349880830000075,exp4_dense,context_noise_refinement
exp4,20261401,100,100,2,0.0,0.45,0.3,dense,1.0,1.0,deterministic,20.0,0.1,0.95,False,6380.294571865491,638029.4571865491,1019435.0636434262,62.58657171416623,381405.6064568771,0.36,0.6,0.37554077726123186,0.009608076671688798,3.06593304099988,exp4_dense,context_noise_refinement
exp4,20261402,100,100,2,0.0,0.45,0.3,dense,1.0,1.0,deterministic,20.0,0.1,0.95,False,5941.65246242811,594165.246242811,808219.3303856034,73.51534712233786,214054.0841427924,0.43,0.6,0.3753339218118777,0.009604206296299014,3.244911083000261,exp4_dense,context_noise_refinement
exp4,20261403,100,100,2,0.0,0.45,0.3,dense,1.0,1.0,deterministic,20.0,0.1,0.95,False,7487.22388152285,748722.388152285,1127450.8223962476,66.40842982055524,378728.43424396263,0.42,0.64,0.3753225712964631,0.009602735675744756,3.241690207999909,exp4_dense,context_noise_refinement
exp4,20261404,100,100,2,0.0,0.45,0.3,dense,1.0,1.0,deterministic,20.0,0.1,0.95,False,8136.697382144784,813669.7382144784,1043021.3942344399,78.01083877207506,229351.65601996158,0.5,0.69,0.37585762795432137,0.009617607114979047,3.143377375,exp4_dense,context_noise_refinement
global_ucb_tw,20262374,100,100,2,0.0,0.45,0.3,dense,1.0,1.0,deterministic,20.0,0.1,0.95,False,4175.390512658174,417539.05126581737,836919.4926469103,49.88999000910758,419380.4413810929,0.29,0.51,0.3758947379279139,0.0096185097955904,3.390269582999963,global_ucb_tw_dense,context_noise_refinement
global_ucb_tw,20262375,100,100,2,0.0,0.45,0.3,dense,1.0,1.0,deterministic,20.0,0.1,0.95,False,5753.132356991748,575313.2356991748,1100019.440536467,52.30027893130698,524706.2048372921,0.41,0.58,0.3766031746031745,0.0096366844842307,3.368613666999863,global_ucb_tw_dense,context_noise_refinement
global_ucb_tw,20262376,100,100,2,0.0,0.45,0.3,dense,1.0,1.0,deterministic,20.0,0.1,0.95,False,4079.3189822099953,407931.8982209995,980219.9002997904,41.61636568449974,572288.0020787909,0.29,0.47,0.3765467442822152,0.0096352405208361,3.3808731250001074,global_ucb_tw_dense,context_noise_refinement
global_ucb_tw,20262377,100,100,2,0.0,0.45,0.3,dense,1.0,1.0,deterministic,20.0,0.1,0.95,False,6397.440100066389,639744.010006639,1074904.266312529,59.5163709044795,435160.25630589016,0.43,0.55,0.3755833640817645,0.009610339681400144,3.2401360420003584,global_ucb_tw_dense,context_noise_refinement
global_ucb_tw,20262378,100,100,2,0.0,0.45,0.3,dense,1.0,1.0,deterministic,20.0,0.1,0.95,False,2849.508647931538,284950.86479315377,987621.4659416119,28.852234851080084,702670.6011484582,0.18,0.34,0.37568467092915986,0.009613181416012044,3.1473997089997283,global_ucb_tw_dense,context_noise_refinement
global_ucb_tw,20262379,100,100,2,0.0,0.45,0.3,dense,1.0,1.0,deterministic,20.0,0.1,0.95,False,2669.1284966887865,266912.84966887865,918608.9198846231,29.056200510485223,651696.0702157444,0.23,0.4,0.3774505121353819,0.009658366522514518,3.1590301250002994,global_ucb_tw_dense,context_noise_refinement
global_ucb_tw,20262380,100,100,2,0.0,0.45,0.3,dense,1.0,1.0,deterministic,20.0,0.1,0.95,False,5557.607011703785,555760.7011703785,1250000.8459670106,44.460826003716626,694240.1447966321,0.33,0.6,0.3752544851607978,0.009602173637005188,3.0408477920000223,global_ucb_tw_dense,context_noise_refinement
global_ucb_tw,20262381,100,100,2,0.0,0.45,0.3,dense,1.0,1.0,deterministic,20.0,0.1,0.95,False,4047.9780610699713,404797.80610699713,834829.3282229096,48.488690133668996,430031.52211591246,0.35,0.51,0.3755502229336378,0.009609302697541764,2.9542299590002585,global_ucb_tw_dense,context_noise_refinement
global_ucb_tw,20262382,100,100,2,0.0,0.45,0.3,dense,1.0,1.0,deterministic,20.0,0.1,0.95,False,6196.93266105224,619693.266105224,1101913.638404964,56.237915976994266,482220.37229974,0.36,0.55,0.37681864522696185,0.009642198039498182,2.9907808749999276,global_ucb_tw_dense,context_noise_refinement
global_ucb_tw,20262383,100,100,2,0.0,0.45,0.3,dense,1.0,1.0,deterministic,20.0,0.1,0.95,False,5776.500865549012,577650.0865549012,988400.2753622917,58.4429305569717,410750.1888073905,0.32,0.51,0.37689758882845054,0.00964231341819671,3.004279249999854,global_ucb_tw_dense,context_noise_refinement
local_ucb_tw,20262272,100,100,2,0.0,0.45,0.3,dense,1.0,1.0,deterministic,20.0,0.1,0.95,False,3813.189058173557,381318.90581735567,835701.864436392,45.62858144088526,454382.9586190363,0.32,0.54,0.3761077551929255,0.0096240074786559,3.351099916999829,local_ucb_tw_dense,context_noise_refinement
local_ucb_tw,20262273,100,100,2,0.0,0.45,0.3,dense,1.0,1.0,deterministic,20.0,0.1,0.95,False,5934.669696050899,593466.9696050899,1143201.633538916,51.91271182564204,549734.6639338261,0.32,0.61,0.3761499665998664,0.0096250876023451,3.391553541000121,local_ucb_tw_dense,context_noise_refinement
local_ucb_tw,20262274,100,100,2,0.0,0.45,0.3,dense,1.0,1.0,deterministic,20.0,0.1,0.95,False,3732.0232360790337,373202.3236079034,965870.5116795372,38.63896030524295,592668.1880716339,0.34,0.49,0.3764515061869771,0.009632803527373,3.3977830420001283,local_ucb_tw_dense,context_noise_refinement
local_ucb_tw,20262275,100,100,2,0.0,0.45,0.3,dense,1.0,1.0,deterministic,20.0,0.1,0.95,False,4211.606195534723,421160.6195534723,977548.5217441435,43.08334677873963,556387.9021906711,0.26,0.43,0.3769498202754716,0.009645554603223444,3.0446578329997465,local_ucb_tw_dense,context_noise_refinement
local_ucb_tw,20262276,100,100,2,0.0,0.45,0.3,dense,1.0,1.0,deterministic,20.0,0.1,0.95,False,4948.480882775894,494848.0882775895,909157.5959809788,54.42929701793335,414309.50770338933,0.32,0.51,0.3752100550306963,0.00960103673967066,3.0047783340000933,local_ucb_tw_dense,context_noise_refinement
local_ucb_tw,20262277,100,100,2,0.0,0.45,0.3,dense,1.0,1.0,deterministic,20.0,0.1,0.95,False,3484.659652330865,348465.9652330865,929999.6037323127,37.46947459274268,581533.6384992262,0.25,0.47,0.37664288895250814,0.009637700712132794,3.021194457999627,local_ucb_tw_dense,context_noise_refinement
local_ucb_tw,20262278,100,100,2,0.0,0.45,0.3,dense,1.0,1.0,deterministic,20.0,0.1,0.95,False,8348.323116152416,834832.3116152417,1278093.8303894657,65.31854639818177,443261.518774224,0.4,0.55,0.37554869262334195,0.009609701944466831,3.09719241699986,local_ucb_tw_dense,context_noise_refinement
local_ucb_tw,20262279,100,100,2,0.0,0.45,0.3,dense,1.0,1.0,deterministic,20.0,0.1,0.95,False,5999.802201509971,599980.2201509972,961440.3375421716,62.40431119051943,361460.1173911744,0.38,0.59,0.37641995896555014,0.009631996283462877,2.9991172089999054,local_ucb_tw_dense,context_noise_refinement
local_ucb_tw,20262280,100,100,2,0.0,0.45,0.3,dense,1.0,1.0,deterministic,20.0,0.1,0.95,False,5171.194206246054,517119.4206246054,1010648.4734903771,51.16709065405116,493529.0528657717,0.3,0.52,0.3764708567517798,0.009632108813304651,2.962945833000049,local_ucb_tw_dense,context_noise_refinement
local_ucb_tw,20262281,100,100,2,0.0,0.45,0.3,dense,1.0,1.0,deterministic,20.0,0.1,0.95,False,5736.699408369501,573669.9408369501,1002978.5931788947,57.196628595903476,429308.65234194463,0.34,0.67,0.3765436348888253,0.009635160956336796,2.9977191250000033,local_ucb_tw_dense,context_noise_refinement
oracle,20261640,100,100,2,0.0,0.45,0.3,dense,1.0,1.0,deterministic,20.0,0.1,0.95,False,7944.365311011574,794436.5311011574,956090.5992791542,83.09218098160612,161654.0681779968,0.7,0.84,0.3752230492731495,0.0096013692419517,0.0238900000001649,oracle,context_noise_refinement
oracle,20261641,100,100,2,0.0,0.45,0.3,dense,1.0,1.0,deterministic,20.0,0.1,0.95,False,11866.365808484128,1186636.5808484128,1270128.8148673363,93.42647509121788,83492.23401892371,0.85,0.91,0.3769719041257117,0.0096461196943095,0.0238910419998319,oracle,context_noise_refinement
oracle,20261642,100,100,2,0.0,0.45,0.3,dense,1.0,1.0,deterministic,20.0,0.1,0.95,False,10316.783561621238,1031678.3561621238,1161929.438036539,88.79010397614877,130251.0818744148,0.77,0.88,0.3752603778986544,0.0096023244229233,0.0239487910000661,oracle,context_noise_refinement
oracle,20261643,100,100,2,0.0,0.45,0.3,dense,1.0,1.0,deterministic,20.0,0.1,0.95,False,9455.309496949703,945530.9496949703,1153961.7709777935,81.93780534807385,208430.82128282322,0.72,0.86,0.37643882208862167,0.009632478961192877,0.024863874999937252,oracle,context_noise_refinement
oracle,20261644,100,100,2,0.0,0.45,0.3,dense,1.0,1.0,deterministic,20.0,0.1,0.95,False,9162.846882903907,916284.6882903907,1074425.4382810807,85.28136580201495,158140.74999069003,0.72,0.91,0.3762090154334643,0.00962659856937074,0.02448862499977622,oracle,context_noise_refinement
oracle,20261645,100,100,2,0.0,0.45,0.3,dense,1.0,1.0,deterministic,20.0,0.1,0.95,False,8283.859408649243,828385.9408649242,1073785.5449204852,77.14631145703,245399.604055561,0.62,0.85,0.37552561472150653,0.009609111417159725,0.024405707999903825,oracle,context_noise_refinement
oracle,20261646,100,100,2,0.0,0.45,0.3,dense,1.0,1.0,deterministic,20.0,0.1,0.95,False,11591.137523631882,1159113.7523631882,1328117.649923026,87.27493023154743,169003.8975598379,0.66,0.87,0.3763501049718484,0.009630208829339649,0.024470041999848036,oracle,context_noise_refinement
oracle,20261647,100,100,2,0.0,0.45,0.3,dense,1.0,1.0,deterministic,20.0,0.1,0.95,False,8468.843669899967,846884.3669899967,952903.7074711854,88.87407618944599,106019.34048118861,0.67,0.84,0.3761580780608837,0.009625295161908673,0.024476334000155475,oracle,context_noise_refinement
oracle,20261648,100,100,2,0.0,0.45,0.3,dense,1.0,1.0,deterministic,20.0,0.1,0.95,False,10459.542643389992,1045954.2643389993,1174767.7761363022,89.03498083502443,128813.51179730287,0.72,0.89,0.3768565146165347,0.009643167057774002,0.024246541999673354,oracle,context_noise_refinement
oracle,20261649,100,100,2,0.0,0.45,0.3,dense,1.0,1.0,deterministic,20.0,0.1,0.95,False,8887.602048975275,888760.2048975275,1093156.549786425,81.30218906625666,204396.3448888975,0.7,0.86,0.37725570187995033,0.009653381633664698,0.02464800000007017,oracle,context_noise_refinement
state_thompson,20262538,100,100,2,0.0,0.45,0.3,dense,1.0,1.0,deterministic,20.0,0.1,0.95,False,5069.81790065282,506981.790065282,854070.2643118335,59.36066518763327,347088.4742465516,0.31,0.57,0.3756174730413207,0.0096114619274713,0.0270980410000447,state_thompson,context_noise_refinement
state_thompson,20262539,100,100,2,0.0,0.45,0.3,dense,1.0,1.0,deterministic,20.0,0.1,0.95,False,3429.8009375427737,342980.0937542774,1153570.6793474196,29.732039821634757,810590.5855931423,0.17,0.31,0.376982719407068,0.0096463964403941,0.0269441669997831,state_thompson,context_noise_refinement
state_thompson,20262540,100,100,2,0.0,0.45,0.3,dense,1.0,1.0,deterministic,20.0,0.1,0.95,False,4255.695440719171,425569.5440719171,1042399.2356757245,40.825964707854574,616829.6916038074,0.16,0.39,0.3753697415556928,0.0096046704564601,0.0270917909999752,state_thompson,context_noise_refinement
state_thompson,20262541,100,100,2,0.0,0.45,0.3,dense,1.0,1.0,deterministic,20.0,0.1,0.95,False,4177.986247489836,417798.6247489836,954531.8645738013,43.770002894092045,536733.2398248177,0.3,0.52,0.3764695820211852,0.009633266059615992,0.028071833000012703,state_thompson,context_noise_refinement
state_thompson,20262542,100,100,2,0.0,0.45,0.3,dense,1.0,1.0,deterministic,20.0,0.1,0.95,False,2823.013901416001,282301.3901416001,914934.7440481165,30.854811447269057,632633.3539065165,0.18,0.43,0.3764510210897986,0.009632791114497186,0.0275867919999655,state_thompson,context_noise_refinement
state_thompson,20262543,100,100,2,0.0,0.45,0.3,dense,1.0,1.0,deterministic,20.0,0.1,0.95,False,2830.5402433185386,283054.02433185384,923318.1019660382,30.656176211550676,640264.0776341844,0.21,0.43,0.3773462560040716,0.009655698771654366,0.0276728329999969,state_thompson,context_noise_refinement
state_thompson,20262544,100,100,2,0.0,0.45,0.3,dense,1.0,1.0,deterministic,20.0,0.1,0.95,False,6773.123886019835,677312.3886019834,1400985.9077132023,48.34541053361095,723673.5191112189,0.29,0.51,0.3756676795148739,0.009612746632373832,0.02794324999968012,state_thompson,context_noise_refinement
state_thompson,20262545,100,100,2,0.0,0.45,0.3,dense,1.0,1.0,deterministic,20.0,0.1,0.95,False,3410.0856357834577,341008.56357834575,858683.16831065,39.71296703640258,517674.6047323043,0.22,0.41,0.3765450186086459,0.009635196363556451,0.02861966599994048,state_thompson,context_noise_refinement
state_thompson,20262546,100,100,2,0.0,0.45,0.3,dense,1.0,1.0,deterministic,20.0,0.1,0.95,False,4681.819376478846,468181.93764788454,1139729.3332569527,41.0783441284241,671547.3956090682,0.16,0.42,0.3768118538664631,0.009642024259236201,0.0306226659999993,state_thompson,context_noise_refinement
state_thompson,20262547,100,100,2,0.0,0.45,0.3,dense,1.0,1.0,deterministic,20.0,0.1,0.95,False,4962.676409741659,496267.64097416593,1001096.1705092767,49.57242426786081,504828.52953511075,0.23,0.47,0.37551576168209433,0.009608859293337019,0.028008457999931125,state_thompson,context_noise_refinement
tm_tw,20261565,100,100,2,0.0,0.45,0.3,dense,1.0,1.0,deterministic,20.0,0.1,0.95,False,2278.2194139478297,227821.94139478297,927340.25295743,24.56724386418296,699518.3115626471,0.14,0.33,0.3752922909310685,0.0096031410273628,3.372371540999893,tm_tw_dense,context_noise_refinement
tm_tw,20261566,100,100,2,0.0,0.45,0.3,dense,1.0,1.0,deterministic,20.0,0.1,0.95,False,6870.377867589469,687037.786758947,1143937.550838349,60.05902911880485,456899.764079402,0.37,0.6,0.3765358653815567,0.0096349621468333,3.3771456250001397,tm_tw_dense,context_noise_refinement
tm_tw,20261567,100,100,2,0.0,0.45,0.3,dense,1.0,1.0,deterministic,20.0,0.1,0.95,False,4548.7314724675725,454873.1472467573,1162797.7022045804,39.11885501530926,707924.5549578231,0.22,0.48,0.375641290517543,0.0096120713793269,3.3766105419999803,tm_tw_dense,context_noise_refinement
tm_tw,20261568,100,100,2,0.0,0.45,0.3,dense,1.0,1.0,deterministic,20.0,0.1,0.95,False,6462.232667365683,646223.2667365683,1091065.0899221115,59.22866313894257,444841.8231855432,0.41,0.63,0.375487602188504,0.009608138736068077,3.105421917000058,tm_tw_dense,context_noise_refinement
tm_tw,20261569,100,100,2,0.0,0.45,0.3,dense,1.0,1.0,deterministic,20.0,0.1,0.95,False,2526.1594596013965,252615.94596013965,944478.8491155693,26.746596410993725,691862.9031554296,0.14,0.35,0.37552604415179563,0.009609122405607204,3.0087204999999813,tm_tw_dense,context_noise_refinement
tm_tw,20261570,100,100,2,0.0,0.45,0.3,dense,1.0,1.0,deterministic,20.0,0.1,0.95,False,4391.2117518528985,439121.1751852899,971220.7157274643,45.21332464128703,532099.5405421744,0.33,0.53,0.3748045615039603,0.009590660796393837,3.2354672079995908,tm_tw_dense,context_noise_refinement
tm_tw,20261571,100,100,2,0.0,0.45,0.3,dense,1.0,1.0,deterministic,20.0,0.1,0.95,False,1802.0597640330352,180205.97640330353,1214638.27458836,14.83618458049786,1034432.2981850564,0.07,0.29,0.37500025447720836,0.009595668272607922,2.9414706249999654,tm_tw_dense,context_noise_refinement
tm_tw,20261572,100,100,2,0.0,0.45,0.3,dense,1.0,1.0,deterministic,20.0,0.1,0.95,False,3736.005225070292,373600.5225070292,987998.3597198969,37.813880846213856,614397.8372128678,0.21,0.42,0.37696755525682585,0.00964566794702429,3.3216386670001157,tm_tw_dense,context_noise_refinement
tm_tw,20261573,100,100,2,0.0,0.45,0.3,dense,1.0,1.0,deterministic,20.0,0.1,0.95,False,6387.160072993085,638716.0072993085,1205456.9564294124,52.98538482794095,566740.9491301038,0.33,0.52,0.376967283773897,0.00964600146675425,3.4289598329996807,tm_tw_dense,context_noise_refinement
tm_tw,20261574,100,100,2,0.0,0.45,0.3,dense,1.0,1.0,deterministic,20.0,0.1,0.95,False,6121.997504722722,612199.7504722722,1064364.0570275735,57.51789027731256,452164.3065553013,0.39,0.67,0.37664537010529,0.009637764200940452,2.966018707999865,tm_tw_dense,context_noise_refinement
tm_tw,20262389,100,100,2,0.0,0.45,0.3,gated_offline,1.0,1.0,deterministic,20.0,0.1,0.95,False,4383.153668916397,438315.36689163966,847470.0387651746,51.720455808714725,409154.6718735349,0.29,0.52,0.3198040157412547,0.0081832831062451,3.200012958000116,tm_tw_gated_offline,context_noise_refinement
tm_tw,20262390,100,100,2,0.0,0.45,0.3,gated_offline,1.0,1.0,deterministic,20.0,0.1,0.95,False,5498.777881041169,549877.7881041169,1180485.9723967966,46.58062873781329,630608.1842926797,0.2,0.44,0.3192841802626789,0.0081699813317817,3.166019083000037,tm_tw_gated_offline,context_noise_refinement
tm_tw,20262391,100,100,2,0.0,0.45,0.3,gated_offline,1.0,1.0,deterministic,20.0,0.1,0.95,False,3710.5910460145783,371059.1046014579,1060492.5893497746,34.98931612798608,689433.4847483167,0.18,0.37,0.3188916675869799,0.0081599375481207,3.1774811249999857,tm_tw_gated_offline,context_noise_refinement
tm_tw,20262392,100,100,2,0.0,0.45,0.3,gated_offline,1.0,1.0,deterministic,20.0,0.1,0.95,False,3883.2657832817854,388326.57832817856,859949.1569268173,45.15692296460099,471622.5785986387,0.37,0.55,0.3195392654897793,0.008176508562607038,2.815129665999848,tm_tw_gated_offline,context_noise_refinement
tm_tw,20262393,100,100,2,0.0,0.45,0.3,gated_offline,1.0,1.0,deterministic,20.0,0.1,0.95,False,4423.901627058496,442390.1627058496,869072.7761917014,50.903695849778465,426682.6134858518,0.35,0.52,0.3190174954511025,0.008163157285785351,2.7921796250002444,tm_tw_gated_offline,context_noise_refinement
tm_tw,20262394,100,100,2,0.0,0.45,0.3,gated_offline,1.0,1.0,deterministic,20.0,0.1,0.95,False,5388.163985057983,538816.3985057983,1005373.8839669231,53.59363388073898,466557.4854611248,0.31,0.46,0.31981658328939716,0.008182817685912934,2.7725558749998527,tm_tw_gated_offline,context_noise_refinement
tm_tw,20262395,100,100,2,0.0,0.45,0.3,gated_offline,1.0,1.0,deterministic,20.0,0.1,0.95,False,5944.090444630655,594409.0444630655,1250043.8206081507,47.551056584071056,655634.7761450852,0.31,0.56,0.3187082816551366,0.008154479478121047,2.8470072079999227,tm_tw_gated_offline,context_noise_refinement
tm_tw,20262396,100,100,2,0.0,0.45,0.3,gated_offline,1.0,1.0,deterministic,20.0,0.1,0.95,False,2198.9116286804715,219891.16286804716,914484.2810692376,24.045373706253866,694593.1182011905,0.12,0.29,0.31989085417594626,0.00818550516557085,2.781152084000041,tm_tw_gated_offline,context_noise_refinement
tm_tw,20262397,100,100,2,0.0,0.45,0.3,gated_offline,1.0,1.0,deterministic,20.0,0.1,0.95,False,6953.20947050221,695320.947050221,1121650.9663129854,61.99084812772306,426330.01926276437,0.4,0.59,0.32036939777421686,0.008197750345589158,2.775898082999902,tm_tw_gated_offline,context_noise_refinement
tm_tw,20262398,100,100,2,0.0,0.45,0.3,gated_offline,1.0,1.0,deterministic,20.0,0.1,0.95,False,5352.268411862097,535226.8411862097,1024660.867401553,52.23453517293936,489434.02621534327,0.35,0.53,0.31934436754114726,0.008171521429825777,2.784802249999757,tm_tw_gated_offline,context_noise_refinement
tm_tw,20263345,100,100,2,0.0,0.45,0.3,gated_offline_low_rank,1.0,1.0,deterministic,20.0,0.1,0.95,False,4475.727294588727,447572.7294588728,863911.4229132725,51.80771055782235,416338.69345439976,0.28,0.52,0.3203752003381898,0.0081978988240991,9.944314916999929,tm_tw_gated_offline_low_rank,context_noise_refinement
tm_tw,20263346,100,100,2,0.0,0.45,0.3,gated_offline_low_rank,1.0,1.0,deterministic,20.0,0.1,0.95,False,3895.5966328558734,389559.6632855873,1074484.8150495798,36.255483356236354,684925.1517639925,0.18,0.37,0.3195539534706242,0.0081768844049967,9.941237083000033,tm_tw_gated_offline_low_rank,context_noise_refinement
tm_tw,20263347,100,100,2,0.0,0.45,0.3,gated_offline_low_rank,1.0,1.0,deterministic,20.0,0.1,0.95,False,4731.930167284868,473193.0167284868,1068119.9182154075,44.30148793771094,594926.9014869208,0.31,0.52,0.3197967191675904,0.0081830963983707,9.989528749999865,tm_tw_gated_offline_low_rank,context_noise_refinement
tm_tw,20263348,100,100,2,0.0,0.45,0.3,gated_offline_low_rank,1.0,1.0,deterministic,20.0,0.1,0.95,False,3303.8527820152267,330385.27820152265,842197.9944521541,39.22893195874169,511812.7162506315,0.2,0.43,0.3204211409389277,0.008199074372007842,9.643880083000113,tm_tw_gated_offline_low_rank,context_noise_refinement
tm_tw,20263349,100,100,2,0.0,0.45,0.3,gated_offline_low_rank,1.0,1.0,deterministic,20.0,0.1,0.95,False,5521.2340228621315,552123.4022862131,948766.9121458807,58.193787664606035,396643.5098596676,0.39,0.59,0.3195746534018831,0.00817741408376697,9.498402041999725,tm_tw_gated_offline_low_rank,context_noise_refinement
tm_tw,20263350,100,100,2,0.0,0.45,0.3,gated_offline_low_rank,1.0,1.0,deterministic,20.0,0.1,0.95,False,4465.268286643971,446526.82866439706,851886.848448464,52.41621342994713,405360.0197840669,0.27,0.52,0.3191998409384118,0.008167823220771628,9.575660291000077,tm_tw_gated_offline_low_rank,context_noise_refinement
tm_tw,20263351,100,100,2,0.0,0.45,0.3,gated_offline_low_rank,1.0,1.0,deterministic,20.0,0.1,0.95,False,6132.448361909918,613244.8361909918,1200162.0024349918,51.09683817241239,586917.166244,0.24,0.54,0.3206433653748121,0.008204760746732537,9.73417204200041,tm_tw_gated_offline_low_rank,context_noise_refinement
tm_tw,20263352,100,100,2,0.0,0.45,0.3,gated_offline_low_rank,1.0,1.0,deterministic,20.0,0.1,0.95,False,4446.385827400694,444638.5827400694,877596.9651739679,50.665464944027896,432958.38243389846,0.26,0.51,0.3200014513983618,0.008188335175005513,9.733390749999671,tm_tw_gated_offline_low_rank,context_noise_refinement
tm_tw,20263353,100,100,2,0.0,0.45,0.3,gated_offline_low_rank,1.0,1.0,deterministic,20.0,0.1,0.95,False,4794.630542763123,479463.05427631235,1081936.9580330509,44.31524875053448,602473.9037567385,0.25,0.47,0.3196478232705786,0.008179286385929886,9.650057916999685,tm_tw_gated_offline_low_rank,context_noise_refinement
tm_tw,20263354,100,100,2,0.0,0.45,0.3,gated_offline_low_rank,1.0,1.0,deterministic,20.0,0.1,0.95,False,4488.3202795193265,448832.0279519327,1030117.6770808633,43.570947080903245,581285.6491289306,0.37,0.54,0.31931539057395786,0.008169165185072639,10.032646166999712,tm_tw_gated_offline_low_rank,context_noise_refinement
tm_tw_refined,20262393,100,100,2,0.0,0.45,0.3,dense,1.0,1.0,deterministic,20.0,0.1,0.95,False,5511.040147673592,551104.0147673591,816937.4748838211,67.45975447456773,265833.460116462,0.4,0.66,0.3769384085631581,0.0096452625954061,3.403299833999881,tm_tw_refined_dense,context_noise_refinement
tm_tw_refined,20262394,100,100,2,0.0,0.45,0.3,dense,1.0,1.0,deterministic,20.0,0.1,0.95,False,7503.999300692438,750399.9300692438,1193795.0403366885,62.8583554726117,443395.1102674445,0.42,0.64,0.374435402551134,0.0095812145978675,3.4169812499999352,tm_tw_refined_dense,context_noise_refinement
tm_tw_refined,20262395,100,100,2,0.0,0.45,0.3,dense,1.0,1.0,deterministic,20.0,0.1,0.95,False,4430.519446147151,443051.9446147151,961888.4017390388,46.06063903189836,518836.4571243238,0.26,0.57,0.3770824665203423,0.0096489488125558,3.376366624999946,tm_tw_refined_dense,context_noise_refinement
tm_tw_refined,20262396,100,100,2,0.0,0.45,0.3,dense,1.0,1.0,deterministic,20.0,0.1,0.95,False,6650.416793292755,665041.6793292755,1119010.6477613905,59.43121994948917,453968.96843211504,0.37,0.65,0.37523417469860354,0.009601653924137392,2.9473332080001455,tm_tw_refined_dense,context_noise_refinement
tm_tw_refined,20262397,100,100,2,0.0,0.45,0.3,dense,1.0,1.0,deterministic,20.0,0.1,0.95,False,5421.691166206279,542169.1166206279,941421.7682263047,57.590458912173574,399252.65160567674,0.4,0.64,0.3757641950567802,0.009615216313693319,2.9219343329996263,tm_tw_refined_dense,context_noise_refinement
tm_tw_refined,20262398,100,100,2,0.0,0.45,0.3,dense,1.0,1.0,deterministic,20.0,0.1,0.95,False,5616.406097879753,561640.6097879753,973794.844914721,57.67545522765223,412154.23512674565,0.38,0.65,0.37638273372141107,0.009631043747858276,3.3062344579998353,tm_tw_refined_dense,context_noise_refinement
tm_tw_refined,20262399,100,100,2,0.0,0.45,0.3,dense,1.0,1.0,deterministic,20.0,0.1,0.95,False,8871.233028014796,887123.3028014796,1227475.864746144,72.27215852304735,340352.56194466446,0.38,0.65,0.3754975602662706,0.009608286266149969,3.5190068750002865,tm_tw_refined_dense,context_noise_refinement
tm_tw_refined,20262400,100,100,2,0.0,0.45,0.3,dense,1.0,1.0,deterministic,20.0,0.1,0.95,False,8227.480559044954,822748.0559044954,1044401.3136754021,78.777003162618,221653.25777090667,0.5,0.73,0.3754196488214524,0.009606399915999427,3.130490000000009,tm_tw_refined_dense,context_noise_refinement
tm_tw_refined,20262401,100,100,2,0.0,0.45,0.3,dense,1.0,1.0,deterministic,20.0,0.1,0.95,False,7339.831945241532,733983.1945241531,1078001.3572941944,68.08740912594638,344018.16277004126,0.35,0.59,0.37690883674630005,0.009644350350775667,2.9450781249997817,tm_tw_refined_dense,context_noise_refinement
tm_tw_refined,20262402,100,100,2,0.0,0.45,0.3,dense,1.0,1.0,deterministic,20.0,0.1,0.95,False,8369.399111178242,836939.9111178241,1101692.8496094632,75.96853437094643,264752.9384916391,0.56,0.79,0.3761538871393581,0.009625187922800869,3.016181583999696,tm_tw_refined_dense,context_noise_refinement
tm_tw_refined,20263217,100,100,2,0.0,0.45,0.3,gated_offline,1.0,1.0,deterministic,20.0,0.1,0.95,False,6665.055343909811,666505.5343909811,889165.7125316962,74.95852853943938,222660.1781407151,0.47,0.69,0.3202111493403278,0.0081935471187762,3.164524125000071,tm_tw_refined_gated_offline,context_noise_refinement
tm_tw_refined,20263218,100,100,2,0.0,0.45,0.3,gated_offline,1.0,1.0,deterministic,20.0,0.1,0.95,False,9310.38957129226,931038.957129226,1232314.0855958136,75.55208270455469,301275.1284665875,0.45,0.64,0.320283488180239,0.0081953500712601,3.154174709000017,tm_tw_refined_gated_offline,context_noise_refinement
tm_tw_refined,20263219,100,100,2,0.0,0.45,0.3,gated_offline,1.0,1.0,deterministic,20.0,0.1,0.95,False,3910.0998979863575,391009.98979863577,992634.0049781664,39.39115402431093,601624.0151795307,0.23,0.49,0.3201426158902109,0.008191947352916,3.158191624999972,tm_tw_refined_gated_offline,context_noise_refinement
tm_tw_refined,20263220,100,100,2,0.0,0.45,0.3,gated_offline,1.0,1.0,deterministic,20.0,0.1,0.95,False,6892.52754946295,689252.754946295,1074612.3330665303,64.13966541584655,385359.57812023524,0.44,0.64,0.32028496270191525,0.008195589784536984,2.895982458999697,tm_tw_refined_gated_offline,context_noise_refinement
tm_tw_refined,20263221,100,100,2,0.0,0.45,0.3,gated_offline,1.0,1.0,deterministic,20.0,0.1,0.95,False,5318.104352920179,531810.4352920179,897028.8104603781,59.2857697646388,365218.3751683602,0.4,0.61,0.3189822248372952,0.008162254766104831,2.798946375000014,tm_tw_refined_gated_offline,context_noise_refinement
tm_tw_refined,20263222,100,100,2,0.0,0.45,0.3,gated_offline,1.0,1.0,deterministic,20.0,0.1,0.95,False,5867.988090522686,586798.8090522686,959305.6999118591,61.16911523679924,372506.8908595905,0.43,0.65,0.3202007867545613,0.008193435854085744,3.1963921669998854,tm_tw_refined_gated_offline,context_noise_refinement
tm_tw_refined,20263223,100,100,2,0.0,0.45,0.3,gated_offline,1.0,1.0,deterministic,20.0,0.1,0.95,False,5697.355433873526,569735.5433873526,994509.6421985241,57.28808643100334,424774.0988111715,0.36,0.61,0.3193251840170889,0.00817103055353712,3.2924377919998733,tm_tw_refined_gated_offline,context_noise_refinement
tm_tw_refined,20263224,100,100,2,0.0,0.45,0.3,gated_offline,1.0,1.0,deterministic,20.0,0.1,0.95,False,7047.873378710198,704787.3378710198,972606.2261048267,72.46379047907293,267818.8882338068,0.58,0.75,0.32034450618208365,0.008197113408792357,3.113558833999832,tm_tw_refined_gated_offline,context_noise_refinement
tm_tw_refined,20263225,100,100,2,0.0,0.45,0.3,gated_offline,1.0,1.0,deterministic,20.0,0.1,0.95,False,7094.285140322003,709428.5140322003,1086634.8541774885,65.28674386845351,377206.34014528815,0.38,0.61,0.31963445423740805,0.008178944293342217,2.80797204099963,tm_tw_refined_gated_offline,context_noise_refinement
tm_tw_refined,20263226,100,100,2,0.0,0.45,0.3,gated_offline,1.0,1.0,deterministic,20.0,0.1,0.95,False,6922.838529607792,692283.8529607792,996971.9647007344,69.43864797327427,304688.11173995514,0.5,0.69,0.3192672239721483,0.008169547446905389,2.5742389170000024,tm_tw_refined_gated_offline,context_noise_refinement
tm_tw_refined,20263217,100,100,2,0.0,0.45,0.3,gated_offline,0.5,0.25,beta,20.0,0.1,0.95,False,6426.645927693545,642664.5927693545,877401.321135518,73.2463671171168,234736.7283661636,0.49,0.7,0.3187918889244257,0.0081573843686625,3.1609249999999065,tm_tw_refined_gated_offline_best_beta,context_noise_refinement
tm_tw_refined,20263218,100,100,2,0.0,0.45,0.3,gated_offline,0.5,0.25,beta,20.0,0.1,0.95,False,9949.766291094127,994976.6291094128,1274727.771734787,78.05404817966281,279751.142625374,0.5,0.71,0.3194809926101991,0.0081750174510276,3.126663500000177,tm_tw_refined_gated_offline_best_beta,context_noise_refinement
tm_tw_refined,20263219,100,100,2,0.0,0.45,0.3,gated_offline,0.5,0.25,beta,20.0,0.1,0.95,False,4994.432032592338,499443.20325923385,937907.5259421768,53.25079386238181,438464.3226829431,0.31,0.56,0.319623077931683,0.008178653191524,3.0921648749999804,tm_tw_refined_gated_offline_best_beta,context_noise_refinement
tm_tw_refined,20263220,100,100,2,0.0,0.45,0.3,gated_offline,0.5,0.25,beta,20.0,0.1,0.95,False,7572.3113886255505,757231.138862555,1089930.5971023645,69.47517033430314,332699.4582398095,0.48,0.7,0.3199308667128426,0.00818652902362486,2.66325979200019,tm_tw_refined_gated_offline_best_beta,context_noise_refinement
tm_tw_refined,20263221,100,100,2,0.0,0.45,0.3,gated_offline,0.5,0.25,beta,20.0,0.1,0.95,False,4945.919589372502,494591.9589372502,946210.8974456761,52.270795049223764,451618.93850842596,0.31,0.58,0.3205670885280921,0.008202808941875698,2.885719125000378,tm_tw_refined_gated_offline_best_beta,context_noise_refinement
tm_tw_refined,20263222,100,100,2,0.0,0.45,0.3,gated_offline,0.5,0.25,beta,20.0,0.1,0.95,False,6241.802826475272,624180.2826475272,1013647.3737283112,61.57765499374014,389467.091080784,0.39,0.64,0.3206878548805387,0.008205899163396176,2.922210499999892,tm_tw_refined_gated_offline_best_beta,context_noise_refinement
tm_tw_refined,20263223,100,100,2,0.0,0.45,0.3,gated_offline,0.5,0.25,beta,20.0,0.1,0.95,False,8323.07682134369,832307.6821343689,1273970.4852706664,65.33178686298511,441662.8031362975,0.4,0.61,0.31989210935683937,0.008185537283680981,2.828974666999784,tm_tw_refined_gated_offline_best_beta,context_noise_refinement
tm_tw_refined,20263224,100,100,2,0.0,0.45,0.3,gated_offline,0.5,0.25,beta,20.0,0.1,0.95,False,5336.994024547021,533699.4024547021,857931.0396976501,62.20772739995362,324231.63724294805,0.45,0.68,0.3196185854774678,0.008178538236667681,3.155631249999715,tm_tw_refined_gated_offline_best_beta,context_noise_refinement
tm_tw_refined,20263225,100,100,2,0.0,0.45,0.3,gated_offline,0.5,0.25,beta,20.0,0.1,0.95,False,7962.333162581643,796233.3162581642,1293941.2110283922,61.535509455281804,497707.89477022795,0.39,0.6,0.3197840496588727,0.008182772205516513,2.9666532920000463,tm_tw_refined_gated_offline_best_beta,context_noise_refinement
tm_tw_refined,20263226,100,100,2,0.0,0.45,0.3,gated_offline,0.5,0.25,beta,20.0,0.1,0.95,False,8569.002511503617,856900.2511503617,1080541.9845766923,79.30281871333825,223641.7334263306,0.55,0.73,0.31999958856780686,0.008188287508093719,2.8935983330002273,tm_tw_refined_gated_offline_best_beta,context_noise_refinement
tm_tw_refined,20264173,100,100,2,0.0,0.45,0.3,gated_offline_low_rank,1.0,1.0,deterministic,20.0,0.1,0.95,False,6975.835247467567,697583.5247467567,909025.981498624,76.73966849624227,211442.45675186743,0.47,0.65,0.3205027750516853,0.0082011632608989,9.90336354200008,tm_tw_refined_gated_offline_low_rank,context_noise_refinement
tm_tw_refined,20264174,100,100,2,0.0,0.45,0.3,gated_offline_low_rank,1.0,1.0,deterministic,20.0,0.1,0.95,False,8300.514210044754,830051.4210044754,1162881.530220674,71.37884637715081,332830.1092161987,0.57,0.67,0.3201848447133429,0.0081930279222582,9.978003124999988,tm_tw_refined_gated_offline_low_rank,context_noise_refinement
tm_tw_refined,20264175,100,100,2,0.0,0.45,0.3,gated_offline_low_rank,1.0,1.0,deterministic,20.0,0.1,0.95,False,3823.324295528061,382332.4295528061,895471.6655081871,42.69620628764725,513139.235955381,0.27,0.5,0.3187365310282389,0.0081559678469356,9.971828459000108,tm_tw_refined_gated_offline_low_rank,context_noise_refinement
tm_tw_refined,20264176,100,100,2,0.0,0.45,0.3,gated_offline_low_rank,1.0,1.0,deterministic,20.0,0.1,0.95,False,6546.736990441801,654673.6990441801,980068.0258934303,66.79880189412151,325394.32684925024,0.44,0.63,0.3203841445805684,0.008198127693231302,10.141106875000332,tm_tw_refined_gated_offline_low_rank,context_noise_refinement
tm_tw_refined,20264177,100,100,2,0.0,0.45,0.3,gated_offline_low_rank,1.0,1.0,deterministic,20.0,0.1,0.95,False,5132.719841142554,513271.9841142554,950115.0826220461,54.02208569279538,436843.0985077907,0.38,0.68,0.3194078163187715,0.008173144984517048,10.221455833000164,tm_tw_refined_gated_offline_low_rank,context_noise_refinement
tm_tw_refined,20264178,100,100,2,0.0,0.45,0.3,gated_offline_low_rank,1.0,1.0,deterministic,20.0,0.1,0.95,False,5913.750751709857,591375.0751709857,1000806.3076558107,59.08986290825484,409431.2324848251,0.42,0.59,0.3195059010405155,0.008175650274291,10.004318582999986,tm_tw_refined_gated_offline_low_rank,context_noise_refinement
tm_tw_refined,20264179,100,100,2,0.0,0.45,0.3,gated_offline_low_rank,1.0,1.0,deterministic,20.0,0.1,0.95,False,7916.538265668068,791653.8265668068,1136195.4583839832,69.67584852810273,344541.6318171765,0.45,0.68,0.3200443073430694,0.008189384004871115,9.776184999999714,tm_tw_refined_gated_offline_low_rank,context_noise_refinement
tm_tw_refined,20264180,100,100,2,0.0,0.45,0.3,gated_offline_low_rank,1.0,1.0,deterministic,20.0,0.1,0.95,False,7055.992505218972,705599.2505218972,966461.2226435556,73.0085422974215,260861.9721216584,0.46,0.69,0.3188748377704388,0.008159506899515355,9.564480125000046,tm_tw_refined_gated_offline_low_rank,context_noise_refinement
tm_tw_refined,20264181,100,100,2,0.0,0.45,0.3,gated_offline_low_rank,1.0,1.0,deterministic,20.0,0.1,0.95,False,6183.383197055643,618338.3197055643,1031766.3045019015,59.93007496053819,413427.9847963372,0.36,0.61,0.3197864375508181,0.008182833307925656,9.513359958000365,tm_tw_refined_gated_offline_low_rank,context_noise_refinement
tm_tw_refined,20264182,100,100,2,0.0,0.45,0.3,gated_offline_low_rank,1.0,1.0,deterministic,20.0,0.1,0.95,False,8417.854402964022,841785.4402964021,1086329.3343628633,77.48897260425291,244543.89406646125,0.46,0.69,0.318874959608599,0.008159510017162756,9.396574499999588,tm_tw_refined_gated_offline_low_rank,context_noise_refinement
tm_tw_refined,20264173,100,100,2,0.0,0.45,0.3,gated_offline_low_rank,0.5,0.5,beta,20.0,0.1,0.95,False,4826.9001429437385,482690.01429437386,854645.4510696837,56.478392728848405,371955.4367753098,0.32,0.54,0.3198799805478567,0.0081852269264848,11.240808374999917,tm_tw_refined_gated_offline_low_rank_best_beta,context_noise_refinement
tm_tw_refined,20264174,100,100,2,0.0,0.45,0.3,gated_offline_low_rank,0.5,0.5,beta,20.0,0.1,0.95,False,8731.572716216404,873157.2716216403,1175714.298749524,74.26610976410853,302557.02712788363,0.49,0.69,0.3199085808891965,0.0081859587643561,10.760581084000025,tm_tw_refined_gated_offline_low_rank_best_beta,context_noise_refinement
tm_tw_refined,20264175,100,100,2,0.0,0.45,0.3,gated_offline_low_rank,0.5,0.5,beta,20.0,0.1,0.95,False,5260.148576266784,526014.8576266783,1044170.5026218204,50.37633761017968,518155.644995142,0.33,0.56,0.3194062618073394,0.0081731052070079,10.615135250000094,tm_tw_refined_gated_offline_low_rank_best_beta,context_noise_refinement
tm_tw_refined,20264176,100,100,2,0.0,0.45,0.3,gated_offline_low_rank,0.5,0.5,beta,20.0,0.1,0.95,False,6014.188122759489,601418.8122759488,1023534.305479545,58.75902830576576,422115.4932035962,0.35,0.58,0.32050908472225187,0.00820132471547119,9.494125499999882,tm_tw_refined_gated_offline_low_rank_best_beta,context_noise_refinement
tm_tw_refined,20264177,100,100,2,0.0,0.45,0.3,gated_offline_low_rank,0.5,0.5,beta,20.0,0.1,0.95,False,5436.523417215687,543652.3417215687,941624.0433953038,57.73560536552036,397971.70167373505,0.35,0.59,0.31986719780941597,0.008184899836259604,10.420906667000054,tm_tw_refined_gated_offline_low_rank_best_beta,context_noise_refinement
tm_tw_refined,20264178,100,100,2,0.0,0.45,0.3,gated_offline_low_rank,0.5,0.5,beta,20.0,0.1,0.95,False,4910.657453861923,491065.74538619234,987385.8045063391,49.73392802945038,496320.0591201468,0.31,0.65,0.31925443457208935,0.008169220186219813,10.087054208000154,tm_tw_refined_gated_offline_low_rank_best_beta,context_noise_refinement
tm_tw_refined,20264179,100,100,2,0.0,0.45,0.3,gated_offline_low_rank,0.5,0.5,beta,20.0,0.1,0.95,False,7272.836783814818,727283.6783814818,1047639.528677574,69.42117574539455,320355.8502960922,0.33,0.57,0.3188453562879169,0.008158752514623379,10.040652125000179,tm_tw_refined_gated_offline_low_rank_best_beta,context_noise_refinement
tm_tw_refined,20264180,100,100,2,0.0,0.45,0.3,gated_offline_low_rank,0.5,0.5,beta,20.0,0.1,0.95,False,8802.049285847103,880204.9285847102,1018184.3248562637,86.44848551454257,137979.39627155347,0.53,0.74,0.3201345378071717,0.008191740647442628,9.484535375000178,tm_tw_refined_gated_offline_low_rank_best_beta,context_noise_refinement
tm_tw_refined,20264181,100,100,2,0.0,0.45,0.3,gated_offline_low_rank,0.5,0.5,beta,20.0,0.1,0.95,False,9138.44566093538,913844.5660935381,1211381.986354095,75.43818352821496,297537.42026055686,0.47,0.73,0.3196829011901711,0.008180183974867718,9.953461417000199,tm_tw_refined_gated_offline_low_rank_best_beta,context_noise_refinement
tm_tw_refined,20264182,100,100,2,0.0,0.45,0.3,gated_offline_low_rank,0.5,0.5,beta,20.0,0.1,0.95,False,6616.185346467764,661618.5346467764,909911.8922430518,72.71237361408699,248293.3575962754,0.49,0.73,0.320524732538581,0.00820169259805064,9.720071917000041,tm_tw_refined_gated_offline_low_rank_best_beta,context_noise_refinement
tm_tw_refined,20265065,100,100,2,0.0,0.45,0.3,support_gated_offline_low_rank,1.0,0.25,beta,20.0,0.1,0.95,True,7405.8907748605425,740589.0774860543,943751.3011794426,78.47290663975896,203162.22369338828,0.52,0.68,0.0766025647770261,0.0007075076763072,10.36535066700003,tm_tw_refined_support_gated_offline_low_rank_best_beta,context_noise_refinement
tm_tw_refined,20265066,100,100,2,0.0,0.45,0.3,support_gated_offline_low_rank,1.0,0.25,beta,20.0,0.1,0.95,True,7360.705935447826,736070.5935447826,1124883.1146704112,65.43529580497348,388812.5211256286,0.4,0.64,0.0769312945434461,0.0007234205734775,10.81926016700004,tm_tw_refined_support_gated_offline_low_rank_best_beta,context_noise_refinement
tm_tw_refined,20265067,100,100,2,0.0,0.45,0.3,support_gated_offline_low_rank,1.0,0.25,beta,20.0,0.1,0.95,True,5022.769232130822,502276.9232130823,1049155.8786352598,47.87438486895229,546878.9554221776,0.28,0.54,0.0747351809972058,0.0007059746143969,10.35892725000008,tm_tw_refined_support_gated_offline_low_rank_best_beta,context_noise_refinement
tm_tw_refined,20265068,100,100,2,0.0,0.45,0.3,support_gated_offline_low_rank,1.0,0.25,beta,20.0,0.1,0.95,True,6245.798415604616,624579.8415604616,1034330.2331015415,60.384954589173816,409750.39154107997,0.32,0.69,0.07473952243424435,0.0007614853958232729,9.654195332999734,tm_tw_refined_support_gated_offline_low_rank_best_beta,context_noise_refinement
tm_tw_refined,20265069,100,100,2,0.0,0.45,0.3,support_gated_offline_low_rank,1.0,0.25,beta,20.0,0.1,0.95,True,4418.710124027893,441871.01240278926,836149.6949318914,52.84592161918829,394278.68252910214,0.35,0.54,0.07502378139183596,0.0006916198646901249,9.666690833000303,tm_tw_refined_support_gated_offline_low_rank_best_beta,context_noise_refinement
tm_tw_refined,20265070,100,100,2,0.0,0.45,0.3,support_gated_offline_low_rank,1.0,0.25,beta,20.0,0.1,0.95,True,6919.371725524464,691937.1725524464,1038771.0295286326,66.61113497422329,346833.8569761863,0.39,0.62,0.07299317181515338,0.0006865203365750671,9.525198707999607,tm_tw_refined_support_gated_offline_low_rank_best_beta,context_noise_refinement
tm_tw_refined,20265071,100,100,2,0.0,0.45,0.3,support_gated_offline_low_rank,1.0,0.25,beta,20.0,0.1,0.95,True,6402.402479335786,640240.2479335786,1069466.9807495147,59.865359048755195,429226.7328159361,0.37,0.58,0.07517630608088284,0.0007773655152413229,10.082126250000329,tm_tw_refined_support_gated_offline_low_rank_best_beta,context_noise_refinement
tm_tw_refined,20265072,100,100,2,0.0,0.45,0.3,support_gated_offline_low_rank,1.0,0.25,beta,20.0,0.1,0.95,True,6373.630754683892,637363.0754683892,847483.8206545433,75.20651839419541,210120.74518615415,0.47,0.7,0.07497756119215701,0.0006808421704477281,9.523310250000122,tm_tw_refined_support_gated_offline_low_rank_best_beta,context_noise_refinement
tm_tw_refined,20265073,100,100,2,0.0,0.45,0.3,support_gated_offline_low_rank,1.0,0.25,beta,20.0,0.1,0.95,True,8337.261634210885,833726.1634210885,1191410.5449984209,69.9780748895582,357684.3815773324,0.44,0.64,0.07511053790810238,0.0007321080401535841,9.5830836250002,tm_tw_refined_support_gated_offline_low_rank_best_beta,context_noise_refinement
tm_tw_refined,20265074,100,100,2,0.0,0.45,0.3,support_gated_offline_low_rank,1.0,0.25,beta,20.0,0.1,0.95,True,8815.916678769105,881591.6678769105,1138031.4778274368,77.4663693450656,256439.80995052622,0.58,0.8,0.07308790946845321,0.0007277648139447564,10.208016749999842,tm_tw_refined_support_gated_offline_low_rank_best_beta,context_noise_refinement
tm_tw_refined,20263497,100,100,2,0.0,0.45,0.3,support_offline,1.0,1.0,deterministic,20.0,0.1,0.95,True,6297.238591516142,629723.8591516142,861954.8518005338,73.05763844082863,232230.9926489196,0.43,0.62,0.0762764898869731,0.0007033962093588,3.0666302079998786,tm_tw_refined_support_offline,context_noise_refinement
tm_tw_refined,20263498,100,100,2,0.0,0.45,0.3,support_offline,1.0,1.0,deterministic,20.0,0.1,0.95,True,7652.984795053312,765298.4795053313,1051335.4920276832,72.79298428604557,286037.0125223519,0.48,0.76,0.074920897741485,0.0006927951764114,3.035134208000045,tm_tw_refined_support_offline,context_noise_refinement
tm_tw_refined,20263499,100,100,2,0.0,0.45,0.3,support_offline,1.0,1.0,deterministic,20.0,0.1,0.95,True,3623.0080928473344,362300.80928473343,877022.7616575152,41.31030859450088,514721.95237278176,0.28,0.51,0.0744249652645394,0.0006959259887714,3.0919374579998475,tm_tw_refined_support_offline,context_noise_refinement
tm_tw_refined,20263500,100,100,2,0.0,0.45,0.3,support_offline,1.0,1.0,deterministic,20.0,0.1,0.95,True,5938.565898784691,593856.5898784691,1057593.3915109853,56.15169257345919,463736.8016325162,0.4,0.64,0.0748457463750139,0.0007210613283871689,3.0833522080001785,tm_tw_refined_support_offline,context_noise_refinement
tm_tw_refined,20263501,100,100,2,0.0,0.45,0.3,support_offline,1.0,1.0,deterministic,20.0,0.1,0.95,True,4790.19462478191,479019.46247819095,892892.9085664753,53.648030786496975,413873.4460882843,0.37,0.63,0.07463878921469813,0.0006825347674373582,2.961960999999974,tm_tw_refined_support_offline,context_noise_refinement
tm_tw_refined,20263502,100,100,2,0.0,0.45,0.3,support_offline,1.0,1.0,deterministic,20.0,0.1,0.95,True,4552.871799777747,455287.1799777747,859378.9725452078,52.97862695306106,404091.79256743315,0.33,0.61,0.07424948964303056,0.0006772770649022994,2.8343760410002687,tm_tw_refined_support_offline,context_noise_refinement
tm_tw_refined,20263503,100,100,2,0.0,0.45,0.3,support_offline,1.0,1.0,deterministic,20.0,0.1,0.95,True,6879.468833841109,687946.8833841109,1202134.4778936154,57.227115271623695,514187.5945095045,0.4,0.6,0.0751191450325743,0.0007288983362898157,2.525802583999848,tm_tw_refined_support_offline,context_noise_refinement
tm_tw_refined,20263504,100,100,2,0.0,0.45,0.3,support_offline,1.0,1.0,deterministic,20.0,0.1,0.95,True,6871.6276952076805,687162.7695207681,862583.9428091693,79.66329251190224,175421.17328840122,0.49,0.69,0.07461944859073646,0.0007134469002550625,2.4331982079997942,tm_tw_refined_support_offline,context_noise_refinement
tm_tw_refined,20263505,100,100,2,0.0,0.45,0.3,support_offline,1.0,1.0,deterministic,20.0,0.1,0.95,True,7353.563126690263,735356.3126690263,1155799.7666378329,63.62315808456539,420443.45396880654,0.45,0.68,0.07499735882763553,0.0006607351323136552,2.354450709000048,tm_tw_refined_support_offline,context_noise_refinement
tm_tw_refined,20263506,100,100,2,0.0,0.45,0.3,support_offline,1.0,1.0,deterministic,20.0,0.1,0.95,True,7217.951418428815,721795.1418428815,998934.5342404995,72.25650101201776,277139.39239761804,0.44,0.68,0.07414497285518952,0.0007318715319711781,2.368109084000025,tm_tw_refined_support_offline,context_noise_refinement
tm_tw,20262669,100,100,2,0.0,0.45,0.3,support_offline,1.0,1.0,deterministic,20.0,0.1,0.95,True,5850.567298804675,585056.7298804675,956893.864625031,61.14123535630863,371837.1347445635,0.46,0.68,0.073314602999867,0.0006912364347702,3.0286326670000108,tm_tw_support_offline,context_noise_refinement
tm_tw,20262670,100,100,2,0.0,0.45,0.3,support_offline,1.0,1.0,deterministic,20.0,0.1,0.95,True,6704.814648918888,670481.4648918888,1086665.476403871,61.70081588592743,416184.01151198254,0.47,0.68,0.0743498347309871,0.0007209754940882,3.0700815830000465,tm_tw_support_offline,context_noise_refinement
tm_tw,20262671,100,100,2,0.0,0.45,0.3,support_offline,1.0,1.0,deterministic,20.0,0.1,0.95,True,5259.25358729962,525925.358729962,1030833.5837882408,51.01942418263318,504908.2250582789,0.37,0.54,0.0736996763814656,0.0007562593321717,3.085544208000101,tm_tw_support_offline,context_noise_refinement
tm_tw,20262672,100,100,2,0.0,0.45,0.3,support_offline,1.0,1.0,deterministic,20.0,0.1,0.95,True,3501.369177313503,350136.9177313503,966539.1400667402,36.22583951511504,616402.2223353899,0.21,0.46,0.07568733833128985,0.0006866015444088925,2.759788542000024,tm_tw_support_offline,context_noise_refinement
tm_tw,20262673,100,100,2,0.0,0.45,0.3,support_offline,1.0,1.0,deterministic,20.0,0.1,0.95,True,6123.38280526909,612338.2805269089,931272.6230566633,65.75284888296896,318934.3425297544,0.44,0.62,0.07498613827358827,0.0007209966945656533,2.7152691669998603,tm_tw_support_offline,context_noise_refinement
tm_tw,20262674,100,100,2,0.0,0.45,0.3,support_offline,1.0,1.0,deterministic,20.0,0.1,0.95,True,2258.153660105234,225815.36601052337,879813.6139927723,25.666273221862017,653998.2479822489,0.12,0.37,0.07463473619964814,0.0006782316781946483,2.842469749999964,tm_tw_support_offline,context_noise_refinement
tm_tw,20262675,100,100,2,0.0,0.45,0.3,support_offline,1.0,1.0,deterministic,20.0,0.1,0.95,True,7413.549308649795,741354.9308649795,1181827.748205397,62.72952483902374,440472.81734041753,0.39,0.53,0.07365666281092371,0.0007690731483038999,2.8063909999996213,tm_tw_support_offline,context_noise_refinement
tm_tw,20262676,100,100,2,0.0,0.45,0.3,support_offline,1.0,1.0,deterministic,20.0,0.1,0.95,True,5418.154824927444,541815.4824927443,954252.4417621718,56.779051200770304,412436.95926942746,0.35,0.58,0.07369174939859353,0.0007188189318376542,2.831766250000328,tm_tw_support_offline,context_noise_refinement
tm_tw,20262677,100,100,2,0.0,0.45,0.3,support_offline,1.0,1.0,deterministic,20.0,0.1,0.95,True,7468.699549031368,746869.9549031368,1201129.2057071016,62.18065062063464,454259.2508039648,0.39,0.6,0.07258848889476002,0.000699838962013436,2.642477875000168,tm_tw_support_offline,context_noise_refinement
tm_tw,20262678,100,100,2,0.0,0.45,0.3,support_offline,1.0,1.0,deterministic,20.0,0.1,0.95,True,2536.065026245669,253606.50262456687,1047540.266044256,24.20971401722257,793933.7634196891,0.1,0.28,0.07857258614599473,0.0007224015566984756,2.6168075420000605,tm_tw_support_offline,context_noise_refinement
tw,20261245,100,100,2,0.0,0.45,0.3,dense,1.0,1.0,deterministic,20.0,0.1,0.95,False,4739.453579893111,473945.3579893111,927912.527652296,51.07651247994641,453967.1696629848,0.28,0.53,0.3768957597735152,0.0096441712797797,3.368873375000021,tw_dense,context_noise_refinement
tw,20261246,100,100,2,0.0,0.45,0.3,dense,1.0,1.0,deterministic,20.0,0.1,0.95,False,5948.922899429278,594892.2899429278,1170835.2633536702,50.80922214786682,575942.9734107425,0.39,0.48,0.3771080653370232,0.0096496038461194,3.354690207999965,tw_dense,context_noise_refinement
tw,20261247,100,100,2,0.0,0.45,0.3,dense,1.0,1.0,deterministic,20.0,0.1,0.95,False,4644.042755712856,464404.2755712856,1082628.124973277,42.89601062994264,618223.8494019915,0.27,0.5,0.3756219499443569,0.0096113508220579,3.3721783329999653,tw_dense,context_noise_refinement
tw,20261248,100,100,2,0.0,0.45,0.3,dense,1.0,1.0,deterministic,20.0,0.1,0.95,False,4166.823563166144,416682.3563166144,1087112.5618349684,38.329274349777016,670430.205518354,0.23,0.43,0.37590843591945794,0.009618907211107615,2.6339805409998007,tw_dense,context_noise_refinement
tw,20261249,100,100,2,0.0,0.45,0.3,dense,1.0,1.0,deterministic,20.0,0.1,0.95,False,3767.158881482288,376715.8881482288,957074.2919360824,39.36119602441349,580358.4037878537,0.18,0.42,0.3763089989502815,0.009629156990728195,2.6243304169997828,tw_dense,context_noise_refinement
tw,20261250,100,100,2,0.0,0.45,0.3,dense,1.0,1.0,deterministic,20.0,0.1,0.95,False,4470.927429491613,447092.74294916133,1045733.3366052456,42.75399160559941,598640.5936560843,0.27,0.52,0.3760541161688456,0.009622634940169942,2.6273376250001093,tw_dense,context_noise_refinement
tw,20261251,100,100,2,0.0,0.45,0.3,dense,1.0,1.0,deterministic,20.0,0.1,0.95,False,6205.260901683734,620526.0901683734,1130550.9268124467,54.88705333407028,510024.83664407325,0.31,0.46,0.37668609752273696,0.00963866973040862,2.879423792000125,tw_dense,context_noise_refinement
tw,20261252,100,100,2,0.0,0.45,0.3,dense,1.0,1.0,deterministic,20.0,0.1,0.95,False,3667.1898351948657,366718.98351948656,961506.3415489149,38.14004834629896,594787.3580294284,0.24,0.46,0.3776097989630054,0.009662442422570113,3.092511166999884,tw_dense,context_noise_refinement
tw,20261253,100,100,2,0.0,0.45,0.3,dense,1.0,1.0,deterministic,20.0,0.1,0.95,False,4639.435393202517,463943.53932025173,1103580.3118453133,42.039852862587296,639636.7725250616,0.27,0.5,0.3754004596494576,0.009604004230959263,3.069896500000141,tw_dense,context_noise_refinement
tw,20261254,100,100,2,0.0,0.45,0.3,dense,1.0,1.0,deterministic,20.0,0.1,0.95,False,5465.323604160245,546532.3604160245,1042592.0198994422,52.42053938497797,496059.65948341775,0.34,0.52,0.37526740783153606,0.009602504307878396,3.268673542000215,tw_dense,context_noise_refinement
tw,20262069,100,100,2,0.0,0.45,0.3,gated_offline,1.0,1.0,deterministic,20.0,0.1,0.95,False,4518.08982770823,451808.9827708229,885255.0958251074,51.0371513139624,433446.1130542845,0.31,0.48,0.3181340718884326,0.0081405518625879,3.1672375830000874,tw_gated_offline,context_noise_refinement
tw,20262070,100,100,2,0.0,0.45,0.3,gated_offline,1.0,1.0,deterministic,20.0,0.1,0.95,False,5146.326352935353,514632.6352935353,1153949.03456747,44.59751859720848,639316.3992739348,0.23,0.49,0.3194242236254679,0.0081735648217582,3.175924957999996,tw_gated_offline,context_noise_refinement
tw,20262071,100,100,2,0.0,0.45,0.3,gated_offline,1.0,1.0,deterministic,20.0,0.1,0.95,False,4546.203259511854,454620.3259511855,998071.7623780454,45.54986355570155,543451.4364268598,0.25,0.43,0.3201674631586629,0.0081925831555393,3.1726798330000747,tw_gated_offline,context_noise_refinement
tw,20262072,100,100,2,0.0,0.45,0.3,gated_offline,1.0,1.0,deterministic,20.0,0.1,0.95,False,3660.4516444460937,366045.16444460937,1028662.5743813512,35.584571030471565,662617.4099367419,0.23,0.47,0.3197970327734321,0.008183104423052284,2.479537999999593,tw_gated_offline,context_noise_refinement
tw,20262073,100,100,2,0.0,0.45,0.3,gated_offline,1.0,1.0,deterministic,20.0,0.1,0.95,False,4200.264152139849,420026.4152139849,958282.4334739358,43.83117132715437,538256.0182599509,0.23,0.42,0.31985536456918806,0.008184597042204237,2.433111457999985,tw_gated_offline,context_noise_refinement
tw,20262074,100,100,2,0.0,0.45,0.3,gated_offline,1.0,1.0,deterministic,20.0,0.1,0.95,False,3363.138613063936,336313.86130639364,891850.4197026248,37.70967124941567,555536.5583962312,0.21,0.41,0.3204321937561829,0.00819935719626354,2.453474459000063,tw_gated_offline,context_noise_refinement
tw,20262075,100,100,2,0.0,0.45,0.3,gated_offline,1.0,1.0,deterministic,20.0,0.1,0.95,False,5144.1997352751405,514419.9735275141,1159463.7666386631,44.3670590085657,645043.793111149,0.26,0.59,0.31960543849893586,0.008177912482270315,2.4211631670000315,tw_gated_offline,context_noise_refinement
tw,20262076,100,100,2,0.0,0.45,0.3,gated_offline,1.0,1.0,deterministic,20.0,0.1,0.95,False,4360.929090868872,436092.90908688714,912714.4918304862,47.779772644157866,476621.5827435991,0.26,0.59,0.31987021330662957,0.008184976998103078,2.869315291000021,tw_gated_offline,context_noise_refinement
tw,20262077,100,100,2,0.0,0.45,0.3,gated_offline,1.0,1.0,deterministic,20.0,0.1,0.95,False,4488.622152751473,448862.21527514723,1184092.8316624027,37.90768791708407,735230.6163872555,0.2,0.38,0.319463869397012,0.008174579294862263,2.7654645419997905,tw_gated_offline,context_noise_refinement
tw,20262078,100,100,2,0.0,0.45,0.3,gated_offline,1.0,1.0,deterministic,20.0,0.1,0.95,False,4323.830596717788,432383.05967177876,938443.521974149,46.07448925239525,506060.4623023703,0.26,0.52,0.31912095686672676,0.00816580470111772,2.714377042000251,tw_gated_offline,context_noise_refinement
tw,20263025,100,100,2,0.0,0.45,0.3,gated_offline_low_rank,1.0,1.0,deterministic,20.0,0.1,0.95,False,3569.355946409333,356935.5946409333,923351.770871085,38.65651270741618,566416.1762301517,0.28,0.48,0.3192816993098911,0.0081699178480916,9.884604874999924,tw_gated_offline_low_rank,context_noise_refinement
tw,20263026,100,100,2,0.0,0.45,0.3,gated_offline_low_rank,1.0,1.0,deterministic,20.0,0.1,0.95,False,3894.982330763117,389498.2330763117,1089402.1161293385,35.75339420674201,699903.8830530266,0.31,0.56,0.3204422571122353,0.0081996147017591,9.989327499999945,tw_gated_offline_low_rank,context_noise_refinement
tw,20263027,100,100,2,0.0,0.45,0.3,gated_offline_low_rank,1.0,1.0,deterministic,20.0,0.1,0.95,False,2677.9829024359524,267798.29024359526,1053004.6363101956,25.43182442025895,785206.3460666003,0.24,0.49,0.3203377906397645,0.0081968373229638,9.970285583000075,tw_gated_offline_low_rank,context_noise_refinement
tw,20263028,100,100,2,0.0,0.45,0.3,gated_offline_low_rank,1.0,1.0,deterministic,20.0,0.1,0.95,False,4393.759926743659,439375.9926743659,962349.2635767784,45.65660403181796,522973.2709024125,0.31,0.48,0.3201076646576133,0.00819105300569966,10.037452999999914,tw_gated_offline_low_rank,context_noise_refinement
tw,20263029,100,100,2,0.0,0.45,0.3,gated_offline_low_rank,1.0,1.0,deterministic,20.0,0.1,0.95,False,4487.017073888597,448701.70738885977,975645.1303881578,45.99025746280771,526943.422999298,0.3,0.56,0.31932983085394184,0.008171149458802983,9.41981804199986,tw_gated_offline_low_rank,context_noise_refinement
tw,20263030,100,100,2,0.0,0.45,0.3,gated_offline_low_rank,1.0,1.0,deterministic,20.0,0.1,0.95,False,5208.836195529243,520883.6195529243,1004051.0291494152,51.87820184738941,483167.4095964909,0.33,0.57,0.3194485501187566,0.008174187298562102,8.903841625000041,tw_gated_offline_low_rank,context_noise_refinement
tw,20263031,100,100,2,0.0,0.45,0.3,gated_offline_low_rank,1.0,1.0,deterministic,20.0,0.1,0.95,False,5431.664636296539,543166.4636296539,1218064.0080781751,44.59260433174162,674897.5444485212,0.24,0.47,0.3198017894626391,0.008183226139267571,8.875629124999705,tw_gated_offline_low_rank,context_noise_refinement
tw,20263032,100,100,2,0.0,0.45,0.3,gated_offline_low_rank,1.0,1.0,deterministic,20.0,0.1,0.95,False,4793.179819639669,479317.9819639669,855819.1520458097,56.00692398834168,376501.17008184275,0.32,0.51,0.3193858223438843,0.00817255833107477,9.16360854200002,tw_gated_offline_low_rank,context_noise_refinement
tw,20263033,100,100,2,0.0,0.45,0.3,gated_offline_low_rank,1.0,1.0,deterministic,20.0,0.1,0.95,False,6023.293948360116,602329.3948360116,1170459.4644866479,51.460935906925016,568130.0696506363,0.41,0.58,0.3191072952824974,0.008165455122607364,9.946293666000201,tw_gated_offline_low_rank,context_noise_refinement
tw,20263034,100,100,2,0.0,0.45,0.3,gated_offline_low_rank,1.0,1.0,deterministic,20.0,0.1,0.95,False,4865.598443819263,486559.84438192623,1059045.1214839644,45.94325912196683,572485.2771020381,0.34,0.52,0.32008723180197246,0.008190530160975554,9.153833875000146,tw_gated_offline_low_rank,context_noise_refinement
tw,20262349,100,100,2,0.0,0.45,0.3,support_offline,1.0,1.0,deterministic,20.0,0.1,0.95,True,3572.1496393565403,357214.963935654,848765.2234134794,42.08642791690292,491550.25947782537,0.32,0.51,0.0768799502454784,0.0007229672235536,3.0683658749999267,tw_support_offline,context_noise_refinement
tw,20262350,100,100,2,0.0,0.45,0.3,support_offline,1.0,1.0,deterministic,20.0,0.1,0.95,True,3461.1804205601225,346118.04205601226,1154544.249886009,29.978759332107483,808426.2078299967,0.16,0.43,0.0760128642049775,0.0007264243060116,3.0815329160000147,tw_support_offline,context_noise_refinement
tw,20262351,100,100,2,0.0,0.45,0.3,support_offline,1.0,1.0,deterministic,20.0,0.1,0.95,True,3757.06102234827,375706.102234827,1044519.4285816406,35.96927849824686,668813.3263468136,0.23,0.45,0.076228855056208,0.0006295236275681,3.0276414170000407,tw_support_offline,context_noise_refinement
tw,20262352,100,100,2,0.0,0.45,0.3,support_offline,1.0,1.0,deterministic,20.0,0.1,0.95,True,6041.341315773365,604134.1315773365,990854.5152818292,60.971022714217774,386720.3837044927,0.45,0.58,0.0746147381590457,0.000735359213351795,2.6166762089997064,tw_support_offline,context_noise_refinement
tw,20262353,100,100,2,0.0,0.45,0.3,support_offline,1.0,1.0,deterministic,20.0,0.1,0.95,True,2512.5104323036553,251251.04323036553,907603.6181819307,27.682904540823657,656352.5749515652,0.15,0.43,0.0754685642148982,0.0007295430291008149,2.646537625000292,tw_support_offline,context_noise_refinement
tw,20262354,100,100,2,0.0,0.45,0.3,support_offline,1.0,1.0,deterministic,20.0,0.1,0.95,True,6055.390515474154,605539.0515474154,1028237.8070119317,58.89095376750611,422698.75546451623,0.42,0.57,0.0740530664163875,0.0006480347257593132,2.5034870419999606,tw_support_offline,context_noise_refinement
tw,20262355,100,100,2,0.0,0.45,0.3,support_offline,1.0,1.0,deterministic,20.0,0.1,0.95,True,2535.9498718633067,253594.98718633066,1329032.6720306054,19.0811702769404,1075437.6848442748,0.15,0.38,0.07443286802359446,0.0007562384942639003,2.6757214169997496,tw_support_offline,context_noise_refinement
tw,20262356,100,100,2,0.0,0.45,0.3,support_offline,1.0,1.0,deterministic,20.0,0.1,0.95,True,4789.950056749486,478995.0056749486,1084257.7108102066,44.1772284300401,605262.7051352579,0.31,0.53,0.07660489452740625,0.0007676020732883243,3.1061852919997364,tw_support_offline,context_noise_refinement
tw,20262357,100,100,2,0.0,0.45,0.3,support_offline,1.0,1.0,deterministic,20.0,0.1,0.95,True,7024.997063504416,702499.7063504416,1085530.4449756173,64.71487829769903,383030.7386251758,0.5,0.68,0.07707830087317942,0.0007431615550087782,2.9554668329997185,tw_support_offline,context_noise_refinement
tw,20262358,100,100,2,0.0,0.45,0.3,support_offline,1.0,1.0,deterministic,20.0,0.1,0.95,True,4839.985246384363,483998.52463843627,1002909.6100841665,48.25943632126708,518911.08544573025,0.31,0.54,0.07675859019474314,0.0007180416164090416,2.8360615829997187,tw_support_offline,context_noise_refinement
